timestamp,mode,algorithm,stage,run_name,episode,total_steps,episode_steps,reward,outcome,outcome_label,success,collision,timeout,episode_duration_sec,distance_traveled,replay_buffer_size,actor_loss_avg,critic_loss_avg,checkpoint_saved,source_model_dir
2026-05-15T13:24:25,train,redq,9,redq_0_stage_9,1,2142,334,-4613.704851388931,2,COLL_WALL,0,0,0,17.299766008999995,1.8829245567321777,2142,tensor(186.1134),tensor(3149.0781),1,/workspace/models/redq/redq_0_stage_9
2026-05-15T13:24:41,train,redq,9,redq_0_stage_9,2,2409,267,-3818.3608968257904,2,COLL_WALL,0,0,0,14.393640123000068,2.483959197998047,2409,tensor(199.1683),tensor(3092.8757),0,/workspace/models/redq/redq_0_stage_9
2026-05-15T13:24:53,train,redq,9,redq_0_stage_9,3,2624,215,-3266.2139896154404,2,COLL_WALL,0,0,0,11.523060988999987,2.1034843921661377,2624,tensor(210.3287),tensor(3330.8289),0,/workspace/models/redq/redq_0_stage_9
2026-05-15T13:25:27,train,redq,9,redq_0_stage_9,4,3256,632,-7095.231707811356,2,COLL_WALL,0,0,0,33.6404957929999,4.7038140296936035,3256,tensor(232.0220),tensor(2990.2346),0,/workspace/models/redq/redq_0_stage_9
2026-05-15T13:25:29,train,redq,9,redq_0_stage_9,5,3286,30,-2476.7809410095215,2,COLL_WALL,0,0,0,1.5990216029999829,1.4992159605026245,3286,tensor(251.7913),tensor(3704.7996),0,/workspace/models/redq/redq_0_stage_9
2026-05-15T13:25:32,train,redq,9,redq_0_stage_9,6,3324,38,-2707.24988591671,2,COLL_WALL,0,0,0,2.068809801000043,0.10822299867868423,3324,tensor(251.9468),tensor(3885.5535),0,/workspace/models/redq/redq_0_stage_9
2026-05-15T13:25:35,train,redq,9,redq_0_stage_9,7,3354,30,-2269.2111537456512,2,COLL_WALL,0,0,0,1.6650815870000315,0.11016201227903366,3354,tensor(255.6116),tensor(4021.8945),0,/workspace/models/redq/redq_0_stage_9
2026-05-15T13:25:50,train,redq,9,redq_0_stage_9,8,3630,276,-3932.1955881118774,2,COLL_WALL,0,0,0,14.67041111200001,1.809403657913208,3630,tensor(266.1319),tensor(5244.6250),0,/workspace/models/redq/redq_0_stage_9
2026-05-15T13:26:08,train,redq,9,redq_0_stage_9,9,3940,310,-3547.0496298074722,2,COLL_WALL,0,0,0,16.73551072800001,3.4582138061523438,3940,tensor(287.1568),tensor(4680.5312),0,/workspace/models/redq/redq_0_stage_9
2026-05-15T13:26:11,train,redq,9,redq_0_stage_9,10,3984,44,-2576.7712445259094,2,COLL_WALL,0,0,0,2.3267341219998343,1.2234233617782593,3984,tensor(297.4838),tensor(3296.1982),0,/workspace/models/redq/redq_0_stage_9
2026-05-15T13:26:13,train,redq,9,redq_0_stage_9,11,4014,30,-2455.5637110471725,2,COLL_WALL,0,0,0,1.63886327299997,0.24630703032016754,4014,tensor(301.2593),tensor(3232.0999),0,/workspace/models/redq/redq_0_stage_9
2026-05-15T13:26:17,train,redq,9,redq_0_stage_9,12,4075,61,-3150.463988304138,2,COLL_WALL,0,0,0,3.2770041179999225,0.22099249064922333,4075,tensor(306.5476),tensor(5546.6348),0,/workspace/models/redq/redq_0_stage_9
2026-05-15T13:26:19,train,redq,9,redq_0_stage_9,13,4105,30,-2815.132978439331,2,COLL_WALL,0,0,0,1.6149175900000046,0.21938495337963104,4105,tensor(312.4288),tensor(4649.3057),0,/workspace/models/redq/redq_0_stage_9
2026-05-15T13:26:24,train,redq,9,redq_0_stage_9,14,4182,77,-2880.372772216797,2,COLL_WALL,0,0,0,4.153223827999909,0.27729806303977966,4182,tensor(316.1745),tensor(5353.3853),0,/workspace/models/redq/redq_0_stage_9
2026-05-15T13:26:32,train,redq,9,redq_0_stage_9,15,4325,143,-3294.3856909275055,2,COLL_WALL,0,0,0,7.683211138999923,0.8431636691093445,4325,tensor(324.4827),tensor(4671.9150),0,/workspace/models/redq/redq_0_stage_9
2026-05-15T13:26:49,train,redq,9,redq_0_stage_9,16,4627,302,-4481.622872471809,2,COLL_WALL,0,0,0,16.31974852799999,2.176480770111084,4627,tensor(343.7686),tensor(5413.0664),0,/workspace/models/redq/redq_0_stage_9
2026-05-15T13:27:09,train,redq,9,redq_0_stage_9,17,4963,336,-4084.73310315609,2,COLL_WALL,0,0,0,18.29317878300003,3.044919729232788,4963,tensor(371.6037),tensor(4111.5381),0,/workspace/models/redq/redq_0_stage_9
2026-05-15T13:27:20,train,redq,9,redq_0_stage_9,18,5155,192,1259.073152422905,1,SUCCESS,1,0,0,10.357168716999922,2.1075055599212646,5155,tensor(391.5215),tensor(4250.3628),0,/workspace/models/redq/redq_0_stage_9
2026-05-15T13:27:24,train,redq,9,redq_0_stage_9,19,5232,77,-3570.642867565155,2,COLL_WALL,0,0,0,4.138115521999907,0.241317480802536,5232,tensor(400.1062),tensor(5095.3145),0,/workspace/models/redq/redq_0_stage_9
2026-05-15T13:27:28,train,redq,9,redq_0_stage_9,20,5283,51,-2761.509306907654,2,COLL_WALL,0,0,0,2.6987610219998714,1.2314033508300781,5283,tensor(408.1038),tensor(7155.7036),0,/workspace/models/redq/redq_0_stage_9
2026-05-15T13:27:30,train,redq,9,redq_0_stage_9,21,5313,30,-2164.6452090740204,2,COLL_WALL,0,0,0,1.5989005169999473,0.16306324303150177,5313,tensor(412.9215),tensor(7907.9771),0,/workspace/models/redq/redq_0_stage_9
2026-05-15T13:27:57,train,redq,9,redq_0_stage_9,22,5787,474,-5614.76516520977,2,COLL_WALL,0,0,0,25.73183858099992,2.6047780513763428,5787,tensor(428.7336),tensor(5766.6797),0,/workspace/models/redq/redq_0_stage_9
2026-05-15T13:28:10,train,redq,9,redq_0_stage_9,23,6002,215,-3942.68543446064,2,COLL_WALL,0,0,0,11.525803763000113,1.7978013753890991,6002,tensor(452.7313),tensor(5470.7075),0,/workspace/models/redq/redq_0_stage_9
2026-05-15T13:28:12,train,redq,9,redq_0_stage_9,24,6034,32,-2300.8922197818756,2,COLL_WALL,0,0,0,1.754493643999922,0.7117519974708557,6034,tensor(464.2054),tensor(4696.7700),0,/workspace/models/redq/redq_0_stage_9
2026-05-15T13:28:14,train,redq,9,redq_0_stage_9,25,6064,30,-2808.9183673858643,2,COLL_WALL,0,0,0,1.6642631409999922,0.14653505384922028,6064,tensor(462.4927),tensor(5240.0913),0,/workspace/models/redq/redq_0_stage_9
2026-05-15T13:28:25,train,redq,9,redq_0_stage_9,26,6261,197,-3589.3154389858246,2,COLL_WALL,0,0,0,10.629052481999906,1.2590224742889404,6261,tensor(471.5746),tensor(4745.1426),0,/workspace/models/redq/redq_0_stage_9
2026-05-15T13:28:50,train,redq,9,redq_0_stage_9,27,6709,448,-5539.966884016991,2,COLL_WALL,0,0,0,24.039919026000007,3.4660468101501465,6709,tensor(492.4457),tensor(3831.8804),0,/workspace/models/redq/redq_0_stage_9
2026-05-15T13:29:12,train,redq,9,redq_0_stage_9,28,7081,372,-4020.825047016144,2,COLL_WALL,0,0,0,19.905699277000167,3.6383466720581055,7081,tensor(516.0939),tensor(3549.0696),0,/workspace/models/redq/redq_0_stage_9
2026-05-15T13:29:16,train,redq,9,redq_0_stage_9,29,7151,70,-2483.0515036582947,2,COLL_WALL,0,0,0,3.8167964819999725,2.8324358463287354,7151,tensor(530.2404),tensor(3058.2195),0,/workspace/models/redq/redq_0_stage_9
2026-05-15T13:29:22,train,redq,9,redq_0_stage_9,30,7252,101,-2670.591721057892,2,COLL_WALL,0,0,0,5.410160294999969,1.1845893859863281,7252,tensor(533.3846),tensor(3617.1528),0,/workspace/models/redq/redq_0_stage_9
2026-05-15T13:29:25,train,redq,9,redq_0_stage_9,31,7292,40,-2288.636818885803,2,COLL_WALL,0,0,0,2.1463441189998775,0.24459442496299744,7292,tensor(535.2404),tensor(4941.7979),0,/workspace/models/redq/redq_0_stage_9
2026-05-15T13:29:43,train,redq,9,redq_0_stage_9,32,7605,313,-3936.1355205774307,2,COLL_WALL,0,0,0,16.842155678999916,2.2277586460113525,7605,tensor(544.5410),tensor(3540.9873),0,/workspace/models/redq/redq_0_stage_9
2026-05-15T13:29:52,train,redq,9,redq_0_stage_9,33,7770,165,-3607.981029987335,2,COLL_WALL,0,0,0,8.850037819000136,2.5239250659942627,7770,tensor(557.6344),tensor(3128.2168),0,/workspace/models/redq/redq_0_stage_9
2026-05-15T13:30:02,train,redq,9,redq_0_stage_9,34,7952,182,-3211.8806822299957,2,COLL_WALL,0,0,0,9.7028975300002,1.4403138160705566,7952,tensor(570.4861),tensor(3522.8201),0,/workspace/models/redq/redq_0_stage_9
2026-05-15T13:30:05,train,redq,9,redq_0_stage_9,35,8002,50,-2471.3122133016586,2,COLL_WALL,0,0,0,2.738982246999967,0.8942936062812805,8002,tensor(575.8522),tensor(2996.4619),0,/workspace/models/redq/redq_0_stage_9
2026-05-15T13:30:08,train,redq,9,redq_0_stage_9,36,8032,30,-2501.729063272476,2,COLL_WALL,0,0,0,1.6035581930000262,0.20485341548919678,8032,tensor(575.5798),tensor(3358.2061),0,/workspace/models/redq/redq_0_stage_9
2026-05-15T13:30:24,train,redq,9,redq_0_stage_9,37,8314,282,-4689.450934052467,2,COLL_WALL,0,0,0,15.164946905000079,1.5845342874526978,8314,tensor(588.2094),tensor(3485.3081),0,/workspace/models/redq/redq_0_stage_9
2026-05-15T13:30:53,train,redq,9,redq_0_stage_9,38,8818,504,-4168.375853419304,2,COLL_WALL,0,0,0,27.228001694000113,4.80158805847168,8818,tensor(607.2799),tensor(3186.7881),0,/workspace/models/redq/redq_0_stage_9
2026-05-15T13:31:00,train,redq,9,redq_0_stage_9,39,8954,136,-2957.0970287323,2,COLL_WALL,0,0,0,7.222794839999779,1.6943073272705078,8954,tensor(618.4240),tensor(3083.5808),0,/workspace/models/redq/redq_0_stage_9
2026-05-15T13:31:08,train,redq,9,redq_0_stage_9,40,9093,139,-2804.8526787757874,2,COLL_WALL,0,0,0,7.487571197000079,1.3295369148254395,9093,tensor(619.5994),tensor(2953.9617),0,/workspace/models/redq/redq_0_stage_9
2026-05-15T13:31:13,train,redq,9,redq_0_stage_9,41,9148,55,-2512.293126821518,2,COLL_WALL,0,0,0,2.954114652999806,0.3044893443584442,9148,tensor(622.6434),tensor(4153.6445),0,/workspace/models/redq/redq_0_stage_9
2026-05-15T13:31:15,train,redq,9,redq_0_stage_9,42,9188,40,-2371.524143218994,2,COLL_WALL,0,0,0,2.180820304000008,0.364681214094162,9188,tensor(629.5148),tensor(2947.1306),0,/workspace/models/redq/redq_0_stage_9
2026-05-15T13:31:17,train,redq,9,redq_0_stage_9,43,9218,30,-2766.8564834594727,2,COLL_WALL,0,0,0,1.6303224800001317,0.15877097845077515,9218,tensor(629.8951),tensor(3543.0391),0,/workspace/models/redq/redq_0_stage_9
2026-05-15T13:31:20,train,redq,9,redq_0_stage_9,44,9263,45,-2388.38340818882,2,COLL_WALL,0,0,0,2.445121194999956,0.11732217669487,9263,tensor(629.4330),tensor(3045.4243),0,/workspace/models/redq/redq_0_stage_9
2026-05-15T13:31:36,train,redq,9,redq_0_stage_9,45,9540,277,-4132.295011043549,2,COLL_WALL,0,0,0,15.039634431999957,1.7826133966445923,9540,tensor(632.8424),tensor(3697.4521),0,/workspace/models/redq/redq_0_stage_9
2026-05-15T13:32:18,train,redq,9,redq_0_stage_9,46,10271,731,-3322.699031352997,4,TIMEOUT,0,0,1,39.66521990699994,5.471427917480469,10271,tensor(649.9942),tensor(3584.8762),0,/workspace/models/redq/redq_0_stage_9
2026-05-15T13:32:29,train,redq,9,redq_0_stage_9,47,10478,207,-3326.552347421646,2,COLL_WALL,0,0,0,11.147512829999869,4.014359951019287,10478,tensor(660.),tensor(3392.2449),0,/workspace/models/redq/redq_0_stage_9
2026-05-15T13:32:52,train,redq,9,redq_0_stage_9,48,10881,403,-4274.544139146805,2,COLL_WALL,0,0,0,21.811941413000113,3.868866443634033,10881,tensor(673.6204),tensor(3643.5515),0,/workspace/models/redq/redq_0_stage_9
2026-05-15T13:33:08,train,redq,9,redq_0_stage_9,49,11154,273,-4118.456348180771,2,COLL_WALL,0,0,0,14.86365280300015,2.170851469039917,11154,tensor(681.0628),tensor(3377.5261),0,/workspace/models/redq/redq_0_stage_9
2026-05-15T13:33:10,train,redq,9,redq_0_stage_9,50,11193,39,-2353.613494873047,2,COLL_WALL,0,0,0,2.120010424999691,0.6918937563896179,11193,tensor(683.3149),tensor(3954.3689),0,/workspace/models/redq/redq_0_stage_9
2026-05-15T13:33:14,train,redq,9,redq_0_stage_9,51,11243,50,-2497.261334657669,2,COLL_WALL,0,0,0,2.7848376189999726,0.37478163838386536,11243,tensor(690.9512),tensor(4143.9199),0,/workspace/models/redq/redq_0_stage_9
2026-05-15T13:33:17,train,redq,9,redq_0_stage_9,52,11273,30,-2223.039689540863,2,COLL_WALL,0,0,0,1.6482759510004144,0.22704201936721802,11273,tensor(685.4977),tensor(3021.6460),0,/workspace/models/redq/redq_0_stage_9
2026-05-15T13:33:37,train,redq,9,redq_0_stage_9,53,11636,363,-3991.214059472084,2,COLL_WALL,0,0,0,19.592928323999786,2.515209913253784,11636,tensor(700.6703),tensor(3734.4329),0,/workspace/models/redq/redq_0_stage_9
2026-05-15T13:33:40,train,redq,9,redq_0_stage_9,54,11680,44,-2266.8079158067703,2,COLL_WALL,0,0,0,2.3546942829998443,1.420339584350586,11680,tensor(709.3699),tensor(2619.1279),0,/workspace/models/redq/redq_0_stage_9
2026-05-15T13:33:42,train,redq,9,redq_0_stage_9,55,11710,30,-2173.728185415268,2,COLL_WALL,0,0,0,1.6512806350001483,0.22984829545021057,11710,tensor(713.1760),tensor(3587.6226),0,/workspace/models/redq/redq_0_stage_9
2026-05-15T13:33:52,train,redq,9,redq_0_stage_9,56,11886,176,-3517.9488422870636,2,COLL_WALL,0,0,0,9.456491975000063,0.8215993046760559,11886,tensor(712.3218),tensor(3478.5896),0,/workspace/models/redq/redq_0_stage_9
2026-05-15T13:33:56,train,redq,9,redq_0_stage_9,57,11948,62,-2484.72177529335,2,COLL_WALL,0,0,0,3.363952939000228,1.0229947566986084,11948,tensor(716.9985),tensor(4688.1743),0,/workspace/models/redq/redq_0_stage_9
2026-05-15T13:33:58,train,redq,9,redq_0_stage_9,58,11978,30,-2364.6190551519394,2,COLL_WALL,0,0,0,1.6096015089997309,0.4638272225856781,11978,tensor(714.7121),tensor(3272.5796),0,/workspace/models/redq/redq_0_stage_9
2026-05-15T13:34:00,train,redq,9,redq_0_stage_9,59,12008,30,-2834.4400539398193,2,COLL_WALL,0,0,0,1.6113807239999005,0.005030856002122164,12008,tensor(717.0999),tensor(4830.4902),0,/workspace/models/redq/redq_0_stage_9
2026-05-15T13:34:42,train,redq,9,redq_0_stage_9,60,12750,742,-4824.6418868899345,4,TIMEOUT,0,0,1,40.054065306999746,5.055580139160156,12750,tensor(734.7764),tensor(3703.1213),0,/workspace/models/redq/redq_0_stage_9
2026-05-15T13:34:56,train,redq,9,redq_0_stage_9,61,12984,234,-3911.965579032898,2,COLL_WALL,0,0,0,12.826136045999647,2.9002561569213867,12984,tensor(737.4498),tensor(3134.1926),0,/workspace/models/redq/redq_0_stage_9
2026-05-15T13:35:03,train,redq,9,redq_0_stage_9,62,13103,119,-2791.9731475114822,2,COLL_WALL,0,0,0,6.461608132000038,1.3038032054901123,13103,tensor(748.6761),tensor(3281.8862),0,/workspace/models/redq/redq_0_stage_9
2026-05-15T13:35:06,train,redq,9,redq_0_stage_9,63,13146,43,-2468.996834397316,2,COLL_WALL,0,0,0,2.3261366719998477,0.6630245447158813,13146,tensor(750.4910),tensor(5377.8052),0,/workspace/models/redq/redq_0_stage_9
2026-05-15T13:35:16,train,redq,9,redq_0_stage_9,64,13315,169,-3834.525142788887,2,COLL_WALL,0,0,0,9.150520959000005,1.2297359704971313,13315,tensor(753.6036),tensor(3446.4541),0,/workspace/models/redq/redq_0_stage_9
2026-05-15T13:35:31,train,redq,9,redq_0_stage_9,65,13583,268,1555.848250567913,1,SUCCESS,1,0,0,14.447414667999965,3.0200939178466797,13583,tensor(757.6165),tensor(3019.2373),0,/workspace/models/redq/redq_0_stage_9
2026-05-15T13:35:45,train,redq,9,redq_0_stage_9,66,13834,251,-3296.9219601154327,2,COLL_WALL,0,0,0,13.710203407000336,2.072683095932007,13834,tensor(762.6763),tensor(3621.6489),0,/workspace/models/redq/redq_0_stage_9
2026-05-15T13:35:51,train,redq,9,redq_0_stage_9,67,13919,85,-2687.85564994812,2,COLL_WALL,0,0,0,4.596615692999876,2.0511701107025146,13919,tensor(764.2498),tensor(3658.9797),0,/workspace/models/redq/redq_0_stage_9
2026-05-15T13:36:33,train,redq,9,redq_0_stage_9,68,14655,736,-3965.790930390358,4,TIMEOUT,0,0,1,39.940896490999876,5.876683712005615,14655,tensor(773.1530),tensor(3234.9263),0,/workspace/models/redq/redq_0_stage_9
2026-05-15T13:36:43,train,redq,9,redq_0_stage_9,69,14843,188,-3551.612369775772,2,COLL_WALL,0,0,0,10.13775948600005,1.4888575077056885,14843,tensor(780.8651),tensor(3026.8586),0,/workspace/models/redq/redq_0_stage_9
2026-05-15T13:37:22,train,redq,9,redq_0_stage_9,70,15525,682,-6256.682038784027,2,COLL_WALL,0,0,0,36.81728191299999,5.930789470672607,15525,tensor(783.5694),tensor(3158.7002),0,/workspace/models/redq/redq_0_stage_9
2026-05-15T13:38:03,train,redq,9,redq_0_stage_9,71,16255,730,-2534.6391434669495,4,TIMEOUT,0,0,1,39.611728216999836,7.546152114868164,16255,tensor(787.2663),tensor(3134.5664),0,/workspace/models/redq/redq_0_stage_9
2026-05-15T13:38:10,train,redq,9,redq_0_stage_9,72,16381,126,-2558.0085673332214,2,COLL_WALL,0,0,0,6.726824946999841,2.706264019012451,16381,tensor(792.1293),tensor(3368.1704),0,/workspace/models/redq/redq_0_stage_9
2026-05-15T13:38:18,train,redq,9,redq_0_stage_9,73,16517,136,-2855.96757376194,2,COLL_WALL,0,0,0,7.264904235999893,1.4076883792877197,16517,tensor(791.3378),tensor(2746.7898),0,/workspace/models/redq/redq_0_stage_9
2026-05-15T13:38:27,train,redq,9,redq_0_stage_9,74,16661,144,-2962.59082698822,2,COLL_WALL,0,0,0,7.695572497000285,1.354088544845581,16661,tensor(794.7215),tensor(2555.8069),0,/workspace/models/redq/redq_0_stage_9
2026-05-15T13:38:29,train,redq,9,redq_0_stage_9,75,16691,30,-2615.115179538727,2,COLL_WALL,0,0,0,1.5855295119999937,0.6806074976921082,16691,tensor(795.0343),tensor(3874.0742),0,/workspace/models/redq/redq_0_stage_9
2026-05-15T13:38:33,train,redq,9,redq_0_stage_9,76,16757,66,-2929.666248321533,2,COLL_WALL,0,0,0,3.551518681000289,0.31194332242012024,16757,tensor(796.1136),tensor(3619.6404),0,/workspace/models/redq/redq_0_stage_9
2026-05-15T13:38:36,train,redq,9,redq_0_stage_9,77,16793,36,-2128.559378504753,2,COLL_WALL,0,0,0,1.932489555000302,0.5185464024543762,16793,tensor(798.6203),tensor(3092.9856),0,/workspace/models/redq/redq_0_stage_9
2026-05-15T13:38:45,train,redq,9,redq_0_stage_9,78,16955,162,1454.1400905251503,1,SUCCESS,1,0,0,8.64330462099997,1.0820749998092651,16955,tensor(797.3011),tensor(2898.7041),0,/workspace/models/redq/redq_0_stage_9
2026-05-15T13:38:55,train,redq,9,redq_0_stage_9,79,17123,168,-3879.1731379032135,2,COLL_WALL,0,0,0,8.899780403000022,1.1253913640975952,17123,tensor(802.4796),tensor(3207.9490),0,/workspace/models/redq/redq_0_stage_9
2026-05-15T13:39:09,train,redq,9,redq_0_stage_9,80,17379,256,-24.329753816127777,1,SUCCESS,1,0,0,13.583891023999968,3.985713005065918,17379,tensor(801.3370),tensor(3205.3423),0,/workspace/models/redq/redq_0_stage_9
2026-05-15T13:39:14,train,redq,9,redq_0_stage_9,81,17467,88,-2582.07537984848,2,COLL_WALL,0,0,0,4.711618396999711,0.5082475543022156,17467,tensor(799.8322),tensor(3741.4919),0,/workspace/models/redq/redq_0_stage_9
2026-05-15T13:39:44,train,redq,9,redq_0_stage_9,82,17998,531,1019.7665600180626,1,SUCCESS,1,0,0,28.22381847800034,5.78014612197876,17998,tensor(802.5181),tensor(3192.4709),0,/workspace/models/redq/redq_0_stage_9
2026-05-15T13:40:03,train,redq,9,redq_0_stage_9,83,18334,336,1886.6020927131176,1,SUCCESS,1,0,0,17.875665389000005,2.986889362335205,18334,tensor(800.6129),tensor(3453.8926),0,/workspace/models/redq/redq_0_stage_9
2026-05-15T13:40:45,train,redq,9,redq_0_stage_9,84,19083,749,-2885.529010474682,4,TIMEOUT,0,0,1,40.32769518299983,5.144834041595459,19083,tensor(797.6799),tensor(4434.9209),0,/workspace/models/redq/redq_0_stage_9
2026-05-15T13:41:11,train,redq,9,redq_0_stage_9,85,19559,476,-3761.2818742990494,2,COLL_WALL,0,0,0,25.4455325859999,5.233996868133545,19559,tensor(799.2894),tensor(4158.1001),0,/workspace/models/redq/redq_0_stage_9
2026-05-15T13:41:49,train,redq,9,redq_0_stage_9,86,20247,688,-4587.672440469265,2,COLL_WALL,0,0,0,36.737617511999815,6.064878940582275,20247,tensor(798.3915),tensor(4159.3525),0,/workspace/models/redq/redq_0_stage_9
2026-05-15T13:42:00,train,redq,9,redq_0_stage_9,87,20422,175,-3386.3460574150085,2,COLL_WALL,0,0,0,9.318804097000339,2.816531181335449,20422,tensor(800.3710),tensor(3228.3513),0,/workspace/models/redq/redq_0_stage_9
2026-05-15T13:42:13,train,redq,9,redq_0_stage_9,88,20655,233,-2828.6106954216957,2,COLL_WALL,0,0,0,12.404170726000302,2.8945846557617188,20655,tensor(799.3064),tensor(3751.2947),0,/workspace/models/redq/redq_0_stage_9
2026-05-15T13:42:27,train,redq,9,redq_0_stage_9,89,20915,260,-3196.449542760849,2,COLL_WALL,0,0,0,13.803218495000237,3.340364694595337,20915,tensor(801.6548),tensor(4186.4092),0,/workspace/models/redq/redq_0_stage_9
2026-05-15T13:43:06,train,redq,9,redq_0_stage_9,90,21597,682,-4367.376859784126,2,COLL_WALL,0,0,0,36.583394327000406,7.203412055969238,21597,tensor(800.0497),tensor(3532.9526),0,/workspace/models/redq/redq_0_stage_9
2026-05-15T13:43:21,train,redq,9,redq_0_stage_9,91,21861,264,1410.231431901455,1,SUCCESS,1,0,0,14.096020818000397,4.503992557525635,21861,tensor(798.5764),tensor(4229.2310),0,/workspace/models/redq/redq_0_stage_9
2026-05-15T13:43:26,train,redq,9,redq_0_stage_9,92,21960,99,-3446.128053188324,2,COLL_WALL,0,0,0,5.364104765999855,0.6924195289611816,21960,tensor(794.9350),tensor(3584.0540),0,/workspace/models/redq/redq_0_stage_9
2026-05-15T13:43:33,train,redq,9,redq_0_stage_9,93,22054,94,-2335.315846800804,2,COLL_WALL,0,0,0,4.971616269999686,1.8743466138839722,22054,tensor(794.3293),tensor(2576.4331),0,/workspace/models/redq/redq_0_stage_9
2026-05-15T13:43:45,train,redq,9,redq_0_stage_9,94,22272,218,-3689.1402933597565,2,COLL_WALL,0,0,0,11.7773974859997,1.3218302726745605,22272,tensor(795.1844),tensor(4012.7405),0,/workspace/models/redq/redq_0_stage_9
2026-05-15T13:43:52,train,redq,9,redq_0_stage_9,95,22402,130,-2561.89285248518,2,COLL_WALL,0,0,0,6.844603973000176,2.050689935684204,22402,tensor(795.2713),tensor(3206.8760),0,/workspace/models/redq/redq_0_stage_9
2026-05-15T13:44:03,train,redq,9,redq_0_stage_9,96,22573,171,-3134.924414038658,2,COLL_WALL,0,0,0,9.10191906099999,2.023381471633911,22573,tensor(796.8969),tensor(4840.3848),0,/workspace/models/redq/redq_0_stage_9
2026-05-15T13:44:31,train,redq,9,redq_0_stage_9,97,23089,516,-3980.608836054802,2,COLL_WALL,0,0,0,27.561586924999574,4.867845058441162,23089,tensor(798.4894),tensor(3692.4680),0,/workspace/models/redq/redq_0_stage_9
2026-05-15T13:44:52,train,redq,9,redq_0_stage_9,98,23461,372,-3574.6907240748405,2,COLL_WALL,0,0,0,20.143128774999695,3.6920154094696045,23461,tensor(799.7554),tensor(3587.0747),0,/workspace/models/redq/redq_0_stage_9
2026-05-15T13:45:27,train,redq,9,redq_0_stage_9,99,24080,619,-4424.265382766724,2,COLL_WALL,0,0,0,33.09519720000026,6.350133419036865,24080,tensor(794.6100),tensor(3890.2375),0,/workspace/models/redq/redq_0_stage_9
2026-05-15T13:45:30,train,redq,9,redq_0_stage_9,100,24132,52,-2412.0748765468597,2,COLL_WALL,0,0,0,2.783370704999925,3.003389596939087,24132,tensor(792.7045),tensor(3760.6060),1,/workspace/models/redq/redq_0_stage_9
2026-05-15T13:45:32,train,redq,9,redq_0_stage_9,101,24162,30,-2506.9786838293076,2,COLL_WALL,0,0,0,1.6115068260000953,0.18017803132534027,24162,tensor(795.0187),tensor(3911.2788),0,/workspace/models/redq/redq_0_stage_9
2026-05-15T13:45:50,train,redq,9,redq_0_stage_9,102,24475,313,969.2858827114105,1,SUCCESS,1,0,0,16.825208675999875,2.2350568771362305,24475,tensor(794.4924),tensor(3807.4373),0,/workspace/models/redq/redq_0_stage_9
2026-05-15T13:45:56,train,redq,9,redq_0_stage_9,103,24564,89,-2488.095177769661,2,COLL_WALL,0,0,0,4.85416040400014,0.7382475733757019,24564,tensor(792.2053),tensor(2672.7422),0,/workspace/models/redq/redq_0_stage_9
2026-05-15T13:45:58,train,redq,9,redq_0_stage_9,104,24594,30,-2186.597235918045,2,COLL_WALL,0,0,0,1.599008880999918,1.6224185228347778,24594,tensor(792.0908),tensor(2501.3940),0,/workspace/models/redq/redq_0_stage_9
2026-05-15T13:46:17,train,redq,9,redq_0_stage_9,105,24930,336,-3423.3348004817963,2,COLL_WALL,0,0,0,18.08766403100026,2.402984380722046,24930,tensor(792.4238),tensor(3994.9722),0,/workspace/models/redq/redq_0_stage_9
2026-05-15T13:46:25,train,redq,9,redq_0_stage_9,106,25064,134,2190.0029992461205,1,SUCCESS,1,0,0,7.1871309180000935,3.2191884517669678,25064,tensor(792.3209),tensor(3477.3018),0,/workspace/models/redq/redq_0_stage_9
2026-05-15T13:46:43,train,redq,9,redq_0_stage_9,107,25378,314,1292.9331208467484,1,SUCCESS,1,0,0,16.798045754999748,2.556530475616455,25378,tensor(791.9095),tensor(5088.4302),0,/workspace/models/redq/redq_0_stage_9
2026-05-15T13:47:08,train,redq,9,redq_0_stage_9,108,25828,450,-3889.5916229486465,2,COLL_WALL,0,0,0,24.025442741000006,3.3046228885650635,25828,tensor(788.4258),tensor(4328.9204),0,/workspace/models/redq/redq_0_stage_9
2026-05-15T13:47:19,train,redq,9,redq_0_stage_9,109,26014,186,-2950.209825396538,2,COLL_WALL,0,0,0,9.991311069000403,2.667495012283325,26014,tensor(787.0542),tensor(4131.2563),0,/workspace/models/redq/redq_0_stage_9
2026-05-15T13:47:49,train,redq,9,redq_0_stage_9,110,26558,544,1006.3390378952026,1,SUCCESS,1,0,0,29.16721600200026,5.29074764251709,26558,tensor(786.5973),tensor(4269.3696),0,/workspace/models/redq/redq_0_stage_9
2026-05-15T13:48:00,train,redq,9,redq_0_stage_9,111,26743,185,-3533.3320702314377,2,COLL_WALL,0,0,0,9.877051739999843,1.1554577350616455,26743,tensor(787.2511),tensor(4111.9316),0,/workspace/models/redq/redq_0_stage_9
2026-05-15T13:48:14,train,redq,9,redq_0_stage_9,112,26976,233,1807.140953719616,1,SUCCESS,1,0,0,12.960383259000082,2.9902913570404053,26976,tensor(785.0184),tensor(3737.2151),0,/workspace/models/redq/redq_0_stage_9
2026-05-15T13:48:27,train,redq,9,redq_0_stage_9,113,27195,219,-3075.7296006679535,2,COLL_WALL,0,0,0,11.791315113999644,1.4274598360061646,27195,tensor(783.0840),tensor(6490.9346),0,/workspace/models/redq/redq_0_stage_9
2026-05-15T13:48:36,train,redq,9,redq_0_stage_9,114,27354,159,1850.824280321598,1,SUCCESS,1,0,0,8.487270100999922,1.9553674459457397,27354,tensor(783.7050),tensor(4464.3291),0,/workspace/models/redq/redq_0_stage_9
2026-05-15T13:49:06,train,redq,9,redq_0_stage_9,115,27907,553,-5120.846714019775,2,COLL_WALL,0,0,0,29.60391046099994,4.17860221862793,27907,tensor(780.6179),tensor(5023.5391),0,/workspace/models/redq/redq_0_stage_9
2026-05-15T13:49:24,train,redq,9,redq_0_stage_9,116,28219,312,-3175.4565927386284,2,COLL_WALL,0,0,0,16.89666495499978,3.3740241527557373,28219,tensor(777.6323),tensor(4650.1406),0,/workspace/models/redq/redq_0_stage_9
2026-05-15T13:49:33,train,redq,9,redq_0_stage_9,117,28367,148,-3673.486381292343,2,COLL_WALL,0,0,0,8.508038813999974,2.4642462730407715,28367,tensor(774.3634),tensor(5757.5298),0,/workspace/models/redq/redq_0_stage_9
2026-05-15T13:49:48,train,redq,9,redq_0_stage_9,118,28618,251,1755.3844489455223,1,SUCCESS,1,0,0,13.51755814299986,2.2490246295928955,28618,tensor(777.0633),tensor(4927.6738),0,/workspace/models/redq/redq_0_stage_9
2026-05-15T13:50:21,train,redq,9,redq_0_stage_9,119,29215,597,-3803.01385307312,2,COLL_WALL,0,0,0,31.912592978000248,5.3104329109191895,29215,tensor(772.7325),tensor(4249.9395),0,/workspace/models/redq/redq_0_stage_9
2026-05-15T13:50:57,train,redq,9,redq_0_stage_9,120,29843,628,-4309.179462492466,2,COLL_WALL,0,0,0,33.67459656099982,5.902187824249268,29843,tensor(767.6595),tensor(4503.0186),0,/workspace/models/redq/redq_0_stage_9
2026-05-15T13:51:03,train,redq,9,redq_0_stage_9,121,29955,112,-2856.1791813373566,2,COLL_WALL,0,0,0,6.031806390999918,3.0195093154907227,29955,tensor(762.8188),tensor(4099.2217),0,/workspace/models/redq/redq_0_stage_9
2026-05-15T13:51:14,train,redq,9,redq_0_stage_9,122,30128,173,-2956.4383412599564,2,COLL_WALL,0,0,0,9.324317296000117,1.5506460666656494,30128,tensor(759.4923),tensor(3837.2544),0,/workspace/models/redq/redq_0_stage_9
2026-05-15T13:51:17,train,redq,9,redq_0_stage_9,123,30187,59,-2560.9440298080444,2,COLL_WALL,0,0,0,3.165893250999943,1.0996699333190918,30187,tensor(756.7874),tensor(3242.0874),0,/workspace/models/redq/redq_0_stage_9
2026-05-15T13:51:40,train,redq,9,redq_0_stage_9,124,30595,408,1186.7833577692509,1,SUCCESS,1,0,0,22.012784804000148,3.405938148498535,30595,tensor(758.1274),tensor(4089.9482),0,/workspace/models/redq/redq_0_stage_9
2026-05-15T13:51:52,train,redq,9,redq_0_stage_9,125,30803,208,-3091.9843789339066,2,COLL_WALL,0,0,0,11.171169730999736,1.7527555227279663,30803,tensor(754.1810),tensor(3417.3911),0,/workspace/models/redq/redq_0_stage_9
2026-05-15T13:52:04,train,redq,9,redq_0_stage_9,126,31010,207,-2819.9204498529434,2,COLL_WALL,0,0,0,11.19807739099997,2.9033608436584473,31010,tensor(752.7936),tensor(3484.0813),0,/workspace/models/redq/redq_0_stage_9
2026-05-15T13:52:17,train,redq,9,redq_0_stage_9,127,31222,212,-3977.601258158684,2,COLL_WALL,0,0,0,11.520965058000002,2.4020979404449463,31222,tensor(748.1041),tensor(4018.1758),0,/workspace/models/redq/redq_0_stage_9
2026-05-15T13:52:28,train,redq,9,redq_0_stage_9,128,31413,191,-3211.995934009552,2,COLL_WALL,0,0,0,10.209211915000196,2.5821471214294434,31413,tensor(748.8766),tensor(4405.5908),0,/workspace/models/redq/redq_0_stage_9
2026-05-15T13:52:31,train,redq,9,redq_0_stage_9,129,31462,49,-2555.60451066494,2,COLL_WALL,0,0,0,2.5850194780000493,1.0837403535842896,31462,tensor(755.6274),tensor(4284.9727),0,/workspace/models/redq/redq_0_stage_9
2026-05-15T13:52:33,train,redq,9,redq_0_stage_9,130,31494,32,-2163.924548625946,2,COLL_WALL,0,0,0,1.7114285880002171,0.41928839683532715,31494,tensor(757.7336),tensor(3278.8445),0,/workspace/models/redq/redq_0_stage_9
2026-05-15T13:52:43,train,redq,9,redq_0_stage_9,131,31662,168,-3412.2069113254547,2,COLL_WALL,0,0,0,8.95849231000011,1.1975969076156616,31662,tensor(748.0935),tensor(3973.7896),0,/workspace/models/redq/redq_0_stage_9
2026-05-15T13:53:03,train,redq,9,redq_0_stage_9,132,32019,357,1269.649775505066,1,SUCCESS,1,0,0,19.083488352999666,3.6504178047180176,32019,tensor(745.5445),tensor(3934.8000),0,/workspace/models/redq/redq_0_stage_9
2026-05-15T13:53:09,train,redq,9,redq_0_stage_9,133,32129,110,-2571.0997821092606,2,COLL_WALL,0,0,0,5.936870365999766,0.9035956859588623,32129,tensor(744.0231),tensor(5818.2651),0,/workspace/models/redq/redq_0_stage_9
2026-05-15T13:53:12,train,redq,9,redq_0_stage_9,134,32159,30,-2604.4761593341827,2,COLL_WALL,0,0,0,1.6294469109998317,0.40876585245132446,32159,tensor(735.3802),tensor(2942.0061),0,/workspace/models/redq/redq_0_stage_9
2026-05-15T13:53:14,train,redq,9,redq_0_stage_9,135,32189,30,-2709.162229537964,2,COLL_WALL,0,0,0,1.647568049000256,0.004396580159664154,32189,tensor(734.6500),tensor(4223.5854),0,/workspace/models/redq/redq_0_stage_9
2026-05-15T13:53:17,train,redq,9,redq_0_stage_9,136,32225,36,-2725.9226241111755,2,COLL_WALL,0,0,0,1.9290525100000195,0.23972481489181519,32225,tensor(748.5372),tensor(4790.5376),0,/workspace/models/redq/redq_0_stage_9
2026-05-15T13:53:19,train,redq,9,redq_0_stage_9,137,32258,33,-2495.7842561006546,2,COLL_WALL,0,0,0,1.7679028299999118,0.4630142152309418,32258,tensor(743.4758),tensor(3474.2673),0,/workspace/models/redq/redq_0_stage_9
2026-05-15T13:54:01,train,redq,9,redq_0_stage_9,138,33006,748,-3579.4083218574524,4,TIMEOUT,0,0,1,40.25702274200012,4.562130451202393,33006,tensor(742.0482),tensor(4303.2520),0,/workspace/models/redq/redq_0_stage_9
2026-05-15T13:54:19,train,redq,9,redq_0_stage_9,139,33315,309,1266.71842867136,1,SUCCESS,1,0,0,16.507691929999964,4.259293079376221,33315,tensor(739.3981),tensor(4293.1655),0,/workspace/models/redq/redq_0_stage_9
2026-05-15T13:54:50,train,redq,9,redq_0_stage_9,140,33880,565,-5312.136801958084,2,COLL_WALL,0,0,0,30.363627785000062,4.045899868011475,33880,tensor(732.7527),tensor(4290.0723),0,/workspace/models/redq/redq_0_stage_9
2026-05-15T13:55:03,train,redq,9,redq_0_stage_9,141,34107,227,-3136.252162694931,2,COLL_WALL,0,0,0,12.171939248000399,3.7188260555267334,34107,tensor(738.1836),tensor(3610.8528),0,/workspace/models/redq/redq_0_stage_9
2026-05-15T13:55:39,train,redq,9,redq_0_stage_9,142,34754,647,312.5999994277954,1,SUCCESS,1,0,0,34.650857392000034,6.134148597717285,34754,tensor(727.9849),tensor(3948.1633),0,/workspace/models/redq/redq_0_stage_9
2026-05-15T13:55:45,train,redq,9,redq_0_stage_9,143,34850,96,-2545.91475379467,2,COLL_WALL,0,0,0,5.129653812000015,0.7670212984085083,34850,tensor(720.6870),tensor(3586.9783),0,/workspace/models/redq/redq_0_stage_9
2026-05-15T13:56:02,train,redq,9,redq_0_stage_9,144,35148,298,-3747.277884066105,2,COLL_WALL,0,0,0,16.018334584999593,4.91518497467041,35148,tensor(718.7958),tensor(4099.0186),0,/workspace/models/redq/redq_0_stage_9
2026-05-15T13:56:44,train,redq,9,redq_0_stage_9,145,35895,747,-2300.000332534313,4,TIMEOUT,0,0,1,40.283939508,8.410820960998535,35895,tensor(707.6751),tensor(3953.3538),0,/workspace/models/redq/redq_0_stage_9
2026-05-15T13:56:49,train,redq,9,redq_0_stage_9,146,35981,86,-2323.2777874469757,2,COLL_WALL,0,0,0,4.646025722999639,1.183817982673645,35981,tensor(703.7358),tensor(3204.8428),0,/workspace/models/redq/redq_0_stage_9
2026-05-15T13:56:58,train,redq,9,redq_0_stage_9,147,36120,139,-2909.2997081279755,2,COLL_WALL,0,0,0,7.439193945999705,1.5357658863067627,36120,tensor(700.2411),tensor(3884.9380),0,/workspace/models/redq/redq_0_stage_9
2026-05-15T13:57:14,train,redq,9,redq_0_stage_9,148,36423,303,-3567.007218182087,2,COLL_WALL,0,0,0,16.241868885000258,2.918325424194336,36423,tensor(705.7548),tensor(3683.6196),0,/workspace/models/redq/redq_0_stage_9
2026-05-15T13:57:30,train,redq,9,redq_0_stage_9,149,36701,278,860.3923823833466,1,SUCCESS,1,0,0,14.902119663000121,3.0922398567199707,36701,tensor(695.4577),tensor(3544.7783),0,/workspace/models/redq/redq_0_stage_9
2026-05-15T13:57:34,train,redq,9,redq_0_stage_9,150,36750,49,-2432.4925022125244,2,COLL_WALL,0,0,0,2.6280432080002356,0.3650798201560974,36750,tensor(695.2241),tensor(4479.6777),0,/workspace/models/redq/redq_0_stage_9
2026-05-15T13:57:51,train,redq,9,redq_0_stage_9,151,37067,317,1973.0427531301975,1,SUCCESS,1,0,0,16.999198275999788,4.660778045654297,37067,tensor(687.4155),tensor(4121.7856),0,/workspace/models/redq/redq_0_stage_9
2026-05-15T13:58:00,train,redq,9,redq_0_stage_9,152,37210,143,-2984.823178768158,2,COLL_WALL,0,0,0,7.697437490999619,1.0125941038131714,37210,tensor(686.4620),tensor(3784.0996),0,/workspace/models/redq/redq_0_stage_9
2026-05-15T13:58:03,train,redq,9,redq_0_stage_9,153,37253,43,-2542.6017084121704,2,COLL_WALL,0,0,0,2.290277434000018,3.5151476860046387,37253,tensor(692.4869),tensor(4884.9409),0,/workspace/models/redq/redq_0_stage_9
2026-05-15T13:58:05,train,redq,9,redq_0_stage_9,154,37283,30,-2393.907175421715,2,COLL_WALL,0,0,0,1.8384141980000095,0.22145098447799683,37283,tensor(685.0883),tensor(3839.9265),0,/workspace/models/redq/redq_0_stage_9
2026-05-15T13:58:08,train,redq,9,redq_0_stage_9,155,37313,30,-2776.1252670288086,2,COLL_WALL,0,0,0,1.6533920490001037,0.0003612948930822313,37313,tensor(685.6562),tensor(5036.0986),0,/workspace/models/redq/redq_0_stage_9
2026-05-15T13:58:10,train,redq,9,redq_0_stage_9,156,37343,30,-2521.0999546051025,2,COLL_WALL,0,0,0,1.589053464999779,0.005956889595836401,37343,tensor(697.1010),tensor(3390.6792),0,/workspace/models/redq/redq_0_stage_9
2026-05-15T13:58:15,train,redq,9,redq_0_stage_9,157,37428,85,-2625.552648305893,2,COLL_WALL,0,0,0,4.586477496000043,0.49729499220848083,37428,tensor(683.5697),tensor(3426.4380),0,/workspace/models/redq/redq_0_stage_9
2026-05-15T13:58:18,train,redq,9,redq_0_stage_9,158,37479,51,-2671.3025579452515,2,COLL_WALL,0,0,0,2.7490632569997615,0.3144766092300415,37479,tensor(689.7354),tensor(4077.2629),0,/workspace/models/redq/redq_0_stage_9
2026-05-15T13:58:40,train,redq,9,redq_0_stage_9,159,37859,380,-4310.860843479633,2,COLL_WALL,0,0,0,20.339376079999965,2.7895922660827637,37859,tensor(679.8705),tensor(3892.0171),0,/workspace/models/redq/redq_0_stage_9
2026-05-15T13:58:49,train,redq,9,redq_0_stage_9,160,38022,163,1967.2368449568748,1,SUCCESS,1,0,0,8.784072256999934,3.8630924224853516,38022,tensor(680.7521),tensor(3899.8374),0,/workspace/models/redq/redq_0_stage_9
2026-05-15T13:59:01,train,redq,9,redq_0_stage_9,161,38223,201,-2670.637142777443,2,COLL_WALL,0,0,0,10.846141070999693,1.6947824954986572,38223,tensor(670.5715),tensor(4662.8960),0,/workspace/models/redq/redq_0_stage_9
2026-05-15T13:59:23,train,redq,9,redq_0_stage_9,162,38625,402,412.7075903713703,1,SUCCESS,1,0,0,21.55164514199987,3.7954399585723877,38625,tensor(671.6194),tensor(4033.4353),0,/workspace/models/redq/redq_0_stage_9
2026-05-15T13:59:31,train,redq,9,redq_0_stage_9,163,38735,110,-3532.9573616981506,2,COLL_WALL,0,0,0,5.975055645999873,0.9249126315116882,38735,tensor(669.5365),tensor(3578.1921),0,/workspace/models/redq/redq_0_stage_9
2026-05-15T13:59:42,train,redq,9,redq_0_stage_9,164,38935,200,-3219.0174956917763,2,COLL_WALL,0,0,0,10.73423892100027,3.9450135231018066,38935,tensor(669.8344),tensor(3773.9858),0,/workspace/models/redq/redq_0_stage_9
2026-05-15T13:59:55,train,redq,9,redq_0_stage_9,165,39166,231,-2769.447718113661,2,COLL_WALL,0,0,0,12.362451018000229,3.0005345344543457,39166,tensor(660.4052),tensor(3897.2424),0,/workspace/models/redq/redq_0_stage_9
2026-05-15T14:00:03,train,redq,9,redq_0_stage_9,166,39303,137,-2945.7661888599396,2,COLL_WALL,0,0,0,7.317221760999928,2.5258514881134033,39303,tensor(655.7570),tensor(4091.1128),0,/workspace/models/redq/redq_0_stage_9
2026-05-15T14:00:08,train,redq,9,redq_0_stage_9,167,39371,68,-2443.707567870617,2,COLL_WALL,0,0,0,3.7775953249997656,1.2818758487701416,39371,tensor(660.5687),tensor(4219.5630),0,/workspace/models/redq/redq_0_stage_9
2026-05-15T14:00:10,train,redq,9,redq_0_stage_9,168,39407,36,-2341.997684955597,2,COLL_WALL,0,0,0,1.938476154,0.5997394919395447,39407,tensor(652.3220),tensor(5352.7603),0,/workspace/models/redq/redq_0_stage_9
2026-05-15T14:00:13,train,redq,9,redq_0_stage_9,169,39450,43,-2493.9552948474884,2,COLL_WALL,0,0,0,2.3099799789997633,0.38120314478874207,39450,tensor(656.2836),tensor(4171.7944),0,/workspace/models/redq/redq_0_stage_9
2026-05-15T14:00:15,train,redq,9,redq_0_stage_9,170,39480,30,-2233.187605381012,2,COLL_WALL,0,0,0,1.6713768360000358,0.24851880967617035,39480,tensor(655.9612),tensor(3644.4019),0,/workspace/models/redq/redq_0_stage_9
2026-05-15T14:00:41,train,redq,9,redq_0_stage_9,171,39935,455,-172.97226214408875,1,SUCCESS,1,0,0,24.51694642800021,3.2465732097625732,39935,tensor(656.3683),tensor(4325.5967),0,/workspace/models/redq/redq_0_stage_9
2026-05-15T14:01:04,train,redq,9,redq_0_stage_9,172,40331,396,-3241.98386156559,2,COLL_WALL,0,0,0,21.413690592999956,3.0997047424316406,40331,tensor(648.5534),tensor(3931.3176),0,/workspace/models/redq/redq_0_stage_9
2026-05-15T14:01:19,train,redq,9,redq_0_stage_9,173,40594,263,1295.1306612491608,1,SUCCESS,1,0,0,14.199163725999824,2.8802223205566406,40594,tensor(651.2431),tensor(4274.0029),0,/workspace/models/redq/redq_0_stage_9
2026-05-15T14:01:33,train,redq,9,redq_0_stage_9,174,40829,235,-2908.704048514366,2,COLL_WALL,0,0,0,12.65029374400001,2.043907403945923,40829,tensor(644.1692),tensor(4170.4028),0,/workspace/models/redq/redq_0_stage_9
2026-05-15T14:01:38,train,redq,9,redq_0_stage_9,175,40926,97,2284.2760073542595,1,SUCCESS,1,0,0,5.277945248999913,2.7150392532348633,40926,tensor(641.6677),tensor(4751.8408),0,/workspace/models/redq/redq_0_stage_9
2026-05-15T14:01:49,train,redq,9,redq_0_stage_9,176,41112,186,2171.228790938854,1,SUCCESS,1,0,0,10.109048970000003,1.2694505453109741,41112,tensor(636.5388),tensor(4786.0498),0,/workspace/models/redq/redq_0_stage_9
2026-05-15T14:01:59,train,redq,9,redq_0_stage_9,177,41279,167,-3284.9212729930878,2,COLL_WALL,0,0,0,9.02713020300007,1.5972234010696411,41279,tensor(646.0728),tensor(4493.0503),0,/workspace/models/redq/redq_0_stage_9
2026-05-15T14:02:11,train,redq,9,redq_0_stage_9,178,41484,205,-4887.5725111961365,2,COLL_WALL,0,0,0,11.098674258999836,2.9437198638916016,41484,tensor(631.4829),tensor(4481.0718),0,/workspace/models/redq/redq_0_stage_9
2026-05-15T14:02:25,train,redq,9,redq_0_stage_9,179,41743,259,-5125.019713163376,2,COLL_WALL,0,0,0,13.982633398999951,2.4966559410095215,41743,tensor(637.8629),tensor(5002.0513),0,/workspace/models/redq/redq_0_stage_9
2026-05-15T14:02:40,train,redq,9,redq_0_stage_9,180,41974,231,707.371710062027,1,SUCCESS,1,0,0,12.542059807999976,2.932985305786133,41974,tensor(638.4171),tensor(4545.1567),0,/workspace/models/redq/redq_0_stage_9
2026-05-15T14:03:04,train,redq,9,redq_0_stage_9,181,42393,419,938.3895561993122,1,SUCCESS,1,0,0,22.61095547199966,3.0169267654418945,42393,tensor(639.1975),tensor(4423.1733),0,/workspace/models/redq/redq_0_stage_9
2026-05-15T14:03:18,train,redq,9,redq_0_stage_9,182,42648,255,-2917.284392595291,2,COLL_WALL,0,0,0,13.833059689000038,1.8836820125579834,42648,tensor(629.0740),tensor(5205.6743),0,/workspace/models/redq/redq_0_stage_9
2026-05-15T14:03:34,train,redq,9,redq_0_stage_9,183,42914,266,1408.642416626215,1,SUCCESS,1,0,0,14.3861905939998,3.230943202972412,42914,tensor(629.8926),tensor(4223.3896),0,/workspace/models/redq/redq_0_stage_9
2026-05-15T14:04:03,train,redq,9,redq_0_stage_9,184,43432,518,-4557.093490898609,2,COLL_WALL,0,0,0,28.200551751000148,4.447936534881592,43432,tensor(619.3508),tensor(4456.7402),0,/workspace/models/redq/redq_0_stage_9
2026-05-15T14:04:06,train,redq,9,redq_0_stage_9,185,43472,40,-2515.623884677887,2,COLL_WALL,0,0,0,2.201520933000211,1.2552781105041504,43472,tensor(619.4481),tensor(4560.0073),0,/workspace/models/redq/redq_0_stage_9
2026-05-15T14:04:08,train,redq,9,redq_0_stage_9,186,43502,30,-2240.2992610931396,2,COLL_WALL,0,0,0,1.6342789389996142,0.21003460884094238,43502,tensor(635.7991),tensor(3541.6467),0,/workspace/models/redq/redq_0_stage_9
2026-05-15T14:04:17,train,redq,9,redq_0_stage_9,187,43656,154,-3090.228561758995,2,COLL_WALL,0,0,0,8.337592515999859,1.1221668720245361,43656,tensor(623.0531),tensor(5252.0957),0,/workspace/models/redq/redq_0_stage_9
2026-05-15T14:04:35,train,redq,9,redq_0_stage_9,188,43963,307,-4436.455638408661,2,COLL_WALL,0,0,0,16.671525688999736,3.557706356048584,43963,tensor(622.7811),tensor(4400.7881),0,/workspace/models/redq/redq_0_stage_9
2026-05-15T14:04:54,train,redq,9,redq_0_stage_9,189,44307,344,1122.6255009770393,1,SUCCESS,1,0,0,18.51910639000016,4.7271647453308105,44307,tensor(618.7071),tensor(4526.6499),0,/workspace/models/redq/redq_0_stage_9
2026-05-15T14:05:07,train,redq,9,redq_0_stage_9,190,44517,210,-2996.6839572787285,2,COLL_WALL,0,0,0,11.445164550999834,1.8145033121109009,44517,tensor(608.7148),tensor(4096.6494),0,/workspace/models/redq/redq_0_stage_9
2026-05-15T14:05:40,train,redq,9,redq_0_stage_9,191,45087,570,-5257.397689640522,2,COLL_WALL,0,0,0,31.082651942999746,6.279112339019775,45087,tensor(612.4472),tensor(4400.2388),0,/workspace/models/redq/redq_0_stage_9
2026-05-15T14:05:57,train,redq,9,redq_0_stage_9,192,45397,310,1956.0920888781548,1,SUCCESS,1,0,0,16.902473050000026,3.1579434871673584,45397,tensor(609.4282),tensor(4427.2280),0,/workspace/models/redq/redq_0_stage_9
2026-05-15T14:06:05,train,redq,9,redq_0_stage_9,193,45534,137,-2970.9093899726868,2,COLL_WALL,0,0,0,7.487453794999965,1.0581541061401367,45534,tensor(603.0713),tensor(4131.5742),0,/workspace/models/redq/redq_0_stage_9
2026-05-15T14:06:25,train,redq,9,redq_0_stage_9,194,45877,343,1218.0931481719017,1,SUCCESS,1,0,0,18.72375162299977,5.938309669494629,45877,tensor(605.4825),tensor(4375.3472),0,/workspace/models/redq/redq_0_stage_9
2026-05-15T14:06:34,train,redq,9,redq_0_stage_9,195,46036,159,-3159.696019411087,2,COLL_WALL,0,0,0,8.597030912000264,1.1242318153381348,46036,tensor(600.1660),tensor(4328.4341),0,/workspace/models/redq/redq_0_stage_9
2026-05-15T14:06:57,train,redq,9,redq_0_stage_9,196,46430,394,349.168672144413,1,SUCCESS,1,0,0,21.330694159999894,6.740223407745361,46430,tensor(603.2768),tensor(3983.1597),0,/workspace/models/redq/redq_0_stage_9
2026-05-15T14:07:16,train,redq,9,redq_0_stage_9,197,46767,337,1171.661978006363,1,SUCCESS,1,0,0,18.308484575999955,2.8360557556152344,46767,tensor(599.0233),tensor(4617.4253),0,/workspace/models/redq/redq_0_stage_9
2026-05-15T14:07:25,train,redq,9,redq_0_stage_9,198,46908,141,-2624.3144240379333,2,COLL_WALL,0,0,0,7.631793722000111,1.2672687768936157,46908,tensor(593.1489),tensor(4751.3916),0,/workspace/models/redq/redq_0_stage_9
2026-05-15T14:07:35,train,redq,9,redq_0_stage_9,199,47086,178,-3014.8825672268867,2,COLL_WALL,0,0,0,9.718814179999754,2.7329156398773193,47086,tensor(593.7985),tensor(4419.2568),0,/workspace/models/redq/redq_0_stage_9
2026-05-15T14:07:49,train,redq,9,redq_0_stage_9,200,47313,227,1452.6772748231888,1,SUCCESS,1,0,0,12.358705417000238,2.7179877758026123,47313,tensor(595.2701),tensor(4242.4868),1,/workspace/models/redq/redq_0_stage_9
2026-05-15T14:08:02,train,redq,9,redq_0_stage_9,201,47547,234,2085.2060186564922,1,SUCCESS,1,0,0,12.713664812000388,2.187453508377075,47547,tensor(592.6008),tensor(4389.9185),0,/workspace/models/redq/redq_0_stage_9
2026-05-15T14:08:14,train,redq,9,redq_0_stage_9,202,47730,183,-3669.14404964447,2,COLL_WALL,0,0,0,10.016627519000394,0.9541674852371216,47730,tensor(579.0519),tensor(4667.2534),0,/workspace/models/redq/redq_0_stage_9
2026-05-15T14:08:31,train,redq,9,redq_0_stage_9,203,48044,314,1787.960918366909,1,SUCCESS,1,0,0,17.026650496000002,6.208767890930176,48044,tensor(587.0792),tensor(4374.4932),0,/workspace/models/redq/redq_0_stage_9
2026-05-15T14:08:47,train,redq,9,redq_0_stage_9,204,48303,259,-3560.178163290024,2,COLL_WALL,0,0,0,14.10396356199999,1.80580735206604,48303,tensor(584.4166),tensor(3751.0234),0,/workspace/models/redq/redq_0_stage_9
2026-05-15T14:08:52,train,redq,9,redq_0_stage_9,205,48403,100,2219.5221806764603,1,SUCCESS,1,0,0,5.395150288999503,4.53073787689209,48403,tensor(595.2305),tensor(3621.1772),0,/workspace/models/redq/redq_0_stage_9
2026-05-15T14:09:02,train,redq,9,redq_0_stage_9,206,48579,176,-2882.6163942813873,2,COLL_WALL,0,0,0,9.542450848000044,1.5810270309448242,48579,tensor(577.3801),tensor(4428.2583),0,/workspace/models/redq/redq_0_stage_9
2026-05-15T14:09:12,train,redq,9,redq_0_stage_9,207,48735,156,-2518.4172892570496,2,COLL_WALL,0,0,0,8.461155552000491,3.046393394470215,48735,tensor(581.7699),tensor(4626.7446),0,/workspace/models/redq/redq_0_stage_9
2026-05-15T14:09:27,train,redq,9,redq_0_stage_9,208,49002,267,1912.3782215118408,1,SUCCESS,1,0,0,14.577732920999551,3.2761454582214355,49002,tensor(586.8503),tensor(3886.7395),0,/workspace/models/redq/redq_0_stage_9
2026-05-15T14:10:05,train,redq,9,redq_0_stage_9,209,49658,656,-6014.406503140926,2,COLL_WALL,0,0,0,35.816696586000035,5.829078197479248,49658,tensor(574.6036),tensor(4261.8203),0,/workspace/models/redq/redq_0_stage_9
2026-05-15T14:10:14,train,redq,9,redq_0_stage_9,210,49804,146,-3448.3490645885468,2,COLL_WALL,0,0,0,7.870460783999988,2.880685329437256,49804,tensor(571.3040),tensor(3892.5603),0,/workspace/models/redq/redq_0_stage_9
2026-05-15T14:10:20,train,redq,9,redq_0_stage_9,211,49915,111,-2798.421497941017,2,COLL_WALL,0,0,0,6.0222376850006185,1.8567451238632202,49915,tensor(574.6720),tensor(4016.6062),0,/workspace/models/redq/redq_0_stage_9
2026-05-15T14:10:23,train,redq,9,redq_0_stage_9,212,49945,30,-2421.911064863205,2,COLL_WALL,0,0,0,1.611251989000266,0.6287786960601807,49945,tensor(566.0281),tensor(3846.5728),0,/workspace/models/redq/redq_0_stage_9
2026-05-15T14:10:25,train,redq,9,redq_0_stage_9,213,49975,30,-2592.5220923423767,2,COLL_WALL,0,0,0,1.653612059999432,0.34761670231819153,49975,tensor(569.3516),tensor(4126.5283),0,/workspace/models/redq/redq_0_stage_9
2026-05-15T14:10:28,train,redq,9,redq_0_stage_9,214,50026,51,-2564.039668560028,2,COLL_WALL,0,0,0,2.768975870999384,0.22489093244075775,50026,tensor(573.0861),tensor(4730.8760),0,/workspace/models/redq/redq_0_stage_9
2026-05-15T14:10:30,train,redq,9,redq_0_stage_9,215,50062,36,-2117.2736666202545,2,COLL_WALL,0,0,0,1.936368482999569,0.45746591687202454,50062,tensor(577.0249),tensor(3349.4634),0,/workspace/models/redq/redq_0_stage_9
2026-05-15T14:10:35,train,redq,9,redq_0_stage_9,216,50135,73,-2924.691384077072,2,COLL_WALL,0,0,0,4.009455997999794,0.60901939868927,50135,tensor(567.1495),tensor(5142.5664),0,/workspace/models/redq/redq_0_stage_9
2026-05-15T14:10:44,train,redq,9,redq_0_stage_9,217,50285,150,1974.4053938388824,1,SUCCESS,1,0,0,8.155039940999814,1.3918412923812866,50285,tensor(576.9802),tensor(4155.1030),0,/workspace/models/redq/redq_0_stage_9
2026-05-15T14:11:00,train,redq,9,redq_0_stage_9,218,50561,276,1915.4926199913025,1,SUCCESS,1,0,0,14.9861015890001,2.459707736968994,50561,tensor(565.6332),tensor(4013.9937),0,/workspace/models/redq/redq_0_stage_9
2026-05-15T14:11:16,train,redq,9,redq_0_stage_9,219,50827,266,-2955.8488405942917,2,COLL_WALL,0,0,0,14.667733457000395,2.153855085372925,50827,tensor(565.6091),tensor(4552.0166),0,/workspace/models/redq/redq_0_stage_9
2026-05-15T14:11:23,train,redq,9,redq_0_stage_9,220,50945,118,2095.131771802902,1,SUCCESS,1,0,0,6.3785541770002965,1.9610933065414429,50945,tensor(559.0810),tensor(4519.3120),0,/workspace/models/redq/redq_0_stage_9
2026-05-15T14:11:30,train,redq,9,redq_0_stage_9,221,51057,112,-3339.3372671604156,2,COLL_WALL,0,0,0,6.128621252999437,0.6212979555130005,51057,tensor(562.8039),tensor(4267.4321),0,/workspace/models/redq/redq_0_stage_9
2026-05-15T14:11:46,train,redq,9,redq_0_stage_9,222,51327,270,1339.5342699885368,1,SUCCESS,1,0,0,14.693815968999843,3.1408610343933105,51327,tensor(557.4470),tensor(4339.4663),0,/workspace/models/redq/redq_0_stage_9
2026-05-15T14:11:52,train,redq,9,redq_0_stage_9,223,51434,107,-2495.7105716466904,2,COLL_WALL,0,0,0,5.749841548999939,0.7710763812065125,51434,tensor(564.2988),tensor(3808.1982),0,/workspace/models/redq/redq_0_stage_9
2026-05-15T14:12:01,train,redq,9,redq_0_stage_9,224,51580,146,-3060.214024066925,2,COLL_WALL,0,0,0,7.997267339000246,1.6748707294464111,51580,tensor(558.9598),tensor(4566.7290),0,/workspace/models/redq/redq_0_stage_9
2026-05-15T14:12:13,train,redq,9,redq_0_stage_9,225,51803,223,1554.770284473896,1,SUCCESS,1,0,0,12.097476526999344,2.6526131629943848,51803,tensor(552.0278),tensor(4659.5356),0,/workspace/models/redq/redq_0_stage_9
2026-05-15T14:12:28,train,redq,9,redq_0_stage_9,226,52057,254,-3051.1513645648956,2,COLL_WALL,0,0,0,13.840452090999861,1.971569299697876,52057,tensor(553.5659),tensor(4945.9214),0,/workspace/models/redq/redq_0_stage_9
2026-05-15T14:12:37,train,redq,9,redq_0_stage_9,227,52212,155,2014.5213354229927,1,SUCCESS,1,0,0,8.406957124000655,1.8370271921157837,52212,tensor(544.2896),tensor(4716.3281),0,/workspace/models/redq/redq_0_stage_9
2026-05-15T14:12:53,train,redq,9,redq_0_stage_9,228,52468,256,2000.0007588863373,1,SUCCESS,1,0,0,14.010434646000249,2.718045473098755,52468,tensor(545.7855),tensor(4837.6528),0,/workspace/models/redq/redq_0_stage_9
2026-05-15T14:13:00,train,redq,9,redq_0_stage_9,229,52604,136,-2840.403001189232,2,COLL_WALL,0,0,0,7.3674635489996945,0.9048544764518738,52604,tensor(552.1938),tensor(3974.4016),0,/workspace/models/redq/redq_0_stage_9
2026-05-15T14:13:10,train,redq,9,redq_0_stage_9,230,52760,156,-3447.6651200056076,2,COLL_WALL,0,0,0,8.923587508999844,4.206484317779541,52760,tensor(549.5742),tensor(4456.6548),0,/workspace/models/redq/redq_0_stage_9
2026-05-15T14:13:25,train,redq,9,redq_0_stage_9,231,53000,240,-3701.3323609530926,2,COLL_WALL,0,0,0,13.058330935999948,2.79250168800354,53000,tensor(556.5787),tensor(4306.7129),0,/workspace/models/redq/redq_0_stage_9
2026-05-15T14:13:40,train,redq,9,redq_0_stage_9,232,53267,267,-4043.268123805523,2,COLL_WALL,0,0,0,14.546643507999761,4.329346656799316,53267,tensor(548.5187),tensor(4172.5005),0,/workspace/models/redq/redq_0_stage_9
2026-05-15T14:13:42,train,redq,9,redq_0_stage_9,233,53297,30,-2324.791172862053,2,COLL_WALL,0,0,0,1.6534146069998314,1.500063180923462,53297,tensor(554.5815),tensor(4722.9277),0,/workspace/models/redq/redq_0_stage_9
2026-05-15T14:13:45,train,redq,9,redq_0_stage_9,234,53353,56,-2727.4550412893295,2,COLL_WALL,0,0,0,3.060145874999762,0.13079959154129028,53353,tensor(547.3089),tensor(4510.4956),0,/workspace/models/redq/redq_0_stage_9
2026-05-15T14:13:47,train,redq,9,redq_0_stage_9,235,53383,30,-2258.754431962967,2,COLL_WALL,0,0,0,1.6534799979999661,0.1319865733385086,53383,tensor(563.2473),tensor(5709.0127),0,/workspace/models/redq/redq_0_stage_9
2026-05-15T14:13:54,train,redq,9,redq_0_stage_9,236,53483,100,2037.1666171848774,1,SUCCESS,1,0,0,5.390238371000123,0.8288305401802063,53483,tensor(551.0410),tensor(4636.3574),0,/workspace/models/redq/redq_0_stage_9
2026-05-15T14:14:15,train,redq,9,redq_0_stage_9,237,53861,378,1313.910269856453,1,SUCCESS,1,0,0,20.603216098999837,3.200589656829834,53861,tensor(549.1515),tensor(4193.8335),0,/workspace/models/redq/redq_0_stage_9
2026-05-15T14:14:27,train,redq,9,redq_0_stage_9,238,54045,184,-3953.949247121811,2,COLL_WALL,0,0,0,10.028105749000133,1.5218777656555176,54045,tensor(546.8687),tensor(4549.0723),0,/workspace/models/redq/redq_0_stage_9
2026-05-15T14:14:41,train,redq,9,redq_0_stage_9,239,54302,257,-4624.057441473007,2,COLL_WALL,0,0,0,14.004384109000057,4.447352409362793,54302,tensor(552.1677),tensor(4383.2920),0,/workspace/models/redq/redq_0_stage_9
2026-05-15T14:14:51,train,redq,9,redq_0_stage_9,240,54449,147,-2501.1378405094147,2,COLL_WALL,0,0,0,8.040014021999923,2.662224531173706,54449,tensor(546.5984),tensor(4218.2017),0,/workspace/models/redq/redq_0_stage_9
2026-05-15T14:15:12,train,redq,9,redq_0_stage_9,241,54823,374,-3694.8033595085144,2,COLL_WALL,0,0,0,20.539460408000195,3.778414011001587,54823,tensor(549.3703),tensor(4869.6758),0,/workspace/models/redq/redq_0_stage_9
2026-05-15T14:15:15,train,redq,9,redq_0_stage_9,242,54870,47,-2421.731724500656,2,COLL_WALL,0,0,0,2.57335864200013,1.2353496551513672,54870,tensor(535.6472),tensor(4600.2485),0,/workspace/models/redq/redq_0_stage_9
2026-05-15T14:15:17,train,redq,9,redq_0_stage_9,243,54900,30,-2424.164873600006,2,COLL_WALL,0,0,0,1.6712867629994435,0.19579355418682098,54900,tensor(559.0584),tensor(4474.6138),0,/workspace/models/redq/redq_0_stage_9
2026-05-15T14:15:19,train,redq,9,redq_0_stage_9,244,54930,30,-2614.928518652916,2,COLL_WALL,0,0,0,1.6344174099995143,0.0012226739199832082,54930,tensor(555.4464),tensor(3862.0466),0,/workspace/models/redq/redq_0_stage_9
2026-05-15T14:15:22,train,redq,9,redq_0_stage_9,245,54960,30,-2790.6597175598145,2,COLL_WALL,0,0,0,1.6500639390005745,0.008614969439804554,54960,tensor(561.8359),tensor(3918.0117),0,/workspace/models/redq/redq_0_stage_9
2026-05-15T14:15:25,train,redq,9,redq_0_stage_9,246,54996,36,-2329.4758043289185,2,COLL_WALL,0,0,0,1.9766071539997938,0.20538179576396942,54996,tensor(552.1752),tensor(3819.8733),0,/workspace/models/redq/redq_0_stage_9
2026-05-15T14:15:27,train,redq,9,redq_0_stage_9,247,55026,30,-2132.332690000534,2,COLL_WALL,0,0,0,1.6684368880005422,0.1958252489566803,55026,tensor(551.7634),tensor(3851.2571),0,/workspace/models/redq/redq_0_stage_9
2026-05-15T14:15:33,train,redq,9,redq_0_stage_9,248,55135,109,-2866.069658279419,2,COLL_WALL,0,0,0,5.905714525000803,0.5928568243980408,55135,tensor(551.8216),tensor(4494.4585),0,/workspace/models/redq/redq_0_stage_9
2026-05-15T14:15:36,train,redq,9,redq_0_stage_9,249,55180,45,-2307.9390708208084,2,COLL_WALL,0,0,0,2.6135826920008185,0.818064272403717,55180,tensor(552.7715),tensor(4291.1387),0,/workspace/models/redq/redq_0_stage_9
2026-05-15T14:15:41,train,redq,9,redq_0_stage_9,250,55253,73,-3416.783656835556,2,COLL_WALL,0,0,0,3.9530145230000926,0.5893303155899048,55253,tensor(538.0151),tensor(4485.3872),0,/workspace/models/redq/redq_0_stage_9
2026-05-15T14:15:43,train,redq,9,redq_0_stage_9,251,55283,30,-2176.834372520447,2,COLL_WALL,0,0,0,1.6269503309995343,0.19280226528644562,55283,tensor(566.7601),tensor(6096.7422),0,/workspace/models/redq/redq_0_stage_9
2026-05-15T14:15:58,train,redq,9,redq_0_stage_9,252,55536,253,-5221.894313693047,2,COLL_WALL,0,0,0,13.730269826999574,1.290602207183838,55536,tensor(544.0153),tensor(4928.7212),0,/workspace/models/redq/redq_0_stage_9
2026-05-15T14:16:10,train,redq,9,redq_0_stage_9,253,55749,213,-2957.9425107240677,2,COLL_WALL,0,0,0,11.600860755000213,2.926805019378662,55749,tensor(553.2498),tensor(4589.0459),0,/workspace/models/redq/redq_0_stage_9
2026-05-15T14:16:23,train,redq,9,redq_0_stage_9,254,55960,211,-3022.243665635586,2,COLL_WALL,0,0,0,11.400484645000688,2.8520355224609375,55960,tensor(556.2396),tensor(4647.0684),0,/workspace/models/redq/redq_0_stage_9
2026-05-15T14:16:43,train,redq,9,redq_0_stage_9,255,56311,351,1756.995667397976,1,SUCCESS,1,0,0,19.174096022999947,4.535317420959473,56311,tensor(553.5609),tensor(4409.3828),0,/workspace/models/redq/redq_0_stage_9
2026-05-15T14:16:51,train,redq,9,redq_0_stage_9,256,56444,133,-2873.642920732498,2,COLL_WALL,0,0,0,7.261538400000063,1.1496261358261108,56444,tensor(549.6088),tensor(4737.6519),0,/workspace/models/redq/redq_0_stage_9
2026-05-15T14:17:13,train,redq,9,redq_0_stage_9,257,56825,381,-5513.259830355644,2,COLL_WALL,0,0,0,20.74070513300012,5.5668745040893555,56825,tensor(555.9056),tensor(4666.0386),0,/workspace/models/redq/redq_0_stage_9
2026-05-15T14:17:22,train,redq,9,redq_0_stage_9,258,56988,163,2170.4804651737213,1,SUCCESS,1,0,0,8.89921289800077,3.4146900177001953,56988,tensor(555.0935),tensor(4579.2905),0,/workspace/models/redq/redq_0_stage_9
2026-05-15T14:17:40,train,redq,9,redq_0_stage_9,259,57286,298,-3154.2143745422363,2,COLL_WALL,0,0,0,16.36694390499997,2.2737033367156982,57286,tensor(557.0767),tensor(4981.2559),0,/workspace/models/redq/redq_0_stage_9
2026-05-15T14:18:03,train,redq,9,redq_0_stage_9,260,57673,387,-4357.197600245476,2,COLL_WALL,0,0,0,21.154764886999146,4.3156538009643555,57673,tensor(554.6307),tensor(4711.0806),0,/workspace/models/redq/redq_0_stage_9
2026-05-15T14:18:21,train,redq,9,redq_0_stage_9,261,57998,325,-827.9994878768921,1,SUCCESS,1,0,0,17.714412370999526,4.574514865875244,57998,tensor(562.8558),tensor(4713.3110),0,/workspace/models/redq/redq_0_stage_9
2026-05-15T14:18:51,train,redq,9,redq_0_stage_9,262,58525,527,1372.3111579716206,1,SUCCESS,1,0,0,28.80270233400006,4.449039936065674,58525,tensor(556.3724),tensor(4592.1001),0,/workspace/models/redq/redq_0_stage_9
2026-05-15T14:19:31,train,redq,9,redq_0_stage_9,263,59224,699,30.44289457798004,1,SUCCESS,1,0,0,38.171895316999326,4.0981831550598145,59224,tensor(561.9083),tensor(4483.6045),0,/workspace/models/redq/redq_0_stage_9
2026-05-15T14:19:42,train,redq,9,redq_0_stage_9,264,59408,184,-4766.234294176102,2,COLL_WALL,0,0,0,10.081353610000406,0.6475860476493835,59408,tensor(567.5029),tensor(4289.5347),0,/workspace/models/redq/redq_0_stage_9
2026-05-15T14:20:06,train,redq,9,redq_0_stage_9,265,59819,411,-5601.287546217442,2,COLL_WALL,0,0,0,22.40266031400006,6.073542594909668,59819,tensor(560.7977),tensor(4505.1880),0,/workspace/models/redq/redq_0_stage_9
2026-05-15T14:20:16,train,redq,9,redq_0_stage_9,266,59998,179,1902.7645534276962,1,SUCCESS,1,0,0,9.718634025000028,2.8542943000793457,59998,tensor(556.8045),tensor(4869.1895),0,/workspace/models/redq/redq_0_stage_9
2026-05-15T14:20:35,train,redq,9,redq_0_stage_9,267,60326,328,1254.4358125329018,1,SUCCESS,1,0,0,18.05263037399982,2.525146961212158,60326,tensor(561.6340),tensor(4549.3408),0,/workspace/models/redq/redq_0_stage_9
2026-05-15T14:20:38,train,redq,9,redq_0_stage_9,268,60356,30,-2688.5580863952637,2,COLL_WALL,0,0,0,1.6523347140000624,0.08659010380506516,60356,tensor(559.0159),tensor(5076.9106),0,/workspace/models/redq/redq_0_stage_9
2026-05-15T14:20:51,train,redq,9,redq_0_stage_9,269,60592,236,1527.5329691171646,1,SUCCESS,1,0,0,12.808675559999756,3.7716476917266846,60592,tensor(555.8009),tensor(4454.4956),0,/workspace/models/redq/redq_0_stage_9
2026-05-15T14:21:05,train,redq,9,redq_0_stage_9,270,60822,230,2076.883988440037,1,SUCCESS,1,0,0,12.511046407000322,2.263554334640503,60822,tensor(551.7579),tensor(4998.7290),0,/workspace/models/redq/redq_0_stage_9
2026-05-15T14:21:18,train,redq,9,redq_0_stage_9,271,61049,227,-3347.1071951389313,2,COLL_WALL,0,0,0,12.397633597000095,2.026365041732788,61049,tensor(550.7343),tensor(4336.6626),0,/workspace/models/redq/redq_0_stage_9
2026-05-15T14:21:27,train,redq,9,redq_0_stage_9,272,61204,155,1997.445475101471,1,SUCCESS,1,0,0,8.426172927000152,2.3333585262298584,61204,tensor(547.2849),tensor(4247.7998),0,/workspace/models/redq/redq_0_stage_9
2026-05-15T14:21:34,train,redq,9,redq_0_stage_9,273,61318,114,-2919.430653810501,2,COLL_WALL,0,0,0,6.190555438999581,1.0862817764282227,61318,tensor(554.7314),tensor(4811.5366),0,/workspace/models/redq/redq_0_stage_9
2026-05-15T14:22:04,train,redq,9,redq_0_stage_9,274,61838,520,749.7828291654587,1,SUCCESS,1,0,0,28.44356850300028,5.7374114990234375,61838,tensor(552.6125),tensor(4611.7031),0,/workspace/models/redq/redq_0_stage_9
2026-05-15T14:22:40,train,redq,9,redq_0_stage_9,275,62468,630,400.1547314673662,1,SUCCESS,1,0,0,34.489814489999844,4.728078365325928,62468,tensor(546.9304),tensor(4519.1426),0,/workspace/models/redq/redq_0_stage_9
2026-05-15T14:22:48,train,redq,9,redq_0_stage_9,276,62611,143,-2965.331295490265,2,COLL_WALL,0,0,0,7.812829165000039,1.118168830871582,62611,tensor(544.9973),tensor(4555.5273),0,/workspace/models/redq/redq_0_stage_9
2026-05-15T14:22:51,train,redq,9,redq_0_stage_9,277,62641,30,-2161.5790314674377,2,COLL_WALL,0,0,0,1.6185627350005234,2.922705888748169,62641,tensor(551.3997),tensor(4526.3223),0,/workspace/models/redq/redq_0_stage_9
2026-05-15T14:23:05,train,redq,9,redq_0_stage_9,278,62885,244,1162.797062009573,1,SUCCESS,1,0,0,13.301833577999787,1.6791971921920776,62885,tensor(539.4172),tensor(4305.5879),0,/workspace/models/redq/redq_0_stage_9
2026-05-15T14:23:15,train,redq,9,redq_0_stage_9,279,63054,169,2030.4882568120956,1,SUCCESS,1,0,0,9.294575045000784,1.5471631288528442,63054,tensor(531.5629),tensor(4600.2471),0,/workspace/models/redq/redq_0_stage_9
2026-05-15T14:23:18,train,redq,9,redq_0_stage_9,280,63098,44,-2744.6326055526733,2,COLL_WALL,0,0,0,2.453535720000218,0.284294992685318,63098,tensor(527.4160),tensor(4757.4849),0,/workspace/models/redq/redq_0_stage_9
2026-05-15T14:23:32,train,redq,9,redq_0_stage_9,281,63344,246,-3561.9347541332245,2,COLL_WALL,0,0,0,13.414490029000262,3.495346784591675,63344,tensor(534.4948),tensor(4286.4624),0,/workspace/models/redq/redq_0_stage_9
2026-05-15T14:23:48,train,redq,9,redq_0_stage_9,282,63613,269,-2999.324506521225,2,COLL_WALL,0,0,0,14.8645629800003,3.359245777130127,63613,tensor(531.2247),tensor(4301.2036),0,/workspace/models/redq/redq_0_stage_9
2026-05-15T14:24:00,train,redq,9,redq_0_stage_9,283,63817,204,-2593.4560285806656,2,COLL_WALL,0,0,0,11.118828149000365,2.815742015838623,63817,tensor(538.6216),tensor(5025.1123),0,/workspace/models/redq/redq_0_stage_9
2026-05-15T14:24:09,train,redq,9,redq_0_stage_9,284,63965,148,-2729.8863285779953,2,COLL_WALL,0,0,0,8.108207872000094,2.6607561111450195,63965,tensor(534.9217),tensor(5220.0674),0,/workspace/models/redq/redq_0_stage_9
2026-05-15T14:24:24,train,redq,9,redq_0_stage_9,285,64218,253,1449.4847296476364,1,SUCCESS,1,0,0,13.823311438000019,2.3802871704101562,64218,tensor(537.4772),tensor(4588.0186),0,/workspace/models/redq/redq_0_stage_9
2026-05-15T14:24:26,train,redq,9,redq_0_stage_9,286,64248,30,-2381.837892770767,2,COLL_WALL,0,0,0,1.6838827010005843,0.32996484637260437,64248,tensor(531.2574),tensor(3454.3035),0,/workspace/models/redq/redq_0_stage_9
2026-05-15T14:24:49,train,redq,9,redq_0_stage_9,287,64653,405,1462.7752293944359,1,SUCCESS,1,0,0,22.116275205999955,5.918412685394287,64653,tensor(530.6835),tensor(4587.7900),0,/workspace/models/redq/redq_0_stage_9
2026-05-15T14:24:54,train,redq,9,redq_0_stage_9,288,64727,74,-2514.3606724739075,2,COLL_WALL,0,0,0,4.005450781000036,0.6509246826171875,64727,tensor(523.3246),tensor(4584.1611),0,/workspace/models/redq/redq_0_stage_9
2026-05-15T14:25:06,train,redq,9,redq_0_stage_9,289,64942,215,1838.4554671049118,1,SUCCESS,1,0,0,11.835105496999859,3.622960329055786,64942,tensor(525.6143),tensor(5141.9443),0,/workspace/models/redq/redq_0_stage_9
2026-05-15T14:25:20,train,redq,9,redq_0_stage_9,290,65155,213,-2583.2910734415054,2,COLL_WALL,0,0,0,11.78010825399997,2.0477089881896973,65155,tensor(518.3743),tensor(4431.5088),0,/workspace/models/redq/redq_0_stage_9
2026-05-15T14:25:22,train,redq,9,redq_0_stage_9,291,65195,40,-2521.0344026088715,2,COLL_WALL,0,0,0,2.160263847999886,2.0638339519500732,65195,tensor(502.2406),tensor(4808.9214),0,/workspace/models/redq/redq_0_stage_9
2026-05-15T14:25:24,train,redq,9,redq_0_stage_9,292,65225,30,-2253.5804839134216,2,COLL_WALL,0,0,0,1.629482156999984,0.1716509312391281,65225,tensor(507.6263),tensor(4280.8550),0,/workspace/models/redq/redq_0_stage_9
2026-05-15T14:25:35,train,redq,9,redq_0_stage_9,293,65401,176,1463.3328683972359,1,SUCCESS,1,0,0,9.680752945000677,1.402837872505188,65401,tensor(520.7996),tensor(4595.6289),0,/workspace/models/redq/redq_0_stage_9
2026-05-15T14:25:51,train,redq,9,redq_0_stage_9,294,65678,277,-2990.764271199703,2,COLL_WALL,0,0,0,15.218722970000272,2.490750789642334,65678,tensor(516.7816),tensor(4662.7451),0,/workspace/models/redq/redq_0_stage_9
2026-05-15T14:25:57,train,redq,9,redq_0_stage_9,295,65766,88,-2986.5427261590958,2,COLL_WALL,0,0,0,4.828406556000118,1.1904358863830566,65766,tensor(515.7604),tensor(4674.6245),0,/workspace/models/redq/redq_0_stage_9
2026-05-15T14:26:18,train,redq,9,redq_0_stage_9,296,66122,356,1187.417273670435,1,SUCCESS,1,0,0,19.571233386999666,3.794755697250366,66122,tensor(514.9952),tensor(5120.7368),0,/workspace/models/redq/redq_0_stage_9
2026-05-15T14:26:27,train,redq,9,redq_0_stage_9,297,66292,170,-2671.9942247867584,2,COLL_WALL,0,0,0,9.37241038600041,1.192330002784729,66292,tensor(505.4734),tensor(5059.5132),0,/workspace/models/redq/redq_0_stage_9
2026-05-15T14:26:42,train,redq,9,redq_0_stage_9,298,66540,248,-3093.6919835805893,2,COLL_WALL,0,0,0,13.63149577600052,3.4389679431915283,66540,tensor(518.7851),tensor(4783.4351),0,/workspace/models/redq/redq_0_stage_9
2026-05-15T14:26:56,train,redq,9,redq_0_stage_9,299,66769,229,1270.3587594628334,1,SUCCESS,1,0,0,12.620504449000691,2.326164722442627,66769,tensor(511.9474),tensor(4697.4858),0,/workspace/models/redq/redq_0_stage_9
2026-05-15T14:27:09,train,redq,9,redq_0_stage_9,300,66985,216,1163.089595079422,1,SUCCESS,1,0,0,12.332285419000073,1.9455374479293823,66985,tensor(508.5978),tensor(5418.0161),1,/workspace/models/redq/redq_0_stage_9
2026-05-15T14:27:13,train,redq,9,redq_0_stage_9,301,67032,47,-2733.601153612137,2,COLL_WALL,0,0,0,2.7918494370005646,0.5556741952896118,67032,tensor(520.2738),tensor(4782.9839),0,/workspace/models/redq/redq_0_stage_9
2026-05-15T14:27:16,train,redq,9,redq_0_stage_9,302,67062,30,-2420.4679964780807,2,COLL_WALL,0,0,0,1.7730710710002313,2.028384208679199,67062,tensor(517.9919),tensor(4418.5264),0,/workspace/models/redq/redq_0_stage_9
2026-05-15T14:27:18,train,redq,9,redq_0_stage_9,303,67092,30,-2627.90243601799,2,COLL_WALL,0,0,0,1.6982910939996145,0.0018166007939726114,67092,tensor(494.3893),tensor(5345.0044),0,/workspace/models/redq/redq_0_stage_9
2026-05-15T14:27:20,train,redq,9,redq_0_stage_9,304,67122,30,-2194.075823068619,2,COLL_WALL,0,0,0,1.7135125430004337,0.0037894598208367825,67122,tensor(493.7720),tensor(5955.2109),0,/workspace/models/redq/redq_0_stage_9
2026-05-15T14:27:31,train,redq,9,redq_0_stage_9,305,67293,171,-3511.7609922885895,2,COLL_WALL,0,0,0,9.934205820999523,1.0417402982711792,67293,tensor(514.7841),tensor(5150.5840),0,/workspace/models/redq/redq_0_stage_9
2026-05-15T14:27:34,train,redq,9,redq_0_stage_9,306,67343,50,-2541.195738554001,2,COLL_WALL,0,0,0,2.775521702000333,1.223461389541626,67343,tensor(504.7473),tensor(4370.2485),0,/workspace/models/redq/redq_0_stage_9
2026-05-15T14:27:36,train,redq,9,redq_0_stage_9,307,67373,30,-2278.4634244441986,2,COLL_WALL,0,0,0,1.757152567999583,0.2575903534889221,67373,tensor(522.0087),tensor(5601.1797),0,/workspace/models/redq/redq_0_stage_9
2026-05-15T14:27:47,train,redq,9,redq_0_stage_9,308,67535,162,-3406.163502573967,2,COLL_WALL,0,0,0,9.539219286999469,1.6518006324768066,67535,tensor(523.1938),tensor(4807.0977),0,/workspace/models/redq/redq_0_stage_9
2026-05-15T14:28:07,train,redq,9,redq_0_stage_9,309,67870,335,512.554455280304,1,SUCCESS,1,0,0,19.619420654999885,3.361537456512451,67870,tensor(508.0967),tensor(5248.7700),0,/workspace/models/redq/redq_0_stage_9
2026-05-15T14:28:17,train,redq,9,redq_0_stage_9,310,68003,133,-2994.121924638748,2,COLL_WALL,0,0,0,8.13376676200005,1.3370373249053955,68003,tensor(508.3947),tensor(5316.8916),0,/workspace/models/redq/redq_0_stage_9
2026-05-15T14:28:59,train,redq,9,redq_0_stage_9,311,68638,635,-3349.997728675604,4,TIMEOUT,0,0,1,41.029464891000316,7.770802974700928,68638,tensor(504.6617),tensor(5224.2422),0,/workspace/models/redq/redq_0_stage_9
2026-05-15T14:29:09,train,redq,9,redq_0_stage_9,312,68799,161,2097.4623758792877,1,SUCCESS,1,0,0,8.934988807000082,4.979236602783203,68799,tensor(504.9922),tensor(4753.9912),0,/workspace/models/redq/redq_0_stage_9
2026-05-15T14:29:22,train,redq,9,redq_0_stage_9,313,69011,212,2095.8150237202644,1,SUCCESS,1,0,0,11.721229057000528,1.987676978111267,69011,tensor(507.4187),tensor(5648.9648),0,/workspace/models/redq/redq_0_stage_9
2026-05-15T14:29:41,train,redq,9,redq_0_stage_9,314,69354,343,-3524.231581866741,2,COLL_WALL,0,0,0,18.910049162000178,2.8412978649139404,69354,tensor(494.4906),tensor(5174.9824),0,/workspace/models/redq/redq_0_stage_9
2026-05-15T14:29:56,train,redq,9,redq_0_stage_9,315,69597,243,-3565.4339453577995,2,COLL_WALL,0,0,0,13.426511918999495,2.8398609161376953,69597,tensor(494.8395),tensor(5056.5854),0,/workspace/models/redq/redq_0_stage_9
2026-05-15T14:29:59,train,redq,9,redq_0_stage_9,316,69642,45,-2428.024378299713,2,COLL_WALL,0,0,0,2.5225214009997217,0.5967450141906738,69642,tensor(470.6316),tensor(5820.3779),0,/workspace/models/redq/redq_0_stage_9
2026-05-15T14:30:02,train,redq,9,redq_0_stage_9,317,69693,51,-3183.808322906494,2,COLL_WALL,0,0,0,2.7864358710003216,0.32686662673950195,69693,tensor(494.9380),tensor(5010.5107),0,/workspace/models/redq/redq_0_stage_9
2026-05-15T14:30:05,train,redq,9,redq_0_stage_9,318,69724,31,-2507.027491569519,2,COLL_WALL,0,0,0,1.71454218999952,0.22468900680541992,69724,tensor(484.1713),tensor(4591.2153),0,/workspace/models/redq/redq_0_stage_9
2026-05-15T14:30:07,train,redq,9,redq_0_stage_9,319,69754,30,-2538.387088418007,2,COLL_WALL,0,0,0,1.655741544999728,0.0007764218607917428,69754,tensor(501.8930),tensor(5403.5288),0,/workspace/models/redq/redq_0_stage_9
2026-05-15T14:30:13,train,redq,9,redq_0_stage_9,320,69852,98,-2896.0086920261383,2,COLL_WALL,0,0,0,5.358501729000636,0.5314491987228394,69852,tensor(495.3183),tensor(5325.8545),0,/workspace/models/redq/redq_0_stage_9
2026-05-15T14:30:15,train,redq,9,redq_0_stage_9,321,69882,30,-2206.5200715065002,2,COLL_WALL,0,0,0,1.7083002279996435,0.22305350005626678,69882,tensor(486.5491),tensor(4581.9980),0,/workspace/models/redq/redq_0_stage_9
2026-05-15T14:30:44,train,redq,9,redq_0_stage_9,322,70378,496,-4860.31244468689,2,COLL_WALL,0,0,0,27.27514181799961,3.6470580101013184,70378,tensor(499.9684),tensor(4938.2446),0,/workspace/models/redq/redq_0_stage_9
2026-05-15T14:30:52,train,redq,9,redq_0_stage_9,323,70493,115,2083.995248913765,1,SUCCESS,1,0,0,6.380694400999346,2.8513309955596924,70493,tensor(486.4790),tensor(4777.3325),0,/workspace/models/redq/redq_0_stage_9
2026-05-15T14:31:07,train,redq,9,redq_0_stage_9,324,70763,270,1864.9264355003834,1,SUCCESS,1,0,0,14.89880644599998,2.806884765625,70763,tensor(492.3815),tensor(4873.7646),0,/workspace/models/redq/redq_0_stage_9
2026-05-15T14:31:23,train,redq,9,redq_0_stage_9,325,71038,275,-3751.287492752075,2,COLL_WALL,0,0,0,15.10493623900038,2.2814149856567383,71038,tensor(490.1817),tensor(5469.5469),0,/workspace/models/redq/redq_0_stage_9
2026-05-15T14:31:32,train,redq,9,redq_0_stage_9,326,71180,142,-3536.245057106018,2,COLL_WALL,0,0,0,7.8396267570005875,1.6559075117111206,71180,tensor(496.5080),tensor(5477.9556),0,/workspace/models/redq/redq_0_stage_9
2026-05-15T14:31:51,train,redq,9,redq_0_stage_9,327,71501,321,1269.6631920933723,1,SUCCESS,1,0,0,17.76759765299994,3.5325117111206055,71501,tensor(491.7758),tensor(5532.4917),0,/workspace/models/redq/redq_0_stage_9
2026-05-15T14:32:03,train,redq,9,redq_0_stage_9,328,71716,215,-4251.642602920532,2,COLL_WALL,0,0,0,11.7852440380002,1.524118185043335,71716,tensor(487.8513),tensor(5332.1929),0,/workspace/models/redq/redq_0_stage_9
2026-05-15T14:32:11,train,redq,9,redq_0_stage_9,329,71839,123,-2604.707894921303,2,COLL_WALL,0,0,0,6.914804975000152,2.318028211593628,71839,tensor(486.7941),tensor(5144.9507),0,/workspace/models/redq/redq_0_stage_9
2026-05-15T14:32:26,train,redq,9,redq_0_stage_9,330,72086,247,-3138.312826156616,2,COLL_WALL,0,0,0,13.627650012000231,2.4608652591705322,72086,tensor(492.7215),tensor(5225.2793),0,/workspace/models/redq/redq_0_stage_9
2026-05-15T14:32:30,train,redq,9,redq_0_stage_9,331,72143,57,-2605.9185413122177,2,COLL_WALL,0,0,0,3.140714988000582,1.9462867975234985,72143,tensor(481.3504),tensor(5958.0107),0,/workspace/models/redq/redq_0_stage_9
2026-05-15T14:32:33,train,redq,9,redq_0_stage_9,332,72197,54,-2482.9964538812637,2,COLL_WALL,0,0,0,2.9887460039999496,0.42887941002845764,72197,tensor(484.5982),tensor(6279.7852),0,/workspace/models/redq/redq_0_stage_9
2026-05-15T14:32:35,train,redq,9,redq_0_stage_9,333,72229,32,-2691.312067270279,2,COLL_WALL,0,0,0,1.7915133520000381,0.2518694996833801,72229,tensor(478.2613),tensor(5552.1250),0,/workspace/models/redq/redq_0_stage_9
2026-05-15T14:32:39,train,redq,9,redq_0_stage_9,334,72278,49,-2575.0371181964874,2,COLL_WALL,0,0,0,2.7524886100000003,0.3761512339115143,72278,tensor(476.7009),tensor(4796.1011),0,/workspace/models/redq/redq_0_stage_9
2026-05-15T14:32:41,train,redq,9,redq_0_stage_9,335,72312,34,-2129.594737291336,2,COLL_WALL,0,0,0,1.9036330330000055,0.543987512588501,72312,tensor(496.3992),tensor(5411.7432),0,/workspace/models/redq/redq_0_stage_9
2026-05-15T14:32:43,train,redq,9,redq_0_stage_9,336,72342,30,-2199.524514198303,2,COLL_WALL,0,0,0,1.6711512539995965,0.2698797285556793,72342,tensor(472.7460),tensor(5740.6201),0,/workspace/models/redq/redq_0_stage_9
2026-05-15T14:33:01,train,redq,9,redq_0_stage_9,337,72643,301,-4399.280547857285,2,COLL_WALL,0,0,0,16.538515273000485,2.2245781421661377,72643,tensor(492.9445),tensor(5547.9702),0,/workspace/models/redq/redq_0_stage_9
2026-05-15T14:33:04,train,redq,9,redq_0_stage_9,338,72682,39,-2428.492522954941,2,COLL_WALL,0,0,0,2.1561002870002994,0.7216571569442749,72682,tensor(498.0141),tensor(6645.8271),0,/workspace/models/redq/redq_0_stage_9
2026-05-15T14:33:06,train,redq,9,redq_0_stage_9,339,72712,30,-2589.56756734848,2,COLL_WALL,0,0,0,1.654923338000117,0.21083733439445496,72712,tensor(495.3998),tensor(5989.4995),0,/workspace/models/redq/redq_0_stage_9
2026-05-15T14:33:10,train,redq,9,redq_0_stage_9,340,72779,67,-2541.7428936958313,2,COLL_WALL,0,0,0,3.7095849549996274,0.49198487401008606,72779,tensor(489.6006),tensor(5042.6816),0,/workspace/models/redq/redq_0_stage_9
2026-05-15T14:33:19,train,redq,9,redq_0_stage_9,341,72921,142,-3111.1054750680923,2,COLL_WALL,0,0,0,7.883245792000707,1.3251984119415283,72921,tensor(504.8531),tensor(5359.8589),0,/workspace/models/redq/redq_0_stage_9
2026-05-15T14:33:38,train,redq,9,redq_0_stage_9,342,73243,322,-4432.103695869446,2,COLL_WALL,0,0,0,17.685484007000014,3.459394931793213,73243,tensor(498.4104),tensor(6359.4668),0,/workspace/models/redq/redq_0_stage_9
2026-05-15T14:33:50,train,redq,9,redq_0_stage_9,343,73462,219,-3357.3815298080444,2,COLL_WALL,0,0,0,12.056232582999655,2.7173023223876953,73462,tensor(506.1997),tensor(5888.3081),0,/workspace/models/redq/redq_0_stage_9
2026-05-15T14:34:04,train,redq,9,redq_0_stage_9,344,73682,220,-4383.872503042221,2,COLL_WALL,0,0,0,12.099210670999128,2.4885294437408447,73682,tensor(506.1779),tensor(6087.1841),0,/workspace/models/redq/redq_0_stage_9
2026-05-15T14:34:18,train,redq,9,redq_0_stage_9,345,73923,241,1378.7955806851387,1,SUCCESS,1,0,0,13.290542878000451,2.659269094467163,73923,tensor(499.8229),tensor(6035.6538),0,/workspace/models/redq/redq_0_stage_9
2026-05-15T14:34:29,train,redq,9,redq_0_stage_9,346,74106,183,2075.7775059342384,1,SUCCESS,1,0,0,10.127764896000372,1.7231171131134033,74106,tensor(509.6204),tensor(5619.2285),0,/workspace/models/redq/redq_0_stage_9
2026-05-15T14:34:39,train,redq,9,redq_0_stage_9,347,74280,174,2089.3122978806496,1,SUCCESS,1,0,0,9.664785967999705,1.7986464500427246,74280,tensor(498.8591),tensor(5497.6152),0,/workspace/models/redq/redq_0_stage_9
2026-05-15T14:34:42,train,redq,9,redq_0_stage_9,348,74315,35,-2343.034959793091,2,COLL_WALL,0,0,0,1.9678873799994108,0.3353870213031769,74315,tensor(518.1029),tensor(4467.0576),0,/workspace/models/redq/redq_0_stage_9
2026-05-15T14:34:56,train,redq,9,redq_0_stage_9,349,74537,222,1883.5629194378853,1,SUCCESS,1,0,0,12.255313519999618,3.795614719390869,74537,tensor(507.8747),tensor(5768.5884),0,/workspace/models/redq/redq_0_stage_9
2026-05-15T14:35:12,train,redq,9,redq_0_stage_9,350,74814,277,72.66701745986938,1,SUCCESS,1,0,0,15.272717496999576,2.5391013622283936,74814,tensor(499.2565),tensor(5548.3047),0,/workspace/models/redq/redq_0_stage_9
2026-05-15T14:35:14,train,redq,9,redq_0_stage_9,351,74844,30,-2551.5973508358,2,COLL_WALL,0,0,0,1.6867554170003132,0.2190067619085312,74844,tensor(492.5485),tensor(6397.8345),0,/workspace/models/redq/redq_0_stage_9
2026-05-15T14:35:32,train,redq,9,redq_0_stage_9,352,75151,307,-4442.719697475433,2,COLL_WALL,0,0,0,16.95907561399963,3.2457220554351807,75151,tensor(510.8358),tensor(6025.9277),0,/workspace/models/redq/redq_0_stage_9
2026-05-15T14:35:47,train,redq,9,redq_0_stage_9,353,75408,257,1348.873887360096,1,SUCCESS,1,0,0,14.327775568999641,3.8304595947265625,75408,tensor(515.4955),tensor(5529.7446),0,/workspace/models/redq/redq_0_stage_9
2026-05-15T14:36:03,train,redq,9,redq_0_stage_9,354,75665,257,-2864.903602361679,2,COLL_WALL,0,0,0,14.209344468999916,1.9008194208145142,75665,tensor(516.2879),tensor(6122.6367),0,/workspace/models/redq/redq_0_stage_9
2026-05-15T14:36:18,train,redq,9,redq_0_stage_9,355,75937,272,1818.7817507088184,1,SUCCESS,1,0,0,15.188745576999281,3.384209156036377,75937,tensor(515.9747),tensor(5892.5938),0,/workspace/models/redq/redq_0_stage_9
2026-05-15T14:36:22,train,redq,9,redq_0_stage_9,356,75988,51,-2362.4379165172577,2,COLL_WALL,0,0,0,2.8314858490002734,0.42276275157928467,75988,tensor(506.6104),tensor(6031.7075),0,/workspace/models/redq/redq_0_stage_9
2026-05-15T14:36:31,train,redq,9,redq_0_stage_9,357,76132,144,2281.6100258231163,1,SUCCESS,1,0,0,7.990483282000241,3.8273937702178955,76132,tensor(514.5383),tensor(5107.1973),0,/workspace/models/redq/redq_0_stage_9
2026-05-15T14:36:57,train,redq,9,redq_0_stage_9,358,76593,461,317.91888858377934,1,SUCCESS,1,0,0,25.4924107249999,3.952944755554199,76593,tensor(512.8196),tensor(5544.0386),0,/workspace/models/redq/redq_0_stage_9
2026-05-15T14:37:36,train,redq,9,redq_0_stage_9,359,77254,661,-5161.073876142502,2,COLL_WALL,0,0,0,36.555420601999685,3.7625277042388916,77254,tensor(516.2228),tensor(5369.7744),0,/workspace/models/redq/redq_0_stage_9
2026-05-15T14:37:39,train,redq,9,redq_0_stage_9,360,77293,39,-2222.2718970775604,2,COLL_WALL,0,0,0,2.1737990050005465,0.354947030544281,77293,tensor(516.7621),tensor(6313.4590),0,/workspace/models/redq/redq_0_stage_9
2026-05-15T14:37:43,train,redq,9,redq_0_stage_9,361,77358,65,-2674.655569791794,2,COLL_WALL,0,0,0,3.614421580999988,0.583885908126831,77358,tensor(517.3358),tensor(5055.6597),0,/workspace/models/redq/redq_0_stage_9
2026-05-15T14:37:51,train,redq,9,redq_0_stage_9,362,77492,134,-2725.12257874012,2,COLL_WALL,0,0,0,7.461909473999185,1.4634552001953125,77492,tensor(525.7343),tensor(5482.7817),0,/workspace/models/redq/redq_0_stage_9
2026-05-15T14:37:57,train,redq,9,redq_0_stage_9,363,77589,97,2304.914726316929,1,SUCCESS,1,0,0,5.356467536000309,1.9354039430618286,77589,tensor(516.6617),tensor(5221.3374),0,/workspace/models/redq/redq_0_stage_9
2026-05-15T14:38:07,train,redq,9,redq_0_stage_9,364,77751,162,2112.704981714487,1,SUCCESS,1,0,0,9.028612314999918,1.5907994508743286,77751,tensor(524.0197),tensor(5607.7822),0,/workspace/models/redq/redq_0_stage_9
2026-05-15T14:38:16,train,redq,9,redq_0_stage_9,365,77901,150,-2718.5135278105736,2,COLL_WALL,0,0,0,8.294148602999485,1.015992283821106,77901,tensor(507.5481),tensor(5106.0649),0,/workspace/models/redq/redq_0_stage_9
2026-05-15T14:38:27,train,redq,9,redq_0_stage_9,366,78097,196,1988.4027692079544,1,SUCCESS,1,0,0,10.725970073999633,3.536756992340088,78097,tensor(516.3589),tensor(5424.3579),0,/workspace/models/redq/redq_0_stage_9
2026-05-15T14:38:46,train,redq,9,redq_0_stage_9,367,78403,306,-2947.492816865444,2,COLL_WALL,0,0,0,16.9504548219993,2.4155266284942627,78403,tensor(512.5806),tensor(5701.4761),0,/workspace/models/redq/redq_0_stage_9
2026-05-15T14:38:58,train,redq,9,redq_0_stage_9,368,78617,214,-3609.894328892231,2,COLL_WALL,0,0,0,11.90602164700067,2.6822586059570312,78617,tensor(516.3400),tensor(4982.0605),0,/workspace/models/redq/redq_0_stage_9
2026-05-15T14:39:23,train,redq,9,redq_0_stage_9,369,79046,429,901.7392336428165,1,SUCCESS,1,0,0,23.681147748000512,4.667664051055908,79046,tensor(523.4264),tensor(5528.5122),0,/workspace/models/redq/redq_0_stage_9
2026-05-15T14:39:41,train,redq,9,redq_0_stage_9,370,79338,292,-4718.960571050644,2,COLL_WALL,0,0,0,16.18943942900023,0.7004920840263367,79338,tensor(517.1995),tensor(5728.6211),0,/workspace/models/redq/redq_0_stage_9
2026-05-15T14:40:04,train,redq,9,redq_0_stage_9,371,79735,397,509.5602411776781,1,SUCCESS,1,0,0,21.935041647999242,6.517920017242432,79735,tensor(521.8329),tensor(5581.0269),0,/workspace/models/redq/redq_0_stage_9
2026-05-15T14:40:18,train,redq,9,redq_0_stage_9,372,79960,225,-3363.382200241089,2,COLL_WALL,0,0,0,12.70655936500043,1.549424409866333,79960,tensor(520.1519),tensor(5094.9272),0,/workspace/models/redq/redq_0_stage_9
2026-05-15T14:40:29,train,redq,9,redq_0_stage_9,373,80150,190,1729.7754250764847,1,SUCCESS,1,0,0,10.60513082000034,4.810646057128906,80150,tensor(521.4355),tensor(5645.1055),0,/workspace/models/redq/redq_0_stage_9
2026-05-15T14:40:31,train,redq,9,redq_0_stage_9,374,80189,39,-2238.7063508033752,2,COLL_WALL,0,0,0,2.1460212590000083,0.5167666077613831,80189,tensor(509.6043),tensor(6337.1846),0,/workspace/models/redq/redq_0_stage_9
2026-05-15T14:40:51,train,redq,9,redq_0_stage_9,375,80517,328,-3370.805136680603,2,COLL_WALL,0,0,0,18.16404706600042,4.272445201873779,80517,tensor(517.0800),tensor(5841.5166),0,/workspace/models/redq/redq_0_stage_9
2026-05-15T14:40:54,train,redq,9,redq_0_stage_9,376,80563,46,-2498.29880130291,2,COLL_WALL,0,0,0,2.5447750060002363,1.339248538017273,80563,tensor(531.8244),tensor(6678.9761),0,/workspace/models/redq/redq_0_stage_9
2026-05-15T14:40:56,train,redq,9,redq_0_stage_9,377,80593,30,-2195.6360709667206,2,COLL_WALL,0,0,0,1.690472547000354,0.13044339418411255,80593,tensor(528.4149),tensor(8261.5020),0,/workspace/models/redq/redq_0_stage_9
2026-05-15T14:41:14,train,redq,9,redq_0_stage_9,378,80887,294,1736.582425415516,1,SUCCESS,1,0,0,16.341780101999575,2.785982131958008,80887,tensor(523.2083),tensor(5614.8525),0,/workspace/models/redq/redq_0_stage_9
2026-05-15T14:41:26,train,redq,9,redq_0_stage_9,379,81100,213,1251.2105532288551,1,SUCCESS,1,0,0,11.933137414000157,1.8007111549377441,81100,tensor(523.8022),tensor(5521.2148),0,/workspace/models/redq/redq_0_stage_9
2026-05-15T14:41:34,train,redq,9,redq_0_stage_9,380,81229,129,2187.7690274119377,1,SUCCESS,1,0,0,7.085749423999914,1.5830351114273071,81229,tensor(511.2324),tensor(5288.6802),0,/workspace/models/redq/redq_0_stage_9
2026-05-15T14:41:45,train,redq,9,redq_0_stage_9,381,81387,158,-4657.2217437028885,2,COLL_WALL,0,0,0,8.834336052000253,0.9613183736801147,81387,tensor(506.3678),tensor(5105.8789),0,/workspace/models/redq/redq_0_stage_9
2026-05-15T14:41:53,train,redq,9,redq_0_stage_9,382,81522,135,-2554.212438225746,2,COLL_WALL,0,0,0,7.480803747999744,2.0021605491638184,81522,tensor(521.1534),tensor(5282.7651),0,/workspace/models/redq/redq_0_stage_9
2026-05-15T14:42:16,train,redq,9,redq_0_stage_9,383,81920,398,805.7192182540894,1,SUCCESS,1,0,0,22.031148508000115,4.2199249267578125,81920,tensor(514.6537),tensor(5433.8809),0,/workspace/models/redq/redq_0_stage_9
2026-05-15T14:42:44,train,redq,9,redq_0_stage_9,384,82401,481,-3415.445219516754,2,COLL_WALL,0,0,0,26.546847760000674,4.125177383422852,82401,tensor(513.9197),tensor(5323.3999),0,/workspace/models/redq/redq_0_stage_9
2026-05-15T14:42:57,train,redq,9,redq_0_stage_9,385,82630,229,-3746.2010333538055,2,COLL_WALL,0,0,0,12.640505141000176,2.096389055252075,82630,tensor(516.6459),tensor(5456.7139),0,/workspace/models/redq/redq_0_stage_9
2026-05-15T14:43:30,train,redq,9,redq_0_stage_9,386,83188,558,180.83092042803764,1,SUCCESS,1,0,0,31.068301780999718,6.380592346191406,83188,tensor(517.0729),tensor(5005.0278),0,/workspace/models/redq/redq_0_stage_9
2026-05-15T14:43:46,train,redq,9,redq_0_stage_9,387,83454,266,-3794.5738532543182,2,COLL_WALL,0,0,0,14.661620754999603,1.3589515686035156,83454,tensor(523.2371),tensor(5981.9873),0,/workspace/models/redq/redq_0_stage_9
2026-05-15T14:43:56,train,redq,9,redq_0_stage_9,388,83638,184,2070.904723882675,1,SUCCESS,1,0,0,10.155291956999463,4.185843467712402,83638,tensor(517.9822),tensor(4895.4619),0,/workspace/models/redq/redq_0_stage_9
2026-05-15T14:44:35,train,redq,9,redq_0_stage_9,389,84314,676,97.27150666713715,1,SUCCESS,1,0,0,37.46026585599975,6.257425308227539,84314,tensor(517.5132),tensor(5610.8408),0,/workspace/models/redq/redq_0_stage_9
2026-05-15T14:45:18,train,redq,9,redq_0_stage_9,390,85031,717,-2247.8685975670815,4,TIMEOUT,0,0,1,40.24467457500032,5.4988203048706055,85031,tensor(514.5203),tensor(5335.2583),0,/workspace/models/redq/redq_0_stage_9
2026-05-15T14:45:26,train,redq,9,redq_0_stage_9,391,85167,136,-2850.474508047104,2,COLL_WALL,0,0,0,7.496492964000026,2.9405994415283203,85167,tensor(512.3278),tensor(5296.4688),0,/workspace/models/redq/redq_0_stage_9
2026-05-15T14:45:37,train,redq,9,redq_0_stage_9,392,85358,191,1201.5045903921127,1,SUCCESS,1,0,0,10.608162846000596,1.9153482913970947,85358,tensor(509.2351),tensor(5182.8267),0,/workspace/models/redq/redq_0_stage_9
2026-05-15T14:45:48,train,redq,9,redq_0_stage_9,393,85515,157,-2785.113396525383,2,COLL_WALL,0,0,0,8.808124475999648,1.3890326023101807,85515,tensor(514.8220),tensor(5548.3525),0,/workspace/models/redq/redq_0_stage_9
2026-05-15T14:46:05,train,redq,9,redq_0_stage_9,394,85818,303,1211.2774032950401,1,SUCCESS,1,0,0,16.619096855999487,3.141275644302368,85818,tensor(516.4377),tensor(5678.0864),0,/workspace/models/redq/redq_0_stage_9
2026-05-15T14:46:33,train,redq,9,redq_0_stage_9,395,86297,479,-3510.0786610245705,2,COLL_WALL,0,0,0,26.58725518400024,3.992558240890503,86297,tensor(508.2160),tensor(5132.8545),0,/workspace/models/redq/redq_0_stage_9
2026-05-15T14:46:47,train,redq,9,redq_0_stage_9,396,86520,223,1311.3779912889004,1,SUCCESS,1,0,0,12.439367758999651,3.997445821762085,86520,tensor(504.3529),tensor(5529.8628),0,/workspace/models/redq/redq_0_stage_9
2026-05-15T14:46:53,train,redq,9,redq_0_stage_9,397,86636,116,2173.4241978526115,1,SUCCESS,1,0,0,6.429446752000331,1.258131742477417,86636,tensor(498.7662),tensor(5106.2285),0,/workspace/models/redq/redq_0_stage_9
2026-05-15T14:47:06,train,redq,9,redq_0_stage_9,398,86849,213,1939.5190857052803,1,SUCCESS,1,0,0,11.855862430999878,2.253448247909546,86849,tensor(509.7687),tensor(5749.3994),0,/workspace/models/redq/redq_0_stage_9
2026-05-15T14:47:10,train,redq,9,redq_0_stage_9,399,86920,71,-3019.241604566574,2,COLL_WALL,0,0,0,3.933447377000448,0.6470227241516113,86920,tensor(504.3028),tensor(5149.0156),0,/workspace/models/redq/redq_0_stage_9
2026-05-15T14:47:18,train,redq,9,redq_0_stage_9,400,87017,97,2221.55781263113,1,SUCCESS,1,0,0,5.395368617999338,1.7187765836715698,87017,tensor(489.9891),tensor(5916.0522),1,/workspace/models/redq/redq_0_stage_9
2026-05-15T14:47:30,train,redq,9,redq_0_stage_9,401,87218,201,-2825.7255316972733,2,COLL_WALL,0,0,0,11.238419109999995,1.7716528177261353,87218,tensor(500.5378),tensor(6031.5620),0,/workspace/models/redq/redq_0_stage_9
2026-05-15T14:47:32,train,redq,9,redq_0_stage_9,402,87253,35,-2526.744271636009,2,COLL_WALL,0,0,0,1.9461206590003712,0.7234479188919067,87253,tensor(493.3762),tensor(6916.7808),0,/workspace/models/redq/redq_0_stage_9
2026-05-15T14:47:46,train,redq,9,redq_0_stage_9,403,87496,243,-2860.042375534773,2,COLL_WALL,0,0,0,13.50664891299948,2.384948492050171,87496,tensor(500.1011),tensor(5989.9111),0,/workspace/models/redq/redq_0_stage_9
2026-05-15T14:48:08,train,redq,9,redq_0_stage_9,404,87857,361,1686.3724446892738,1,SUCCESS,1,0,0,20.11884127399935,5.421905994415283,87857,tensor(492.0624),tensor(5986.2783),0,/workspace/models/redq/redq_0_stage_9
2026-05-15T14:48:25,train,redq,9,redq_0_stage_9,405,88141,284,1731.1209533810616,1,SUCCESS,1,0,0,15.766327503999491,2.4111928939819336,88141,tensor(487.2207),tensor(6166.6523),0,/workspace/models/redq/redq_0_stage_9
2026-05-15T14:48:36,train,redq,9,redq_0_stage_9,406,88328,187,-3013.4569376707077,2,COLL_WALL,0,0,0,10.402261283999906,1.4943550825119019,88328,tensor(495.3045),tensor(5685.6685),0,/workspace/models/redq/redq_0_stage_9
2026-05-15T14:48:39,train,redq,9,redq_0_stage_9,407,88378,50,-2703.4006930589676,2,COLL_WALL,0,0,0,2.793078892000267,0.9466076493263245,88378,tensor(492.8407),tensor(5792.6938),0,/workspace/models/redq/redq_0_stage_9
2026-05-15T14:48:41,train,redq,9,redq_0_stage_9,408,88408,30,-2274.0953249931335,2,COLL_WALL,0,0,0,1.714657933000126,0.09517541527748108,88408,tensor(488.8003),tensor(6274.9619),0,/workspace/models/redq/redq_0_stage_9
2026-05-15T14:48:52,train,redq,9,redq_0_stage_9,409,88583,175,1488.0771508812904,1,SUCCESS,1,0,0,9.765688890000092,1.417109489440918,88583,tensor(499.1340),tensor(5858.5503),0,/workspace/models/redq/redq_0_stage_9
2026-05-15T14:49:28,train,redq,9,redq_0_stage_9,410,89183,600,-5584.430425405502,2,COLL_WALL,0,0,0,33.60209709600076,4.682784557342529,89183,tensor(496.1484),tensor(5718.9395),0,/workspace/models/redq/redq_0_stage_9
2026-05-15T14:49:44,train,redq,9,redq_0_stage_9,411,89467,284,-4080.853593349457,2,COLL_WALL,0,0,0,15.881680030000098,3.0136168003082275,89467,tensor(498.9456),tensor(5537.0073),0,/workspace/models/redq/redq_0_stage_9
2026-05-15T14:49:47,train,redq,9,redq_0_stage_9,412,89509,42,-2345.5223915576935,2,COLL_WALL,0,0,0,2.356936506999773,1.6550607681274414,89509,tensor(501.4059),tensor(4905.6045),0,/workspace/models/redq/redq_0_stage_9
2026-05-15T14:50:03,train,redq,9,redq_0_stage_9,413,89765,256,1910.530568689108,1,SUCCESS,1,0,0,14.224171238000054,2.6082725524902344,89765,tensor(484.8505),tensor(5709.2500),0,/workspace/models/redq/redq_0_stage_9
2026-05-15T14:50:34,train,redq,9,redq_0_stage_9,414,90276,511,1365.2901640236378,1,SUCCESS,1,0,0,29.899621444999866,4.352171897888184,90276,tensor(494.5417),tensor(5448.4717),0,/workspace/models/redq/redq_0_stage_9
2026-05-15T14:50:38,train,redq,9,redq_0_stage_9,415,90338,62,-2473.4242210388184,2,COLL_WALL,0,0,0,3.8003514779993566,0.6652719974517822,90338,tensor(485.7028),tensor(5302.7817),0,/workspace/models/redq/redq_0_stage_9
2026-05-15T14:50:54,train,redq,9,redq_0_stage_9,416,90578,240,972.6536931395531,1,SUCCESS,1,0,0,14.472672156000044,4.046862602233887,90578,tensor(488.5375),tensor(5770.8618),0,/workspace/models/redq/redq_0_stage_9
2026-05-15T14:50:59,train,redq,9,redq_0_stage_9,417,90647,69,-2366.0989916324615,2,COLL_WALL,0,0,0,4.166522548999637,0.715300977230072,90647,tensor(485.9300),tensor(5796.5366),0,/workspace/models/redq/redq_0_stage_9
2026-05-15T14:51:12,train,redq,9,redq_0_stage_9,418,90865,218,2143.773302912712,1,SUCCESS,1,0,0,12.870240970999475,3.391875743865967,90865,tensor(490.4722),tensor(6356.0527),0,/workspace/models/redq/redq_0_stage_9
2026-05-15T14:51:22,train,redq,9,redq_0_stage_9,419,91021,156,-3520.417548418045,2,COLL_WALL,0,0,0,9.529103900999871,1.1255477666854858,91021,tensor(474.4231),tensor(5518.7417),0,/workspace/models/redq/redq_0_stage_9
2026-05-15T14:51:36,train,redq,9,redq_0_stage_9,420,91222,201,1539.1562338471413,1,SUCCESS,1,0,0,11.739187406000383,4.9799370765686035,91222,tensor(488.1234),tensor(5518.5708),0,/workspace/models/redq/redq_0_stage_9
2026-05-15T14:52:13,train,redq,9,redq_0_stage_9,421,91843,621,-5343.037082314491,2,COLL_WALL,0,0,0,35.315000533000784,4.9257049560546875,91843,tensor(480.1360),tensor(5716.8867),0,/workspace/models/redq/redq_0_stage_9
2026-05-15T14:52:17,train,redq,9,redq_0_stage_9,422,91910,67,-2519.269560098648,2,COLL_WALL,0,0,0,3.8080334180003774,2.5316498279571533,91910,tensor(463.3815),tensor(5058.7100),0,/workspace/models/redq/redq_0_stage_9
2026-05-15T14:52:22,train,redq,9,redq_0_stage_9,423,91989,79,-3125.666852116585,2,COLL_WALL,0,0,0,4.4716070329996,0.603256344795227,91989,tensor(481.7419),tensor(6365.1948),0,/workspace/models/redq/redq_0_stage_9
2026-05-15T14:52:24,train,redq,9,redq_0_stage_9,424,92023,34,-2775.5671672821045,2,COLL_WALL,0,0,0,1.949333566999485,0.3173612058162689,92023,tensor(498.9633),tensor(5441.7012),0,/workspace/models/redq/redq_0_stage_9
2026-05-15T14:52:28,train,redq,9,redq_0_stage_9,425,92060,37,-2144.689038872719,2,COLL_WALL,0,0,0,2.143936579000183,0.24553155899047852,92060,tensor(482.9544),tensor(5263.8765),0,/workspace/models/redq/redq_0_stage_9
2026-05-15T14:52:31,train,redq,9,redq_0_stage_9,426,92106,46,-2577.264154791832,2,COLL_WALL,0,0,0,2.5992919880000045,0.36035528779029846,92106,tensor(485.0853),tensor(4821.9072),0,/workspace/models/redq/redq_0_stage_9
2026-05-15T14:52:33,train,redq,9,redq_0_stage_9,427,92141,35,-2456.2931518554688,2,COLL_WALL,0,0,0,1.9786938799998097,0.4376830458641052,92141,tensor(475.9297),tensor(6637.0762),0,/workspace/models/redq/redq_0_stage_9
2026-05-15T14:52:36,train,redq,9,redq_0_stage_9,428,92171,30,-2082.9431363344193,2,COLL_WALL,0,0,0,1.704121214999759,0.24063153564929962,92171,tensor(476.6485),tensor(7288.1104),0,/workspace/models/redq/redq_0_stage_9
2026-05-15T14:53:06,train,redq,9,redq_0_stage_9,429,92676,505,-43.770795434713364,1,SUCCESS,1,0,0,28.961545476000538,4.543459415435791,92676,tensor(487.0726),tensor(5475.0918),0,/workspace/models/redq/redq_0_stage_9
2026-05-15T14:53:21,train,redq,9,redq_0_stage_9,430,92927,251,-4232.307165145874,2,COLL_WALL,0,0,0,14.289078267999685,1.6331194639205933,92927,tensor(481.5055),tensor(5934.4961),0,/workspace/models/redq/redq_0_stage_9
2026-05-15T14:53:36,train,redq,9,redq_0_stage_9,431,93158,231,-2960.0344311594963,2,COLL_WALL,0,0,0,13.725510823999684,5.043676853179932,93158,tensor(487.1879),tensor(5685.5620),0,/workspace/models/redq/redq_0_stage_9
2026-05-15T14:53:53,train,redq,9,redq_0_stage_9,432,93445,287,163.61577481031418,1,SUCCESS,1,0,0,16.22536363800009,4.174899101257324,93445,tensor(490.3611),tensor(5173.7964),0,/workspace/models/redq/redq_0_stage_9
2026-05-15T14:54:02,train,redq,9,redq_0_stage_9,433,93572,127,-3878.446341276169,2,COLL_WALL,0,0,0,7.191097695999815,0.9953562021255493,93572,tensor(481.8540),tensor(6168.2373),0,/workspace/models/redq/redq_0_stage_9
2026-05-15T14:54:14,train,redq,9,redq_0_stage_9,434,93778,206,1772.765810072422,1,SUCCESS,1,0,0,11.67909442600012,5.455636978149414,93778,tensor(482.0634),tensor(5802.0171),0,/workspace/models/redq/redq_0_stage_9
2026-05-15T14:54:23,train,redq,9,redq_0_stage_9,435,93930,152,2248.345332413912,1,SUCCESS,1,0,0,8.570719986999393,1.4703046083450317,93930,tensor(486.5701),tensor(5727.6768),0,/workspace/models/redq/redq_0_stage_9
2026-05-15T14:54:30,train,redq,9,redq_0_stage_9,436,94036,106,-2806.6099507808685,2,COLL_WALL,0,0,0,5.99469295200015,1.002476453781128,94036,tensor(466.4836),tensor(6123.5317),0,/workspace/models/redq/redq_0_stage_9
2026-05-15T14:54:33,train,redq,9,redq_0_stage_9,437,94066,30,-2197.2700746059418,2,COLL_WALL,0,0,0,1.6874603139995088,1.4073495864868164,94066,tensor(468.7745),tensor(5630.8604),0,/workspace/models/redq/redq_0_stage_9
2026-05-15T14:54:53,train,redq,9,redq_0_stage_9,438,94405,339,-4624.002167642117,2,COLL_WALL,0,0,0,19.874112647999937,3.175720691680908,94405,tensor(476.8870),tensor(6175.9092),0,/workspace/models/redq/redq_0_stage_9
2026-05-15T14:54:56,train,redq,9,redq_0_stage_9,439,94446,41,-2266.4749497175217,2,COLL_WALL,0,0,0,2.329253826999775,2.626767873764038,94446,tensor(474.6518),tensor(5301.4712),0,/workspace/models/redq/redq_0_stage_9
2026-05-15T14:54:58,train,redq,9,redq_0_stage_9,440,94476,30,-2250.252951025963,2,COLL_WALL,0,0,0,1.703871222000089,0.27126723527908325,94476,tensor(464.1762),tensor(6652.1567),0,/workspace/models/redq/redq_0_stage_9
2026-05-15T14:55:04,train,redq,9,redq_0_stage_9,441,94552,76,-3041.853321790695,2,COLL_WALL,0,0,0,4.302447040000516,0.5093920230865479,94552,tensor(491.7236),tensor(5481.0728),0,/workspace/models/redq/redq_0_stage_9
2026-05-15T14:55:15,train,redq,9,redq_0_stage_9,442,94740,188,1877.1354667544365,1,SUCCESS,1,0,0,10.580745084000228,1.787239909172058,94740,tensor(475.8788),tensor(6569.8711),0,/workspace/models/redq/redq_0_stage_9
2026-05-15T14:55:30,train,redq,9,redq_0_stage_9,443,94988,248,-3691.608024597168,2,COLL_WALL,0,0,0,14.065512935999323,1.333570122718811,94988,tensor(486.8927),tensor(5688.1221),0,/workspace/models/redq/redq_0_stage_9
2026-05-15T14:55:36,train,redq,9,redq_0_stage_9,444,95071,83,2295.615567982197,1,SUCCESS,1,0,0,4.7204397550003705,2.9676733016967773,95071,tensor(484.7630),tensor(6542.9155),0,/workspace/models/redq/redq_0_stage_9
2026-05-15T14:55:56,train,redq,9,redq_0_stage_9,445,95425,354,-3922.151438355446,2,COLL_WALL,0,0,0,19.93348999600039,2.915849208831787,95425,tensor(477.4564),tensor(5940.0415),0,/workspace/models/redq/redq_0_stage_9
2026-05-15T14:56:07,train,redq,9,redq_0_stage_9,446,95587,162,-2920.4471623897552,2,COLL_WALL,0,0,0,9.183506813999884,2.4091575145721436,95587,tensor(497.0733),tensor(6523.0093),0,/workspace/models/redq/redq_0_stage_9
2026-05-15T14:56:14,train,redq,9,redq_0_stage_9,447,95698,111,-655.0451953411102,5,TUMBLE,0,0,0,6.613592423999762,1.9258370399475098,95698,tensor(483.7601),tensor(6330.4580),0,/workspace/models/redq/redq_0_stage_9
2026-05-15T14:56:55,train,redq,9,redq_0_stage_9,448,96389,691,-285.5963535606861,1,SUCCESS,1,0,0,39.845003106999684,5.863964557647705,96389,tensor(482.0162),tensor(5899.8755),0,/workspace/models/redq/redq_0_stage_9
2026-05-15T14:57:00,train,redq,9,redq_0_stage_9,449,96465,76,-2722.4984040260315,2,COLL_WALL,0,0,0,4.382942897999783,0.5847479104995728,96465,tensor(476.5367),tensor(4678.5566),0,/workspace/models/redq/redq_0_stage_9
2026-05-15T14:57:16,train,redq,9,redq_0_stage_9,450,96709,244,1881.532290816307,1,SUCCESS,1,0,0,13.805669012999715,5.475873947143555,96709,tensor(483.9610),tensor(6150.6689),0,/workspace/models/redq/redq_0_stage_9
2026-05-15T14:57:25,train,redq,9,redq_0_stage_9,451,96853,144,-3087.611933708191,2,COLL_WALL,0,0,0,8.121781364000526,1.1338577270507812,96853,tensor(482.8101),tensor(5996.3828),0,/workspace/models/redq/redq_0_stage_9
2026-05-15T14:57:27,train,redq,9,redq_0_stage_9,452,96883,30,-2158.9187200069427,2,COLL_WALL,0,0,0,1.7501099400005842,2.821387767791748,96883,tensor(465.3268),tensor(5071.8862),0,/workspace/models/redq/redq_0_stage_9
2026-05-15T14:57:43,train,redq,9,redq_0_stage_9,453,97148,265,1037.2381989955902,1,SUCCESS,1,0,0,15.218721191999975,1.903810977935791,97148,tensor(479.9957),tensor(5947.8467),0,/workspace/models/redq/redq_0_stage_9
2026-05-15T14:57:49,train,redq,9,redq_0_stage_9,454,97239,91,-2600.1554251909256,2,COLL_WALL,0,0,0,5.193112844999632,0.5886744856834412,97239,tensor(484.2115),tensor(5309.2383),0,/workspace/models/redq/redq_0_stage_9
2026-05-15T14:58:01,train,redq,9,redq_0_stage_9,455,97434,195,1897.941433519125,1,SUCCESS,1,0,0,10.949663327000053,3.530266284942627,97434,tensor(486.1557),tensor(5441.0835),0,/workspace/models/redq/redq_0_stage_9
2026-05-15T14:58:28,train,redq,9,redq_0_stage_9,456,97887,453,1203.977146178484,1,SUCCESS,1,0,0,25.885441662999256,3.5045981407165527,97887,tensor(480.7818),tensor(5673.6694),0,/workspace/models/redq/redq_0_stage_9
2026-05-15T14:58:34,train,redq,9,redq_0_stage_9,457,97989,102,-2728.688584804535,2,COLL_WALL,0,0,0,5.772513978999996,0.7474996447563171,97989,tensor(465.7460),tensor(6074.4370),0,/workspace/models/redq/redq_0_stage_9
2026-05-15T14:58:49,train,redq,9,redq_0_stage_9,458,98228,239,-3761.85454249382,2,COLL_WALL,0,0,0,13.7170337080006,3.542186737060547,98228,tensor(483.1285),tensor(6200.0854),0,/workspace/models/redq/redq_0_stage_9
2026-05-15T14:58:59,train,redq,9,redq_0_stage_9,459,98374,146,2166.9734094142914,1,SUCCESS,1,0,0,8.615150558000096,2.2237393856048584,98374,tensor(484.7731),tensor(6449.9121),0,/workspace/models/redq/redq_0_stage_9
2026-05-15T14:59:04,train,redq,9,redq_0_stage_9,460,98453,79,-2817.336757659912,2,COLL_WALL,0,0,0,4.462427275000664,0.7205479741096497,98453,tensor(489.0385),tensor(6269.7896),0,/workspace/models/redq/redq_0_stage_9
2026-05-15T14:59:12,train,redq,9,redq_0_stage_9,461,98576,123,-2776.7014906406403,2,COLL_WALL,0,0,0,7.075549879000391,2.255183219909668,98576,tensor(474.4929),tensor(6463.4668),0,/workspace/models/redq/redq_0_stage_9
2026-05-15T14:59:21,train,redq,9,redq_0_stage_9,462,98726,150,-2892.1497564315796,2,COLL_WALL,0,0,0,8.521960590999697,1.0995745658874512,98726,tensor(479.3533),tensor(6710.7866),0,/workspace/models/redq/redq_0_stage_9
2026-05-15T14:59:27,train,redq,9,redq_0_stage_9,463,98814,88,2308.2487404346466,1,SUCCESS,1,0,0,4.949755798000297,1.4569019079208374,98814,tensor(478.0815),tensor(6420.9409),0,/workspace/models/redq/redq_0_stage_9
2026-05-15T14:59:32,train,redq,9,redq_0_stage_9,464,98894,80,-2613.258654356003,2,COLL_WALL,0,0,0,4.467785644999822,0.8128476142883301,98894,tensor(479.9505),tensor(5857.7690),0,/workspace/models/redq/redq_0_stage_9
2026-05-15T14:59:48,train,redq,9,redq_0_stage_9,465,99152,258,-3318.572676420212,2,COLL_WALL,0,0,0,14.707436456000323,3.1944985389709473,99152,tensor(475.0094),tensor(5550.8711),0,/workspace/models/redq/redq_0_stage_9
2026-05-15T14:59:52,train,redq,9,redq_0_stage_9,466,99205,53,-2506.221234560013,2,COLL_WALL,0,0,0,3.0076410029996623,1.593766689300537,99205,tensor(492.1661),tensor(5984.5024),0,/workspace/models/redq/redq_0_stage_9
2026-05-15T14:59:54,train,redq,9,redq_0_stage_9,467,99247,42,-2275.2024636268616,2,COLL_WALL,0,0,0,2.340765420000025,0.501375675201416,99247,tensor(482.8138),tensor(6659.5146),0,/workspace/models/redq/redq_0_stage_9
2026-05-15T14:59:57,train,redq,9,redq_0_stage_9,468,99277,30,-2164.4571621418,2,COLL_WALL,0,0,0,1.7492578739993405,0.22919856011867523,99277,tensor(467.2733),tensor(5396.1670),0,/workspace/models/redq/redq_0_stage_9
2026-05-15T15:00:08,train,redq,9,redq_0_stage_9,469,99466,189,1417.495440363884,1,SUCCESS,1,0,0,10.739165832999788,1.412318229675293,99466,tensor(473.8210),tensor(6040.0640),0,/workspace/models/redq/redq_0_stage_9
2026-05-15T15:00:24,train,redq,9,redq_0_stage_9,470,99713,247,-3850.4626953601837,2,COLL_WALL,0,0,0,13.96016227400014,1.8320564031600952,99713,tensor(477.2607),tensor(5397.5547),0,/workspace/models/redq/redq_0_stage_9
2026-05-15T15:00:31,train,redq,9,redq_0_stage_9,471,99817,104,-3051.2252106666565,2,COLL_WALL,0,0,0,6.992363198000021,2.3630027770996094,99817,tensor(465.2172),tensor(6294.2588),0,/workspace/models/redq/redq_0_stage_9
2026-05-15T15:00:45,train,redq,9,redq_0_stage_9,472,100020,203,1900.870688855648,1,SUCCESS,1,0,0,12.198551002000386,2.672283887863159,100020,tensor(485.3214),tensor(6631.5283),0,/workspace/models/redq/redq_0_stage_9
2026-05-15T15:00:53,train,redq,9,redq_0_stage_9,473,100154,134,2217.4420196413994,1,SUCCESS,1,0,0,8.146188779000113,1.528428077697754,100154,tensor(474.7612),tensor(5990.7378),0,/workspace/models/redq/redq_0_stage_9
2026-05-15T15:01:35,train,redq,9,redq_0_stage_9,474,100838,684,-2066.6746184825897,4,TIMEOUT,0,0,1,39.852805798999725,5.94941520690918,100838,tensor(473.9568),tensor(6094.2275),0,/workspace/models/redq/redq_0_stage_9
2026-05-15T15:01:47,train,redq,9,redq_0_stage_9,475,101027,189,2148.2599842250347,1,SUCCESS,1,0,0,11.06663726699935,4.111448764801025,101027,tensor(480.5493),tensor(6608.6592),0,/workspace/models/redq/redq_0_stage_9
2026-05-15T15:01:56,train,redq,9,redq_0_stage_9,476,101175,148,-3026.641478538513,2,COLL_WALL,0,0,0,8.515055257999848,1.2727042436599731,101175,tensor(480.1680),tensor(7636.1064),0,/workspace/models/redq/redq_0_stage_9
2026-05-15T15:02:07,train,redq,9,redq_0_stage_9,477,101355,180,-3728.000150680542,2,COLL_WALL,0,0,0,10.410464464999677,3.104433298110962,101355,tensor(477.7565),tensor(5813.8901),0,/workspace/models/redq/redq_0_stage_9
2026-05-15T15:02:21,train,redq,9,redq_0_stage_9,478,101561,206,1827.2469184994698,1,SUCCESS,1,0,0,11.910144435999428,2.5876071453094482,101561,tensor(474.1888),tensor(5789.6665),0,/workspace/models/redq/redq_0_stage_9
2026-05-15T15:02:23,train,redq,9,redq_0_stage_9,479,101600,39,-2527.0309958457947,2,COLL_WALL,0,0,0,2.264208816000064,0.33247455954551697,101600,tensor(467.0108),tensor(4877.8271),0,/workspace/models/redq/redq_0_stage_9
2026-05-15T15:02:26,train,redq,9,redq_0_stage_9,480,101630,30,-2219.6709986925125,2,COLL_WALL,0,0,0,1.737652660999629,1.4859081506729126,101630,tensor(474.4659),tensor(6418.0938),0,/workspace/models/redq/redq_0_stage_9
2026-05-15T15:02:46,train,redq,9,redq_0_stage_9,481,101954,324,1563.9902356266975,1,SUCCESS,1,0,0,18.784487072000047,3.010361433029175,101954,tensor(473.7261),tensor(6187.0029),0,/workspace/models/redq/redq_0_stage_9
2026-05-15T15:03:06,train,redq,9,redq_0_stage_9,482,102282,328,1309.0259771943092,1,SUCCESS,1,0,0,19.00353091800025,3.1237857341766357,102282,tensor(472.5708),tensor(6302.9971),0,/workspace/models/redq/redq_0_stage_9
2026-05-15T15:03:25,train,redq,9,redq_0_stage_9,483,102588,306,1983.1855722665787,1,SUCCESS,1,0,0,17.756282358000135,3.1009042263031006,102588,tensor(467.0192),tensor(5717.8413),0,/workspace/models/redq/redq_0_stage_9
2026-05-15T15:03:30,train,redq,9,redq_0_stage_9,484,102661,73,-2347.4755868911743,2,COLL_WALL,0,0,0,4.256553616000019,0.8195154666900635,102661,tensor(466.2312),tensor(6204.8203),0,/workspace/models/redq/redq_0_stage_9
2026-05-15T15:03:37,train,redq,9,redq_0_stage_9,485,102781,120,-2770.8163623809814,2,COLL_WALL,0,0,0,6.924360433000402,2.574355363845825,102781,tensor(476.5732),tensor(6220.7891),0,/workspace/models/redq/redq_0_stage_9
2026-05-15T15:03:43,train,redq,9,redq_0_stage_9,486,102870,89,2296.3909301161766,1,SUCCESS,1,0,0,5.203186362999986,1.6204241514205933,102870,tensor(461.1781),tensor(6208.9067),0,/workspace/models/redq/redq_0_stage_9
2026-05-15T15:03:57,train,redq,9,redq_0_stage_9,487,103087,217,-3135.6978434324265,2,COLL_WALL,0,0,0,12.694779057000233,1.6020883321762085,103087,tensor(468.8320),tensor(5794.3623),0,/workspace/models/redq/redq_0_stage_9
2026-05-15T15:04:05,train,redq,9,redq_0_stage_9,488,103208,121,-2582.1947665810585,2,COLL_WALL,0,0,0,7.073698840999896,2.496553897857666,103208,tensor(462.4646),tensor(5822.4009),0,/workspace/models/redq/redq_0_stage_9
2026-05-15T15:04:11,train,redq,9,redq_0_stage_9,489,103316,108,-2733.2574598789215,2,COLL_WALL,0,0,0,6.339823925000019,1.3558448553085327,103316,tensor(471.0759),tensor(7028.0884),0,/workspace/models/redq/redq_0_stage_9
2026-05-15T15:04:14,train,redq,9,redq_0_stage_9,490,103346,30,-2623.7160091400146,2,COLL_WALL,0,0,0,1.7346764339999936,0.30549678206443787,103346,tensor(467.4649),tensor(7895.4058),0,/workspace/models/redq/redq_0_stage_9
2026-05-15T15:04:16,train,redq,9,redq_0_stage_9,491,103376,30,-2209.3728082180023,2,COLL_WALL,0,0,0,1.8395074769996427,0.0030283418018370867,103376,tensor(458.3581),tensor(6733.4546),0,/workspace/models/redq/redq_0_stage_9
2026-05-15T15:04:26,train,redq,9,redq_0_stage_9,492,103511,135,-3151.2289375066757,2,COLL_WALL,0,0,0,7.917223205000482,1.105434775352478,103511,tensor(477.8942),tensor(6361.5308),0,/workspace/models/redq/redq_0_stage_9
2026-05-15T15:04:46,train,redq,9,redq_0_stage_9,493,103851,340,870.9227388501167,1,SUCCESS,1,0,0,19.99471720299971,4.313736915588379,103851,tensor(473.9392),tensor(6647.8081),0,/workspace/models/redq/redq_0_stage_9
2026-05-15T15:05:03,train,redq,9,redq_0_stage_9,494,104120,269,-2838.7681191563606,2,COLL_WALL,0,0,0,15.790086880999297,2.6128952503204346,104120,tensor(465.0511),tensor(6244.3296),0,/workspace/models/redq/redq_0_stage_9
2026-05-15T15:05:24,train,redq,9,redq_0_stage_9,495,104453,333,1092.2733377814293,1,SUCCESS,1,0,0,19.582320024000182,4.614878177642822,104453,tensor(471.4652),tensor(6212.8662),0,/workspace/models/redq/redq_0_stage_9
2026-05-15T15:05:33,train,redq,9,redq_0_stage_9,496,104584,131,-2902.5744681358337,2,COLL_WALL,0,0,0,7.622104570999909,1.0752702951431274,104584,tensor(472.0163),tensor(5782.1211),0,/workspace/models/redq/redq_0_stage_9
2026-05-15T15:05:46,train,redq,9,redq_0_stage_9,497,104795,211,2205.6399931907654,1,SUCCESS,1,0,0,12.395544957999846,5.8923845291137695,104795,tensor(464.3217),tensor(6028.5479),0,/workspace/models/redq/redq_0_stage_9
2026-05-15T15:06:28,train,redq,9,redq_0_stage_9,498,105474,679,-1811.2299644052982,4,TIMEOUT,0,0,1,40.37306429,5.759882926940918,105474,tensor(464.4594),tensor(6314.8359),0,/workspace/models/redq/redq_0_stage_9
2026-05-15T15:06:40,train,redq,9,redq_0_stage_9,499,105657,183,-2858.1920282244682,2,COLL_WALL,0,0,0,10.835927250999703,3.423717737197876,105657,tensor(465.4457),tensor(6246.6797),0,/workspace/models/redq/redq_0_stage_9
2026-05-15T15:06:50,train,redq,9,redq_0_stage_9,500,105797,140,-2968.5467653274536,2,COLL_WALL,0,0,0,8.138088749999952,2.0769832134246826,105797,tensor(476.5702),tensor(6393.5708),1,/workspace/models/redq/redq_0_stage_9
2026-05-15T15:07:07,train,redq,9,redq_0_stage_9,501,106063,266,1726.256775856018,1,SUCCESS,1,0,0,15.507178259000284,3.8263659477233887,106063,tensor(471.3899),tensor(6949.1064),0,/workspace/models/redq/redq_0_stage_9
2026-05-15T15:07:30,train,redq,9,redq_0_stage_9,502,106442,379,1127.7625311762094,1,SUCCESS,1,0,0,22.073614082999484,3.0942866802215576,106442,tensor(475.2305),tensor(6707.4712),0,/workspace/models/redq/redq_0_stage_9
2026-05-15T15:07:38,train,redq,9,redq_0_stage_9,503,106562,120,-2741.4207377433777,2,COLL_WALL,0,0,0,7.009633011000005,0.9779911041259766,106562,tensor(478.0497),tensor(6387.6167),0,/workspace/models/redq/redq_0_stage_9
2026-05-15T15:07:50,train,redq,9,redq_0_stage_9,504,106773,211,1787.3987998366356,1,SUCCESS,1,0,0,12.237250376000702,3.7470035552978516,106773,tensor(468.1224),tensor(6279.0088),0,/workspace/models/redq/redq_0_stage_9
2026-05-15T15:08:20,train,redq,9,redq_0_stage_9,505,107253,480,1120.5288583040237,1,SUCCESS,1,0,0,27.937076356000034,4.315332889556885,107253,tensor(467.7426),tensor(6045.5830),0,/workspace/models/redq/redq_0_stage_9
2026-05-15T15:08:42,train,redq,9,redq_0_stage_9,506,107603,350,146.80366580188274,1,SUCCESS,1,0,0,20.709649569999783,2.5899643898010254,107603,tensor(465.9351),tensor(6305.1362),0,/workspace/models/redq/redq_0_stage_9
2026-05-15T15:08:54,train,redq,9,redq_0_stage_9,507,107799,196,-3565.726178407669,2,COLL_WALL,0,0,0,11.809049077999589,1.548620343208313,107799,tensor(459.2784),tensor(6535.9932),0,/workspace/models/redq/redq_0_stage_9
2026-05-15T15:09:05,train,redq,9,redq_0_stage_9,508,107957,158,-3622.481422185898,2,COLL_WALL,0,0,0,9.179612118000477,4.909171104431152,107957,tensor(458.8178),tensor(7681.9263),0,/workspace/models/redq/redq_0_stage_9
2026-05-15T15:09:17,train,redq,9,redq_0_stage_9,509,108144,187,1757.2098273038864,1,SUCCESS,1,0,0,11.038961984999332,2.7932636737823486,108144,tensor(468.4291),tensor(5773.4634),0,/workspace/models/redq/redq_0_stage_9
2026-05-15T15:09:34,train,redq,9,redq_0_stage_9,510,108416,272,-2867.4496916532516,2,COLL_WALL,0,0,0,15.799304225000014,2.1414475440979004,108416,tensor(457.4095),tensor(5966.6479),0,/workspace/models/redq/redq_0_stage_9
2026-05-15T15:09:45,train,redq,9,redq_0_stage_9,511,108594,178,-3242.3214024305344,2,COLL_WALL,0,0,0,10.440773495999565,3.0013959407806396,108594,tensor(453.3929),tensor(6747.4727),0,/workspace/models/redq/redq_0_stage_9
2026-05-15T15:09:50,train,redq,9,redq_0_stage_9,512,108668,74,-3305.0354387760162,2,COLL_WALL,0,0,0,4.3947486670003855,0.7352827787399292,108668,tensor(457.4625),tensor(7164.5142),0,/workspace/models/redq/redq_0_stage_9
2026-05-15T15:09:53,train,redq,9,redq_0_stage_9,513,108717,49,-2246.541370153427,2,COLL_WALL,0,0,0,2.9363867140000366,0.29752659797668457,108717,tensor(445.6125),tensor(5473.3276),0,/workspace/models/redq/redq_0_stage_9
2026-05-15T15:10:00,train,redq,9,redq_0_stage_9,514,108809,92,-2612.802433371544,2,COLL_WALL,0,0,0,5.584950188000221,0.7175077199935913,108809,tensor(457.6112),tensor(5986.4092),0,/workspace/models/redq/redq_0_stage_9
2026-05-15T15:10:09,train,redq,9,redq_0_stage_9,515,108940,131,-3140.9070175886154,2,COLL_WALL,0,0,0,7.891414157000327,1.4303100109100342,108940,tensor(452.2483),tensor(6474.4619),0,/workspace/models/redq/redq_0_stage_9
2026-05-15T15:10:20,train,redq,9,redq_0_stage_9,516,109114,174,1860.1901079416275,1,SUCCESS,1,0,0,10.278071785000066,2.348592758178711,109114,tensor(465.6031),tensor(5907.7358),0,/workspace/models/redq/redq_0_stage_9
2026-05-15T15:10:36,train,redq,9,redq_0_stage_9,517,109360,246,1409.4553741812706,1,SUCCESS,1,0,0,14.61550070499925,2.5173120498657227,109360,tensor(458.9476),tensor(6520.7554),0,/workspace/models/redq/redq_0_stage_9
2026-05-15T15:10:44,train,redq,9,redq_0_stage_9,518,109489,129,-2774.2841733694077,2,COLL_WALL,0,0,0,7.81726777699987,1.1406631469726562,109489,tensor(462.6299),tensor(6606.5195),0,/workspace/models/redq/redq_0_stage_9
2026-05-15T15:11:11,train,redq,9,redq_0_stage_9,519,109913,424,-393.1271758079529,1,SUCCESS,1,0,0,25.68768903900036,5.8924994468688965,109913,tensor(459.6039),tensor(6482.5464),0,/workspace/models/redq/redq_0_stage_9
2026-05-15T15:11:29,train,redq,9,redq_0_stage_9,520,110207,294,-4626.245936751366,2,COLL_WALL,0,0,0,17.290811495000526,2.4623892307281494,110207,tensor(460.0760),tensor(6467.4580),0,/workspace/models/redq/redq_0_stage_9
2026-05-15T15:11:39,train,redq,9,redq_0_stage_9,521,110341,134,-2637.6201827526093,2,COLL_WALL,0,0,0,8.274091512999803,1.8852424621582031,110341,tensor(461.0126),tensor(6489.6929),0,/workspace/models/redq/redq_0_stage_9
2026-05-15T15:11:54,train,redq,9,redq_0_stage_9,522,110561,220,-2496.81203687191,2,COLL_WALL,0,0,0,14.384234914999979,3.54941987991333,110561,tensor(463.3821),tensor(5888.3657),0,/workspace/models/redq/redq_0_stage_9
2026-05-15T15:12:21,train,redq,9,redq_0_stage_9,523,110993,432,1355.399083405733,1,SUCCESS,1,0,0,25.710878913999295,5.6655449867248535,110993,tensor(458.5832),tensor(6582.3530),0,/workspace/models/redq/redq_0_stage_9
2026-05-15T15:12:27,train,redq,9,redq_0_stage_9,524,111072,79,-2757.263812303543,2,COLL_WALL,0,0,0,4.708116638999854,0.6011852025985718,111072,tensor(457.0960),tensor(6396.4268),0,/workspace/models/redq/redq_0_stage_9
2026-05-15T15:12:42,train,redq,9,redq_0_stage_9,525,111300,228,1989.3127626180649,1,SUCCESS,1,0,0,13.852106289000403,6.18731689453125,111300,tensor(455.9681),tensor(7036.7134),0,/workspace/models/redq/redq_0_stage_9
2026-05-15T15:13:04,train,redq,9,redq_0_stage_9,526,111663,363,-3035.94398188591,2,COLL_WALL,0,0,0,21.144131205999656,2.9028453826904297,111663,tensor(459.0307),tensor(6208.1304),0,/workspace/models/redq/redq_0_stage_9
2026-05-15T15:13:11,train,redq,9,redq_0_stage_9,527,111756,93,2249.494817852974,1,SUCCESS,1,0,0,5.482553290000396,2.496600866317749,111756,tensor(473.7016),tensor(6074.5449),0,/workspace/models/redq/redq_0_stage_9
2026-05-15T15:13:18,train,redq,9,redq_0_stage_9,528,111873,117,-2737.581114768982,2,COLL_WALL,0,0,0,6.832184530000632,1.2676640748977661,111873,tensor(461.5549),tensor(6279.0718),0,/workspace/models/redq/redq_0_stage_9
2026-05-15T15:13:28,train,redq,9,redq_0_stage_9,529,112026,153,2154.124044895172,1,SUCCESS,1,0,0,9.271531295999921,2.8315858840942383,112026,tensor(453.8825),tensor(6738.8193),0,/workspace/models/redq/redq_0_stage_9
2026-05-15T15:13:30,train,redq,9,redq_0_stage_9,530,112056,30,-2637.292197227478,2,COLL_WALL,0,0,0,1.7658388769996236,0.28384020924568176,112056,tensor(469.3439),tensor(6536.2056),0,/workspace/models/redq/redq_0_stage_9
2026-05-15T15:13:46,train,redq,9,redq_0_stage_9,531,112301,245,-3399.123902320862,2,COLL_WALL,0,0,0,14.322576077999656,3.187286853790283,112301,tensor(460.2379),tensor(7185.2368),0,/workspace/models/redq/redq_0_stage_9
2026-05-15T15:13:54,train,redq,9,redq_0_stage_9,532,112422,121,-2553.5881354808807,2,COLL_WALL,0,0,0,7.336339905000386,2.599794864654541,112422,tensor(453.6984),tensor(8094.7988),0,/workspace/models/redq/redq_0_stage_9
2026-05-15T15:14:08,train,redq,9,redq_0_stage_9,533,112627,205,1506.9605397880077,1,SUCCESS,1,0,0,12.941774205999536,2.6563355922698975,112627,tensor(464.5861),tensor(6045.6426),0,/workspace/models/redq/redq_0_stage_9
2026-05-15T15:14:21,train,redq,9,redq_0_stage_9,534,112839,212,1950.9973448514938,1,SUCCESS,1,0,0,12.382295186000192,2.2897562980651855,112839,tensor(462.8349),tensor(6953.6299),0,/workspace/models/redq/redq_0_stage_9
2026-05-15T15:14:36,train,redq,9,redq_0_stage_9,535,113074,235,1861.5502709448338,1,SUCCESS,1,0,0,13.910873648000234,2.2965331077575684,113074,tensor(463.4731),tensor(6317.7397),0,/workspace/models/redq/redq_0_stage_9
2026-05-15T15:14:49,train,redq,9,redq_0_stage_9,536,113280,206,-3751.176024019718,2,COLL_WALL,0,0,0,12.235375831000056,1.5784157514572144,113280,tensor(463.5987),tensor(5839.4756),0,/workspace/models/redq/redq_0_stage_9
2026-05-15T15:14:52,train,redq,9,redq_0_stage_9,537,113314,34,-2553.429414153099,2,COLL_WALL,0,0,0,1.9719524699994508,1.2158266305923462,113314,tensor(447.0739),tensor(5159.9819),0,/workspace/models/redq/redq_0_stage_9
2026-05-15T15:15:07,train,redq,9,redq_0_stage_9,538,113564,250,-3952.0653804540634,2,COLL_WALL,0,0,0,14.475260010000056,1.8863252401351929,113564,tensor(450.4057),tensor(7019.3838),0,/workspace/models/redq/redq_0_stage_9
2026-05-15T15:15:17,train,redq,9,redq_0_stage_9,539,113714,150,-2727.6799097061157,2,COLL_WALL,0,0,0,8.734254245000557,1.871722936630249,113714,tensor(459.5357),tensor(7466.9458),0,/workspace/models/redq/redq_0_stage_9
2026-05-15T15:15:26,train,redq,9,redq_0_stage_9,540,113851,137,2279.0377689003944,1,SUCCESS,1,0,0,7.924878707999596,2.548584222793579,113851,tensor(446.6557),tensor(7833.1011),0,/workspace/models/redq/redq_0_stage_9
2026-05-15T15:15:41,train,redq,9,redq_0_stage_9,541,114081,230,-2777.9801570773125,2,COLL_WALL,0,0,0,13.490252781999516,2.1600453853607178,114081,tensor(455.4240),tensor(6767.3594),0,/workspace/models/redq/redq_0_stage_9
2026-05-15T15:15:46,train,redq,9,redq_0_stage_9,542,114159,78,2364.861246049404,1,SUCCESS,1,0,0,4.562315461999788,2.6972427368164062,114159,tensor(454.2487),tensor(6349.8232),0,/workspace/models/redq/redq_0_stage_9
2026-05-15T15:15:54,train,redq,9,redq_0_stage_9,543,114283,124,2146.2916939258575,1,SUCCESS,1,0,0,7.3171599150000475,1.0931973457336426,114283,tensor(449.8088),tensor(6238.1934),0,/workspace/models/redq/redq_0_stage_9
2026-05-15T15:16:08,train,redq,9,redq_0_stage_9,544,114522,239,2047.7697748839855,1,SUCCESS,1,0,0,13.989039482999942,2.688375473022461,114522,tensor(444.5648),tensor(6536.1807),0,/workspace/models/redq/redq_0_stage_9
2026-05-15T15:16:36,train,redq,9,redq_0_stage_9,545,114965,443,348.3871682584286,1,SUCCESS,1,0,0,25.96023786800015,3.8983359336853027,114965,tensor(452.4064),tensor(6789.2534),0,/workspace/models/redq/redq_0_stage_9
2026-05-15T15:16:52,train,redq,9,redq_0_stage_9,546,115221,256,-3034.4259341955185,2,COLL_WALL,0,0,0,15.011283427000308,2.4320454597473145,115221,tensor(457.4321),tensor(6139.1123),0,/workspace/models/redq/redq_0_stage_9
2026-05-15T15:17:17,train,redq,9,redq_0_stage_9,547,115612,391,111.25920170545578,1,SUCCESS,1,0,0,22.970082712000476,4.743683815002441,115612,tensor(456.7828),tensor(6848.7153),0,/workspace/models/redq/redq_0_stage_9
2026-05-15T15:17:31,train,redq,9,redq_0_stage_9,548,115852,240,2026.784801363945,1,SUCCESS,1,0,0,14.103987730999506,2.4170751571655273,115852,tensor(452.1494),tensor(6869.0947),0,/workspace/models/redq/redq_0_stage_9
2026-05-15T15:17:45,train,redq,9,redq_0_stage_9,549,116054,202,-3766.4688589572906,2,COLL_WALL,0,0,0,11.857592819999809,1.9144057035446167,116054,tensor(447.0807),tensor(5963.0410),0,/workspace/models/redq/redq_0_stage_9
2026-05-15T15:18:03,train,redq,9,redq_0_stage_9,550,116346,292,1329.813702315092,1,SUCCESS,1,0,0,17.124444493998453,4.078413963317871,116346,tensor(448.7949),tensor(6540.1865),0,/workspace/models/redq/redq_0_stage_9
2026-05-15T15:18:08,train,redq,9,redq_0_stage_9,551,116421,75,-2534.2489470243454,2,COLL_WALL,0,0,0,4.474384283999825,0.6566788554191589,116421,tensor(448.5288),tensor(7488.4243),0,/workspace/models/redq/redq_0_stage_9
2026-05-15T15:18:23,train,redq,9,redq_0_stage_9,552,116655,234,1399.158621609211,1,SUCCESS,1,0,0,13.664880389000245,3.0936291217803955,116655,tensor(443.7599),tensor(5924.6719),0,/workspace/models/redq/redq_0_stage_9
2026-05-15T15:18:40,train,redq,9,redq_0_stage_9,553,116938,283,-3759.979228377342,2,COLL_WALL,0,0,0,16.64532955499999,2.2546372413635254,116938,tensor(448.5143),tensor(7091.2256),0,/workspace/models/redq/redq_0_stage_9
2026-05-15T15:18:47,train,redq,9,redq_0_stage_9,554,117023,85,2302.45522660017,1,SUCCESS,1,0,0,5.02066730200022,1.4734073877334595,117023,tensor(455.6711),tensor(5201.8706),0,/workspace/models/redq/redq_0_stage_9
2026-05-15T15:18:59,train,redq,9,redq_0_stage_9,555,117228,205,2097.7543919682503,1,SUCCESS,1,0,0,12.154652720999366,2.4020633697509766,117228,tensor(439.8925),tensor(6360.6191),0,/workspace/models/redq/redq_0_stage_9
2026-05-15T15:19:41,train,redq,9,redq_0_stage_9,556,117907,679,-2996.7037229537964,4,TIMEOUT,0,0,1,39.92267994800022,5.1187639236450195,117907,tensor(441.7992),tensor(6452.5728),0,/workspace/models/redq/redq_0_stage_9
2026-05-15T15:19:43,train,redq,9,redq_0_stage_9,557,117937,30,-2483.5900921821594,2,COLL_WALL,0,0,0,1.7667345170011686,0.1484304517507553,117937,tensor(427.6478),tensor(7343.0703),0,/workspace/models/redq/redq_0_stage_9
2026-05-15T15:19:46,train,redq,9,redq_0_stage_9,558,117976,39,-2605.950916528702,2,COLL_WALL,0,0,0,2.234937297000215,0.2313288450241089,117976,tensor(449.2545),tensor(9596.5391),0,/workspace/models/redq/redq_0_stage_9
2026-05-15T15:19:50,train,redq,9,redq_0_stage_9,559,118019,43,-2464.8342955112457,2,COLL_WALL,0,0,0,2.5639232089997677,0.456781804561615,118019,tensor(439.2359),tensor(5449.7954),0,/workspace/models/redq/redq_0_stage_9
2026-05-15T15:19:54,train,redq,9,redq_0_stage_9,560,118081,62,-2322.365230202675,2,COLL_WALL,0,0,0,3.6270532140006253,0.3144335448741913,118081,tensor(438.7590),tensor(6795.8706),0,/workspace/models/redq/redq_0_stage_9
2026-05-15T15:20:00,train,redq,9,redq_0_stage_9,561,118163,82,-3018.38401055336,2,COLL_WALL,0,0,0,4.835609190999094,0.24162162840366364,118163,tensor(445.5685),tensor(6435.7910),0,/workspace/models/redq/redq_0_stage_9
2026-05-15T15:20:23,train,redq,9,redq_0_stage_9,562,118540,377,1115.8850467801094,1,SUCCESS,1,0,0,21.840554753000106,3.2366867065429688,118540,tensor(447.3490),tensor(6763.4927),0,/workspace/models/redq/redq_0_stage_9
2026-05-15T15:20:37,train,redq,9,redq_0_stage_9,563,118760,220,-4508.735119998455,2,COLL_WALL,0,0,0,12.921673147999172,1.4645440578460693,118760,tensor(440.3422),tensor(6983.0522),0,/workspace/models/redq/redq_0_stage_9
2026-05-15T15:20:44,train,redq,9,redq_0_stage_9,564,118878,118,-2767.9349798560143,2,COLL_WALL,0,0,0,6.936446113999409,3.008114814758301,118878,tensor(446.1625),tensor(7550.3193),0,/workspace/models/redq/redq_0_stage_9
2026-05-15T15:20:52,train,redq,9,redq_0_stage_9,565,118992,114,-2693.312918663025,2,COLL_WALL,0,0,0,6.692785936998916,1.8532097339630127,118992,tensor(448.2518),tensor(7339.9043),0,/workspace/models/redq/redq_0_stage_9
2026-05-15T15:21:02,train,redq,9,redq_0_stage_9,566,119144,152,-3249.208155632019,2,COLL_WALL,0,0,0,8.886043126000004,1.9754717350006104,119144,tensor(443.1436),tensor(7378.9146),0,/workspace/models/redq/redq_0_stage_9
2026-05-15T15:21:14,train,redq,9,redq_0_stage_9,567,119348,204,1618.6418574601412,1,SUCCESS,1,0,0,11.934804051001265,2.7677581310272217,119348,tensor(445.8414),tensor(7081.5532),0,/workspace/models/redq/redq_0_stage_9
2026-05-15T15:21:24,train,redq,9,redq_0_stage_9,568,119495,147,2124.0632029771805,1,SUCCESS,1,0,0,8.543976775999909,1.415244460105896,119495,tensor(441.4156),tensor(6743.7163),0,/workspace/models/redq/redq_0_stage_9
2026-05-15T15:21:46,train,redq,9,redq_0_stage_9,569,119861,366,378.09995935857296,1,SUCCESS,1,0,0,21.48459989100047,3.563786029815674,119861,tensor(438.4898),tensor(7290.2124),0,/workspace/models/redq/redq_0_stage_9
2026-05-15T15:21:57,train,redq,9,redq_0_stage_9,570,120018,157,2091.3646559119225,1,SUCCESS,1,0,0,9.274459831000058,1.4083484411239624,120018,tensor(439.3171),tensor(6529.5449),0,/workspace/models/redq/redq_0_stage_9
2026-05-15T15:22:17,train,redq,9,redq_0_stage_9,571,120351,333,-3166.9184687137604,2,COLL_WALL,0,0,0,19.414757831000315,2.9327239990234375,120351,tensor(447.4937),tensor(6841.7363),0,/workspace/models/redq/redq_0_stage_9
2026-05-15T15:22:19,train,redq,9,redq_0_stage_9,572,120381,30,-2164.5812723636627,2,COLL_WALL,0,0,0,1.7879465250007343,1.4448283910751343,120381,tensor(443.0890),tensor(7952.5967),0,/workspace/models/redq/redq_0_stage_9
2026-05-15T15:22:22,train,redq,9,redq_0_stage_9,573,120411,30,-2161.4354436397552,2,COLL_WALL,0,0,0,1.7403215340000315,2.0316017980803736e-05,120411,tensor(426.6655),tensor(5223.5098),0,/workspace/models/redq/redq_0_stage_9
2026-05-15T15:22:27,train,redq,9,redq_0_stage_9,574,120474,63,-3315.746561527252,2,COLL_WALL,0,0,0,3.604992492000747,0.14667314291000366,120474,tensor(422.6649),tensor(6990.4570),0,/workspace/models/redq/redq_0_stage_9
2026-05-15T15:22:38,train,redq,9,redq_0_stage_9,575,120658,184,2137.447522997856,1,SUCCESS,1,0,0,10.764408458999242,1.7566636800765991,120658,tensor(437.0945),tensor(7530.4360),0,/workspace/models/redq/redq_0_stage_9
2026-05-15T15:22:55,train,redq,9,redq_0_stage_9,576,120924,266,704.9794228076935,1,SUCCESS,1,0,0,15.651792336999279,2.650383710861206,120924,tensor(441.2455),tensor(6344.8281),0,/workspace/models/redq/redq_0_stage_9
2026-05-15T15:23:03,train,redq,9,redq_0_stage_9,577,121043,119,-2746.379416704178,2,COLL_WALL,0,0,0,6.997952653999164,0.8496724367141724,121043,tensor(443.2198),tensor(6854.8394),0,/workspace/models/redq/redq_0_stage_9
2026-05-15T15:23:11,train,redq,9,redq_0_stage_9,578,121177,134,2229.7539056241512,1,SUCCESS,1,0,0,7.871028298000965,3.764535427093506,121177,tensor(432.0956),tensor(6725.3926),0,/workspace/models/redq/redq_0_stage_9
2026-05-15T15:23:22,train,redq,9,redq_0_stage_9,579,121352,175,-2866.0349066257477,2,COLL_WALL,0,0,0,10.231209822999517,1.2337960004806519,121352,tensor(428.7354),tensor(6735.9399),0,/workspace/models/redq/redq_0_stage_9
2026-05-15T15:23:37,train,redq,9,redq_0_stage_9,580,121571,219,1311.1689928770065,1,SUCCESS,1,0,0,12.79952022100042,2.809056043624878,121571,tensor(433.1376),tensor(6679.9399),0,/workspace/models/redq/redq_0_stage_9
2026-05-15T15:23:40,train,redq,9,redq_0_stage_9,581,121617,46,-2332.1770401000977,2,COLL_WALL,0,0,0,2.7729934969993337,0.6281440258026123,121617,tensor(442.1271),tensor(6785.4707),0,/workspace/models/redq/redq_0_stage_9
2026-05-15T15:23:55,train,redq,9,redq_0_stage_9,582,121867,250,1804.0972679555416,1,SUCCESS,1,0,0,14.552282886001194,3.184648275375366,121867,tensor(433.5211),tensor(7104.8403),0,/workspace/models/redq/redq_0_stage_9
2026-05-15T15:24:04,train,redq,9,redq_0_stage_9,583,121987,120,-2751.415915250778,2,COLL_WALL,0,0,0,7.0839810090001265,1.1016429662704468,121987,tensor(430.7059),tensor(6919.0122),0,/workspace/models/redq/redq_0_stage_9
2026-05-15T15:24:14,train,redq,9,redq_0_stage_9,584,122163,176,1459.4110687971115,1,SUCCESS,1,0,0,10.316619663999518,3.679459810256958,122163,tensor(439.2705),tensor(6895.9175),0,/workspace/models/redq/redq_0_stage_9
2026-05-15T15:24:33,train,redq,9,redq_0_stage_9,585,122461,298,-5135.353201508522,2,COLL_WALL,0,0,0,17.282980095000312,1.3729122877120972,122461,tensor(438.4805),tensor(7536.8423),0,/workspace/models/redq/redq_0_stage_9
2026-05-15T15:24:44,train,redq,9,redq_0_stage_9,586,122633,172,1943.7107818424702,1,SUCCESS,1,0,0,10.115874430999611,3.945680618286133,122633,tensor(430.5623),tensor(7030.6201),0,/workspace/models/redq/redq_0_stage_9
2026-05-15T15:25:01,train,redq,9,redq_0_stage_9,587,122897,264,-4850.629416465759,2,COLL_WALL,0,0,0,15.532109183999637,2.1166088581085205,122897,tensor(433.8296),tensor(7506.8428),0,/workspace/models/redq/redq_0_stage_9
2026-05-15T15:25:35,train,redq,9,redq_0_stage_9,588,123446,549,-4232.369268298149,2,COLL_WALL,0,0,0,32.1824602279994,6.454472541809082,123446,tensor(434.9770),tensor(7405.1973),0,/workspace/models/redq/redq_0_stage_9
2026-05-15T15:25:43,train,redq,9,redq_0_stage_9,589,123578,132,2013.7507858276367,1,SUCCESS,1,0,0,7.904534951001551,3.117518901824951,123578,tensor(422.9834),tensor(8037.5078),0,/workspace/models/redq/redq_0_stage_9
2026-05-15T15:26:06,train,redq,9,redq_0_stage_9,590,123939,361,-4522.063807606697,2,COLL_WALL,0,0,0,21.32582112399905,2.09617280960083,123939,tensor(435.8437),tensor(6937.1294),0,/workspace/models/redq/redq_0_stage_9
2026-05-15T15:26:17,train,redq,9,redq_0_stage_9,591,124121,182,1982.5168949067593,1,SUCCESS,1,0,0,10.72534004100089,4.329426288604736,124121,tensor(437.5787),tensor(6734.0474),0,/workspace/models/redq/redq_0_stage_9
2026-05-15T15:26:20,train,redq,9,redq_0_stage_9,592,124153,32,-2463.5168347358704,2,COLL_WALL,0,0,0,1.8920560520000436,0.3849788010120392,124153,tensor(432.3163),tensor(5609.2598),0,/workspace/models/redq/redq_0_stage_9
2026-05-15T15:26:42,train,redq,9,redq_0_stage_9,593,124502,349,1472.6915580779314,1,SUCCESS,1,0,0,20.58675411400145,4.796419620513916,124502,tensor(439.0887),tensor(6552.5366),0,/workspace/models/redq/redq_0_stage_9
2026-05-15T15:26:54,train,redq,9,redq_0_stage_9,594,124695,193,-3107.205622434616,2,COLL_WALL,0,0,0,11.35687574199983,1.6632267236709595,124695,tensor(432.5777),tensor(6269.7891),0,/workspace/models/redq/redq_0_stage_9
2026-05-15T15:27:07,train,redq,9,redq_0_stage_9,595,124898,203,-2987.658344388008,2,COLL_WALL,0,0,0,12.043441182000606,3.7153091430664062,124898,tensor(435.3071),tensor(7483.3286),0,/workspace/models/redq/redq_0_stage_9
2026-05-15T15:27:20,train,redq,9,redq_0_stage_9,596,125103,205,-3121.915388941765,2,COLL_WALL,0,0,0,12.069872375999694,3.0841104984283447,125103,tensor(442.2626),tensor(6478.7114),0,/workspace/models/redq/redq_0_stage_9
2026-05-15T15:27:36,train,redq,9,redq_0_stage_9,597,125344,241,-3594.36047655344,2,COLL_WALL,0,0,0,14.260325772000215,3.233957052230835,125344,tensor(438.0297),tensor(6727.5244),0,/workspace/models/redq/redq_0_stage_9
2026-05-15T15:27:52,train,redq,9,redq_0_stage_9,598,125603,259,1433.0074276924133,1,SUCCESS,1,0,0,15.355208626999229,3.995755672454834,125603,tensor(442.0623),tensor(7727.2041),0,/workspace/models/redq/redq_0_stage_9
2026-05-15T15:28:00,train,redq,9,redq_0_stage_9,599,125731,128,1648.3630567789078,1,SUCCESS,1,0,0,7.587822328001494,1.3917739391326904,125731,tensor(449.7087),tensor(7425.5557),0,/workspace/models/redq/redq_0_stage_9
2026-05-15T15:28:13,train,redq,9,redq_0_stage_9,600,125911,180,-3278.465224504471,2,COLL_WALL,0,0,0,10.549486187999719,1.1735496520996094,125911,tensor(438.5555),tensor(6707.8047),1,/workspace/models/redq/redq_0_stage_9
2026-05-15T15:28:27,train,redq,9,redq_0_stage_9,601,126131,220,-4214.971140384674,2,COLL_WALL,0,0,0,13.053610228000252,2.9123246669769287,126131,tensor(446.9825),tensor(6877.0557),0,/workspace/models/redq/redq_0_stage_9
2026-05-15T15:28:53,train,redq,9,redq_0_stage_9,602,126542,411,249.74361884593964,1,SUCCESS,1,0,0,24.406274536000637,4.688405513763428,126542,tensor(444.6698),tensor(6591.0264),0,/workspace/models/redq/redq_0_stage_9
2026-05-15T15:29:04,train,redq,9,redq_0_stage_9,603,126730,188,-2861.5448365211487,2,COLL_WALL,0,0,0,11.047483084001215,1.865156888961792,126730,tensor(446.3365),tensor(6844.6851),0,/workspace/models/redq/redq_0_stage_9
2026-05-15T15:29:28,train,redq,9,redq_0_stage_9,604,127099,369,553.0254827737808,1,SUCCESS,1,0,0,21.78812237100101,5.267539024353027,127099,tensor(447.3672),tensor(6882.3335),0,/workspace/models/redq/redq_0_stage_9
2026-05-15T15:29:52,train,redq,9,redq_0_stage_9,605,127487,388,1528.6893518865108,1,SUCCESS,1,0,0,22.931473307000488,4.0604071617126465,127487,tensor(444.8239),tensor(7252.0166),0,/workspace/models/redq/redq_0_stage_9
2026-05-15T15:30:01,train,redq,9,redq_0_stage_9,606,127627,140,-2598.2503646612167,2,COLL_WALL,0,0,0,8.325860011000259,1.239670753479004,127627,tensor(455.4506),tensor(8066.1885),0,/workspace/models/redq/redq_0_stage_9
2026-05-15T15:30:21,train,redq,9,redq_0_stage_9,607,127950,323,-3550.2936075925827,2,COLL_WALL,0,0,0,19.05006785200021,4.250240325927734,127950,tensor(451.8676),tensor(7021.8228),0,/workspace/models/redq/redq_0_stage_9
2026-05-15T15:30:26,train,redq,9,redq_0_stage_9,608,128018,68,-2478.9846184253693,2,COLL_WALL,0,0,0,3.9603035199997976,1.6503269672393799,128018,tensor(442.7326),tensor(6882.7139),0,/workspace/models/redq/redq_0_stage_9
2026-05-15T15:30:50,train,redq,9,redq_0_stage_9,609,128405,387,1449.0553253293037,1,SUCCESS,1,0,0,22.842393670000092,4.49856424331665,128405,tensor(448.5716),tensor(7153.9985),0,/workspace/models/redq/redq_0_stage_9
2026-05-15T15:30:59,train,redq,9,redq_0_stage_9,610,128540,135,-2674.5660376548767,2,COLL_WALL,0,0,0,7.952803899999708,1.1782118082046509,128540,tensor(446.5869),tensor(7278.9634),0,/workspace/models/redq/redq_0_stage_9
2026-05-15T15:31:20,train,redq,9,redq_0_stage_9,611,128855,315,730.0650054812431,1,SUCCESS,1,0,0,19.529846359999283,5.258301258087158,128855,tensor(453.4065),tensor(6739.0415),0,/workspace/models/redq/redq_0_stage_9
2026-05-15T15:31:46,train,redq,9,redq_0_stage_9,612,129253,398,875.2974786311388,1,SUCCESS,1,0,0,24.037280492999344,4.121854305267334,129253,tensor(451.1811),tensor(6465.2002),0,/workspace/models/redq/redq_0_stage_9
2026-05-15T15:31:53,train,redq,9,redq_0_stage_9,613,129366,113,-3384.228633403778,2,COLL_WALL,0,0,0,6.716841399998884,0.9570590853691101,129366,tensor(451.5040),tensor(7882.8711),0,/workspace/models/redq/redq_0_stage_9
2026-05-15T15:32:10,train,redq,9,redq_0_stage_9,614,129634,268,-3480.5147329568863,2,COLL_WALL,0,0,0,15.98798040300062,4.0511393547058105,129634,tensor(455.3291),tensor(6917.2109),0,/workspace/models/redq/redq_0_stage_9
2026-05-15T15:32:13,train,redq,9,redq_0_stage_9,615,129664,30,-2510.763149499893,2,COLL_WALL,0,0,0,1.815201227000216,1.3032350540161133,129664,tensor(467.0003),tensor(7339.1670),0,/workspace/models/redq/redq_0_stage_9
2026-05-15T15:32:15,train,redq,9,redq_0_stage_9,616,129694,30,-2700.5639114379883,2,COLL_WALL,0,0,0,1.7752354120002565,0.0029195528477430344,129694,tensor(471.2884),tensor(7055.9761),0,/workspace/models/redq/redq_0_stage_9
2026-05-15T15:32:19,train,redq,9,redq_0_stage_9,617,129742,48,-2343.22658765316,2,COLL_WALL,0,0,0,2.885007539000071,0.2300337702035904,129742,tensor(445.1311),tensor(6763.3931),0,/workspace/models/redq/redq_0_stage_9
2026-05-15T15:32:21,train,redq,9,redq_0_stage_9,618,129772,30,-2211.764251232147,2,COLL_WALL,0,0,0,1.7630847969994647,0.22801360487937927,129772,tensor(441.5815),tensor(6066.9800),0,/workspace/models/redq/redq_0_stage_9
2026-05-15T15:32:25,train,redq,9,redq_0_stage_9,619,129826,54,-2524.9395579099655,2,COLL_WALL,0,0,0,3.1816073730005883,0.31308209896087646,129826,tensor(432.5045),tensor(7454.4180),0,/workspace/models/redq/redq_0_stage_9
2026-05-15T15:32:42,train,redq,9,redq_0_stage_9,620,130101,275,1155.2455501407385,1,SUCCESS,1,0,0,16.247406909000347,2.840853691101074,130101,tensor(458.4968),tensor(7245.3521),0,/workspace/models/redq/redq_0_stage_9
2026-05-15T15:32:57,train,redq,9,redq_0_stage_9,621,130340,239,-4185.558492422104,2,COLL_WALL,0,0,0,14.17345966799985,1.9523707628250122,130340,tensor(454.7414),tensor(7286.2363),0,/workspace/models/redq/redq_0_stage_9
2026-05-15T15:33:10,train,redq,9,redq_0_stage_9,622,130541,201,1786.040729522705,1,SUCCESS,1,0,0,11.893144023999412,4.469398021697998,130541,tensor(465.1426),tensor(7727.5840),0,/workspace/models/redq/redq_0_stage_9
2026-05-15T15:33:19,train,redq,9,redq_0_stage_9,623,130676,135,-2876.742079973221,2,COLL_WALL,0,0,0,7.894614838000052,0.7479745745658875,130676,tensor(465.7562),tensor(8187.8750),0,/workspace/models/redq/redq_0_stage_9
2026-05-15T15:33:36,train,redq,9,redq_0_stage_9,624,130958,282,1324.9842160642147,1,SUCCESS,1,0,0,16.493872281000222,5.010487079620361,130958,tensor(456.6496),tensor(7237.6611),0,/workspace/models/redq/redq_0_stage_9
2026-05-15T15:33:55,train,redq,9,redq_0_stage_9,625,131242,284,-3832.143525123596,2,COLL_WALL,0,0,0,16.73310839899932,2.429286479949951,131242,tensor(465.7457),tensor(7212.2422),0,/workspace/models/redq/redq_0_stage_9
2026-05-15T15:34:17,train,redq,9,redq_0_stage_9,626,131602,360,-3625.788587272167,2,COLL_WALL,0,0,0,21.163256600999375,4.363693714141846,131602,tensor(458.7502),tensor(7500.8252),0,/workspace/models/redq/redq_0_stage_9
2026-05-15T15:34:21,train,redq,9,redq_0_stage_9,627,131663,61,-2267.512973546982,2,COLL_WALL,0,0,0,3.614942862999669,1.932111382484436,131663,tensor(452.1163),tensor(6536.9902),0,/workspace/models/redq/redq_0_stage_9
2026-05-15T15:34:30,train,redq,9,redq_0_stage_9,628,131799,136,-2927.269750237465,2,COLL_WALL,0,0,0,8.231193597999663,1.844071388244629,131799,tensor(458.5489),tensor(6596.4053),0,/workspace/models/redq/redq_0_stage_9
2026-05-15T15:34:41,train,redq,9,redq_0_stage_9,629,131956,157,-2786.7106280326843,2,COLL_WALL,0,0,0,10.34044837699912,1.8068076372146606,131956,tensor(465.2841),tensor(7605.6240),0,/workspace/models/redq/redq_0_stage_9
2026-05-15T15:34:45,train,redq,9,redq_0_stage_9,630,132003,47,-2734.6997604370117,2,COLL_WALL,0,0,0,3.0833000430011452,1.3540610074996948,132003,tensor(472.4966),tensor(7299.5293),0,/workspace/models/redq/redq_0_stage_9
2026-05-15T15:34:49,train,redq,9,redq_0_stage_9,631,132049,46,-2392.3914561271667,2,COLL_WALL,0,0,0,2.814895715999228,0.46694323420524597,132049,tensor(494.0584),tensor(7282.7949),0,/workspace/models/redq/redq_0_stage_9
2026-05-15T15:34:52,train,redq,9,redq_0_stage_9,632,132079,30,-2144.0009274482727,2,COLL_WALL,0,0,0,1.7630176980001124,0.27152660489082336,132079,tensor(467.1533),tensor(6327.2212),0,/workspace/models/redq/redq_0_stage_9
2026-05-15T15:35:05,train,redq,9,redq_0_stage_9,633,132291,212,-2979.977434158325,2,COLL_WALL,0,0,0,12.676610593998703,1.6683859825134277,132291,tensor(475.4664),tensor(8616.8242),0,/workspace/models/redq/redq_0_stage_9
2026-05-15T15:35:10,train,redq,9,redq_0_stage_9,634,132362,71,2370.819155395031,1,SUCCESS,1,0,0,4.929767589999756,2.4128012657165527,132362,tensor(465.0828),tensor(8351.2559),0,/workspace/models/redq/redq_0_stage_9
2026-05-15T15:35:15,train,redq,9,redq_0_stage_9,635,132433,71,-2939.993798971176,2,COLL_WALL,0,0,0,4.637126351999541,0.7453719973564148,132433,tensor(463.4006),tensor(9603.5557),0,/workspace/models/redq/redq_0_stage_9
2026-05-15T15:35:35,train,redq,9,redq_0_stage_9,636,132719,286,1788.8472498506308,1,SUCCESS,1,0,0,17.969347369999014,4.41325569152832,132719,tensor(461.9357),tensor(7625.4624),0,/workspace/models/redq/redq_0_stage_9
2026-05-15T15:35:48,train,redq,9,redq_0_stage_9,637,132929,210,-3837.347295999527,2,COLL_WALL,0,0,0,12.529356430000917,1.2669672966003418,132929,tensor(458.6942),tensor(7870.3853),0,/workspace/models/redq/redq_0_stage_9
2026-05-15T15:35:55,train,redq,9,redq_0_stage_9,638,133020,91,2235.6373974978924,1,SUCCESS,1,0,0,5.440725398999348,4.01352071762085,133020,tensor(463.7506),tensor(7030.1719),0,/workspace/models/redq/redq_0_stage_9
2026-05-15T15:36:02,train,redq,9,redq_0_stage_9,639,133138,118,2206.522931456566,1,SUCCESS,1,0,0,7.046988440999485,1.3589781522750854,133138,tensor(460.4087),tensor(7443.4189),0,/workspace/models/redq/redq_0_stage_9
2026-05-15T15:36:22,train,redq,9,redq_0_stage_9,640,133423,285,-6252.278309345245,2,COLL_WALL,0,0,0,17.100528203000067,2.513864040374756,133423,tensor(464.6720),tensor(7381.5366),0,/workspace/models/redq/redq_0_stage_9
2026-05-15T15:36:30,train,redq,9,redq_0_stage_9,641,133562,139,2105.5475946962833,1,SUCCESS,1,0,0,8.24112203599907,3.5992093086242676,133562,tensor(470.4162),tensor(7353.4277),0,/workspace/models/redq/redq_0_stage_9
2026-05-15T15:36:35,train,redq,9,redq_0_stage_9,642,133639,77,-2506.8004633188248,2,COLL_WALL,0,0,0,4.5811456729989,0.5508357286453247,133639,tensor(453.9973),tensor(7733.1982),0,/workspace/models/redq/redq_0_stage_9
2026-05-15T15:36:59,train,redq,9,redq_0_stage_9,643,134006,367,183.16819563508034,1,SUCCESS,1,0,0,21.939123823000045,4.2686848640441895,134006,tensor(459.6158),tensor(7445.9702),0,/workspace/models/redq/redq_0_stage_9
2026-05-15T15:37:40,train,redq,9,redq_0_stage_9,644,134677,671,-2268.289745539427,4,TIMEOUT,0,0,1,40.008563547999074,5.2976155281066895,134677,tensor(461.3454),tensor(7171.5156),0,/workspace/models/redq/redq_0_stage_9
2026-05-15T15:37:49,train,redq,9,redq_0_stage_9,645,134820,143,-2835.266387462616,2,COLL_WALL,0,0,0,8.532242044000668,2.8104641437530518,134820,tensor(458.3276),tensor(6845.4590),0,/workspace/models/redq/redq_0_stage_9
2026-05-15T15:38:04,train,redq,9,redq_0_stage_9,646,135030,210,-3405.5562875270844,2,COLL_WALL,0,0,0,12.504730193999421,2.422645330429077,135030,tensor(455.7285),tensor(7550.7285),0,/workspace/models/redq/redq_0_stage_9
2026-05-15T15:38:43,train,redq,9,redq_0_stage_9,647,135677,647,-4108.851724684238,2,COLL_WALL,0,0,0,38.335083137000765,6.630493640899658,135677,tensor(470.0232),tensor(7602.8569),0,/workspace/models/redq/redq_0_stage_9
2026-05-15T15:39:01,train,redq,9,redq_0_stage_9,648,135953,276,1766.752300441265,1,SUCCESS,1,0,0,16.2562317539996,5.752871513366699,135953,tensor(468.3608),tensor(7793.5244),0,/workspace/models/redq/redq_0_stage_9
2026-05-15T15:39:04,train,redq,9,redq_0_stage_9,649,135988,35,-2603.3898203372955,2,COLL_WALL,0,0,0,2.056084355999701,0.4359407424926758,135988,tensor(466.6530),tensor(7511.0679),0,/workspace/models/redq/redq_0_stage_9
2026-05-15T15:39:25,train,redq,9,redq_0_stage_9,650,136329,341,479.67943224310875,1,SUCCESS,1,0,0,20.018052583998724,5.640361785888672,136329,tensor(471.3123),tensor(7408.8052),0,/workspace/models/redq/redq_0_stage_9
2026-05-15T15:39:46,train,redq,9,redq_0_stage_9,651,136669,340,1762.0106357336044,1,SUCCESS,1,0,0,20.06465452699922,3.4315080642700195,136669,tensor(465.8857),tensor(7088.2524),0,/workspace/models/redq/redq_0_stage_9
2026-05-15T15:39:55,train,redq,9,redq_0_stage_9,652,136793,124,-3151.5794064998627,2,COLL_WALL,0,0,0,8.231528022999555,0.9101699590682983,136793,tensor(461.9815),tensor(7650.6934),0,/workspace/models/redq/redq_0_stage_9
2026-05-15T15:40:18,train,redq,9,redq_0_stage_9,653,137115,322,113.7095400094986,1,SUCCESS,1,0,0,21.046837326999594,5.297752380371094,137115,tensor(470.1624),tensor(6545.6631),0,/workspace/models/redq/redq_0_stage_9
2026-05-15T15:40:39,train,redq,9,redq_0_stage_9,654,137444,329,-545.6453163325787,1,SUCCESS,1,0,0,19.644098061000477,2.625127077102661,137444,tensor(469.8327),tensor(7391.8247),0,/workspace/models/redq/redq_0_stage_9
2026-05-15T15:40:54,train,redq,9,redq_0_stage_9,655,137684,240,1807.0618277788162,1,SUCCESS,1,0,0,14.333531570999185,2.124958038330078,137684,tensor(474.3775),tensor(7915.8013),0,/workspace/models/redq/redq_0_stage_9
2026-05-15T15:41:19,train,redq,9,redq_0_stage_9,656,138081,397,-3889.44387614727,2,COLL_WALL,0,0,0,23.597286291000273,3.863752841949463,138081,tensor(468.6932),tensor(7025.0044),0,/workspace/models/redq/redq_0_stage_9
2026-05-15T15:41:28,train,redq,9,redq_0_stage_9,657,138228,147,2069.2902197241783,1,SUCCESS,1,0,0,8.698330341001565,3.0164895057678223,138228,tensor(467.1678),tensor(7014.3164),0,/workspace/models/redq/redq_0_stage_9
2026-05-15T15:41:37,train,redq,9,redq_0_stage_9,658,138347,119,-2841.717681646347,2,COLL_WALL,0,0,0,7.084828460001518,1.110033392906189,138347,tensor(460.5851),tensor(8075.6348),0,/workspace/models/redq/redq_0_stage_9
2026-05-15T15:41:50,train,redq,9,redq_0_stage_9,659,138552,205,-3673.864149928093,2,COLL_WALL,0,0,0,12.261985156999799,3.465768814086914,138552,tensor(460.0061),tensor(7226.9336),0,/workspace/models/redq/redq_0_stage_9
2026-05-15T15:42:00,train,redq,9,redq_0_stage_9,660,138706,154,2146.2750175595284,1,SUCCESS,1,0,0,9.163636082001176,2.6028873920440674,138706,tensor(449.9641),tensor(7188.4204),0,/workspace/models/redq/redq_0_stage_9
2026-05-15T15:42:04,train,redq,9,redq_0_stage_9,661,138747,41,-2449.573207139969,2,COLL_WALL,0,0,0,2.5829872520007484,0.43082091212272644,138747,tensor(460.6239),tensor(7218.9863),0,/workspace/models/redq/redq_0_stage_9
2026-05-15T15:42:12,train,redq,9,redq_0_stage_9,662,138869,122,-2939.8575855493546,2,COLL_WALL,0,0,0,7.329207838000002,2.1456384658813477,138869,tensor(458.9603),tensor(7097.4644),0,/workspace/models/redq/redq_0_stage_9
2026-05-15T15:42:14,train,redq,9,redq_0_stage_9,663,138899,30,-2492.184493303299,2,COLL_WALL,0,0,0,1.7928260339995177,0.12576206028461456,138899,tensor(441.2804),tensor(7470.9253),0,/workspace/models/redq/redq_0_stage_9
2026-05-15T15:42:17,train,redq,9,redq_0_stage_9,664,138938,39,-2655.4674479961395,2,COLL_WALL,0,0,0,2.3125196719993255,0.18107612431049347,138938,tensor(461.2427),tensor(6702.2031),0,/workspace/models/redq/redq_0_stage_9
2026-05-15T15:42:19,train,redq,9,redq_0_stage_9,665,138970,32,-2628.6741753816605,2,COLL_WALL,0,0,0,1.961265812999045,0.42176687717437744,138970,tensor(462.4026),tensor(6444.8340),0,/workspace/models/redq/redq_0_stage_9
2026-05-15T15:42:22,train,redq,9,redq_0_stage_9,666,139000,30,-2478.7467246055603,2,COLL_WALL,0,0,0,1.8210098080016905,0.24665655195713043,139000,tensor(460.3504),tensor(7156.1006),0,/workspace/models/redq/redq_0_stage_9
2026-05-15T15:42:36,train,redq,9,redq_0_stage_9,667,139210,210,-3287.5504460930824,2,COLL_WALL,0,0,0,12.475372945000345,1.8019834756851196,139210,tensor(460.7989),tensor(7486.8838),0,/workspace/models/redq/redq_0_stage_9
2026-05-15T15:42:44,train,redq,9,redq_0_stage_9,668,139349,139,2139.376726537943,1,SUCCESS,1,0,0,8.345603409999967,2.3338892459869385,139349,tensor(466.4835),tensor(7214.4766),0,/workspace/models/redq/redq_0_stage_9
2026-05-15T15:43:11,train,redq,9,redq_0_stage_9,669,139773,424,1468.5496537685394,1,SUCCESS,1,0,0,25.343820685999162,4.206822395324707,139773,tensor(457.4686),tensor(7343.5884),0,/workspace/models/redq/redq_0_stage_9
2026-05-15T15:43:16,train,redq,9,redq_0_stage_9,670,139828,55,-2672.867214202881,2,COLL_WALL,0,0,0,3.2359046380006475,0.3324574828147888,139828,tensor(462.8472),tensor(7466.0562),0,/workspace/models/redq/redq_0_stage_9
2026-05-15T15:43:25,train,redq,9,redq_0_stage_9,671,139969,141,-3478.515863418579,2,COLL_WALL,0,0,0,8.353123869999763,3.517575740814209,139969,tensor(464.0863),tensor(7504.5957),0,/workspace/models/redq/redq_0_stage_9
2026-05-15T15:43:27,train,redq,9,redq_0_stage_9,672,139999,30,-2400.4635813236237,2,COLL_WALL,0,0,0,1.7795567720004328,0.7371158599853516,139999,tensor(445.5885),tensor(9076.8906),0,/workspace/models/redq/redq_0_stage_9
2026-05-15T15:43:29,train,redq,9,redq_0_stage_9,673,140029,30,-2367.76746404171,2,COLL_WALL,0,0,0,1.8375093119993835,0.0014330527046695352,140029,tensor(458.7686),tensor(8330.3896),0,/workspace/models/redq/redq_0_stage_9
2026-05-15T15:43:32,train,redq,9,redq_0_stage_9,674,140059,30,-2190.129693865776,2,COLL_WALL,0,0,0,2.0258721970003535,0.5399534702301025,140059,tensor(457.5765),tensor(8810.4160),0,/workspace/models/redq/redq_0_stage_9
2026-05-15T15:43:41,train,redq,9,redq_0_stage_9,675,140190,131,-3049.964986383915,2,COLL_WALL,0,0,0,7.897527887000251,1.1742806434631348,140190,tensor(465.7032),tensor(7887.5913),0,/workspace/models/redq/redq_0_stage_9
2026-05-15T15:43:59,train,redq,9,redq_0_stage_9,676,140480,290,-3038.250660419464,2,COLL_WALL,0,0,0,17.391871882000487,4.07614278793335,140480,tensor(461.0420),tensor(7499.4268),0,/workspace/models/redq/redq_0_stage_9
2026-05-15T15:44:21,train,redq,9,redq_0_stage_9,677,140821,341,969.8921096324921,1,SUCCESS,1,0,0,20.349168882001322,6.189402103424072,140821,tensor(464.4081),tensor(8265.5703),0,/workspace/models/redq/redq_0_stage_9
2026-05-15T15:44:46,train,redq,9,redq_0_stage_9,678,141213,392,-3379.7866091132164,2,COLL_WALL,0,0,0,23.260853458999918,3.833423137664795,141213,tensor(465.0471),tensor(7431.3604),0,/workspace/models/redq/redq_0_stage_9
2026-05-15T15:44:49,train,redq,9,redq_0_stage_9,679,141253,40,-2603.493259191513,2,COLL_WALL,0,0,0,2.3969680329992116,2.727207899093628,141253,tensor(461.6864),tensor(5867.2754),0,/workspace/models/redq/redq_0_stage_9
2026-05-15T15:44:52,train,redq,9,redq_0_stage_9,680,141283,30,-2167.790727496147,2,COLL_WALL,0,0,0,1.78187643199999,0.07652223855257034,141283,tensor(446.2356),tensor(7082.6147),0,/workspace/models/redq/redq_0_stage_9
2026-05-15T15:44:58,train,redq,9,redq_0_stage_9,681,141388,105,1974.8875900506973,1,SUCCESS,1,0,0,6.243989607999538,1.4487576484680176,141388,tensor(463.7626),tensor(7843.1504),0,/workspace/models/redq/redq_0_stage_9
2026-05-15T15:45:12,train,redq,9,redq_0_stage_9,682,141583,195,-2823.589544892311,2,COLL_WALL,0,0,0,11.547006249000333,1.3585624694824219,141583,tensor(466.5762),tensor(7240.3037),0,/workspace/models/redq/redq_0_stage_9
2026-05-15T15:45:26,train,redq,9,redq_0_stage_9,683,141819,236,-4163.587912082672,2,COLL_WALL,0,0,0,13.982560980999551,3.5648529529571533,141819,tensor(463.9713),tensor(8387.1357),0,/workspace/models/redq/redq_0_stage_9
2026-05-15T15:45:28,train,redq,9,redq_0_stage_9,684,141849,30,-2366.9196004867554,2,COLL_WALL,0,0,0,1.763668419998794,1.5568583011627197,141849,tensor(482.3498),tensor(8028.9834),0,/workspace/models/redq/redq_0_stage_9
2026-05-15T15:45:41,train,redq,9,redq_0_stage_9,685,142038,189,-3007.721512913704,2,COLL_WALL,0,0,0,11.281333489001554,1.612673282623291,142038,tensor(479.7619),tensor(7955.4380),0,/workspace/models/redq/redq_0_stage_9
2026-05-15T15:45:55,train,redq,9,redq_0_stage_9,686,142265,227,1420.492774605751,1,SUCCESS,1,0,0,13.404641308999999,3.426949977874756,142265,tensor(475.8889),tensor(7655.9443),0,/workspace/models/redq/redq_0_stage_9
2026-05-15T15:46:10,train,redq,9,redq_0_stage_9,687,142509,244,1529.3689630627632,1,SUCCESS,1,0,0,14.482850517999395,1.911405086517334,142509,tensor(478.7014),tensor(7369.3140),0,/workspace/models/redq/redq_0_stage_9
2026-05-15T15:46:26,train,redq,9,redq_0_stage_9,688,142755,246,1864.5779943168163,1,SUCCESS,1,0,0,14.561801666000974,2.384385824203491,142755,tensor(475.8768),tensor(7694.3037),0,/workspace/models/redq/redq_0_stage_9
2026-05-15T15:46:47,train,redq,9,redq_0_stage_9,689,143078,323,1755.0463435649872,1,SUCCESS,1,0,0,19.237012473000505,3.7443861961364746,143078,tensor(473.0266),tensor(7902.9155),0,/workspace/models/redq/redq_0_stage_9
2026-05-15T15:46:56,train,redq,9,redq_0_stage_9,690,143217,139,2201.6586065888405,1,SUCCESS,1,0,0,8.244122245001563,1.4898122549057007,143217,tensor(480.0350),tensor(8061.7427),0,/workspace/models/redq/redq_0_stage_9
2026-05-15T15:47:10,train,redq,9,redq_0_stage_9,691,143441,224,-2876.3739799261093,2,COLL_WALL,0,0,0,13.237389415000507,2.031374454498291,143441,tensor(464.3674),tensor(7750.9307),0,/workspace/models/redq/redq_0_stage_9
2026-05-15T15:47:12,train,redq,9,redq_0_stage_9,692,143471,30,-2509.520834207535,2,COLL_WALL,0,0,0,1.783750055999917,1.3077789545059204,143471,tensor(465.0809),tensor(6537.1260),0,/workspace/models/redq/redq_0_stage_9
2026-05-15T15:47:16,train,redq,9,redq_0_stage_9,693,143501,30,-2694.5867524147034,2,COLL_WALL,0,0,0,1.756827044999227,0.0016144829569384456,143501,tensor(456.7402),tensor(6814.1636),0,/workspace/models/redq/redq_0_stage_9
2026-05-15T15:47:19,train,redq,9,redq_0_stage_9,694,143543,42,-2579.4058442115784,2,COLL_WALL,0,0,0,2.5019090469995717,0.3994283378124237,143543,tensor(479.1036),tensor(6691.0615),0,/workspace/models/redq/redq_0_stage_9
2026-05-15T15:47:22,train,redq,9,redq_0_stage_9,695,143587,44,-2326.05366897583,2,COLL_WALL,0,0,0,2.610925259999931,0.48544150590896606,143587,tensor(459.4623),tensor(6998.2705),0,/workspace/models/redq/redq_0_stage_9
2026-05-15T15:47:24,train,redq,9,redq_0_stage_9,696,143617,30,-2516.3263618946075,2,COLL_WALL,0,0,0,1.768426153999826,0.18516525626182556,143617,tensor(480.7443),tensor(11067.7363),0,/workspace/models/redq/redq_0_stage_9
2026-05-15T15:47:27,train,redq,9,redq_0_stage_9,697,143657,40,-2497.8773049116135,2,COLL_WALL,0,0,0,2.358949292000034,0.23547549545764923,143657,tensor(475.4470),tensor(7933.7983),0,/workspace/models/redq/redq_0_stage_9
2026-05-15T15:47:29,train,redq,9,redq_0_stage_9,698,143687,30,-2215.1626321077347,2,COLL_WALL,0,0,0,1.808644157999879,0.23440319299697876,143687,tensor(475.0307),tensor(6720.5723),0,/workspace/models/redq/redq_0_stage_9
2026-05-15T15:47:47,train,redq,9,redq_0_stage_9,699,143967,280,666.9477987885475,1,SUCCESS,1,0,0,16.563747506001164,2.0053913593292236,143967,tensor(469.9406),tensor(7958.3662),0,/workspace/models/redq/redq_0_stage_9
2026-05-15T15:47:52,train,redq,9,redq_0_stage_9,700,144005,38,-2474.0899254083633,2,COLL_WALL,0,0,0,2.3310745660000975,0.5650310516357422,144005,tensor(467.5044),tensor(8511.7578),1,/workspace/models/redq/redq_0_stage_9
2026-05-15T15:48:04,train,redq,9,redq_0_stage_9,701,144207,202,966.6074040234089,1,SUCCESS,1,0,0,11.986440339000183,3.5828349590301514,144207,tensor(465.2455),tensor(8185.4678),0,/workspace/models/redq/redq_0_stage_9
2026-05-15T15:48:09,train,redq,9,redq_0_stage_9,702,144267,60,-2310.414452314377,2,COLL_WALL,0,0,0,3.619482756999787,0.37421661615371704,144267,tensor(471.3136),tensor(7132.0962),0,/workspace/models/redq/redq_0_stage_9
2026-05-15T15:48:31,train,redq,9,redq_0_stage_9,703,144623,356,414.17684775590897,1,SUCCESS,1,0,0,21.00549927800057,5.558855056762695,144623,tensor(474.0992),tensor(8378.6865),0,/workspace/models/redq/redq_0_stage_9
2026-05-15T15:48:48,train,redq,9,redq_0_stage_9,704,144879,256,-6280.927172780037,2,COLL_WALL,0,0,0,15.088325259999692,1.9115487337112427,144879,tensor(465.1034),tensor(8366.5508),0,/workspace/models/redq/redq_0_stage_9
2026-05-15T15:48:53,train,redq,9,redq_0_stage_9,705,144957,78,2362.0260515213013,1,SUCCESS,1,0,0,4.670358485998804,3.0704939365386963,144957,tensor(479.3802),tensor(7747.3188),0,/workspace/models/redq/redq_0_stage_9
2026-05-15T15:49:02,train,redq,9,redq_0_stage_9,706,145099,142,2098.019545376301,1,SUCCESS,1,0,0,8.471369549000883,1.5763188600540161,145099,tensor(473.3509),tensor(8079.8301),0,/workspace/models/redq/redq_0_stage_9
2026-05-15T15:49:17,train,redq,9,redq_0_stage_9,707,145339,240,-3222.974133372307,2,COLL_WALL,0,0,0,14.176314436999746,1.6424570083618164,145339,tensor(471.5196),tensor(8093.4404),0,/workspace/models/redq/redq_0_stage_9
2026-05-15T15:49:30,train,redq,9,redq_0_stage_9,708,145544,205,2023.767647355795,1,SUCCESS,1,0,0,12.131069005999962,2.5464208126068115,145544,tensor(462.5324),tensor(8366.0068),0,/workspace/models/redq/redq_0_stage_9
2026-05-15T15:49:39,train,redq,9,redq_0_stage_9,709,145685,141,1932.586060643196,1,SUCCESS,1,0,0,8.557701665999048,1.4277846813201904,145685,tensor(460.6639),tensor(7545.3628),0,/workspace/models/redq/redq_0_stage_9
2026-05-15T15:49:54,train,redq,9,redq_0_stage_9,710,145901,216,2060.7335875332355,1,SUCCESS,1,0,0,12.852106128999367,2.3256454467773438,145901,tensor(464.1605),tensor(7679.7959),0,/workspace/models/redq/redq_0_stage_9
2026-05-15T15:50:04,train,redq,9,redq_0_stage_9,711,146063,162,-3205.3667805194855,2,COLL_WALL,0,0,0,9.629125902998567,1.1671260595321655,146063,tensor(463.9264),tensor(7111.2930),0,/workspace/models/redq/redq_0_stage_9
2026-05-15T15:50:12,train,redq,9,redq_0_stage_9,712,146178,115,2082.6651636362076,1,SUCCESS,1,0,0,6.82868839799994,4.473672866821289,146178,tensor(465.0479),tensor(7419.5620),0,/workspace/models/redq/redq_0_stage_9
2026-05-15T15:50:26,train,redq,9,redq_0_stage_9,713,146383,205,2035.232003748417,1,SUCCESS,1,0,0,12.098534910001035,2.2482240200042725,146383,tensor(459.6455),tensor(7978.3877),0,/workspace/models/redq/redq_0_stage_9
2026-05-15T15:50:34,train,redq,9,redq_0_stage_9,714,146514,131,1899.2559193074703,1,SUCCESS,1,0,0,7.796929972999351,1.5977307558059692,146514,tensor(473.6992),tensor(8417.9756),0,/workspace/models/redq/redq_0_stage_9
2026-05-15T15:50:45,train,redq,9,redq_0_stage_9,715,146691,177,-2925.206655859947,2,COLL_WALL,0,0,0,10.540305572998477,1.266395926475525,146691,tensor(458.9576),tensor(7718.1060),0,/workspace/models/redq/redq_0_stage_9
2026-05-15T15:51:03,train,redq,9,redq_0_stage_9,716,146966,275,589.897718578577,1,SUCCESS,1,0,0,16.304333729000064,3.8468050956726074,146966,tensor(465.8099),tensor(7520.5171),0,/workspace/models/redq/redq_0_stage_9
2026-05-15T15:51:14,train,redq,9,redq_0_stage_9,717,147140,174,2146.5611667335033,1,SUCCESS,1,0,0,10.306024284998784,2.0033445358276367,147140,tensor(464.3693),tensor(7381.5864),0,/workspace/models/redq/redq_0_stage_9
2026-05-15T15:51:34,train,redq,9,redq_0_stage_9,718,147447,307,-5204.225522279739,2,COLL_WALL,0,0,0,18.308647961999668,2.2581796646118164,147447,tensor(462.8495),tensor(8286.4297),0,/workspace/models/redq/redq_0_stage_9
2026-05-15T15:51:46,train,redq,9,redq_0_stage_9,719,147643,196,-3262.8742921352386,2,COLL_WALL,0,0,0,11.673948895999274,3.740370988845825,147643,tensor(469.1101),tensor(8224.2412),0,/workspace/models/redq/redq_0_stage_9
2026-05-15T15:51:52,train,redq,9,redq_0_stage_9,720,147720,77,-2576.5065482854843,2,COLL_WALL,0,0,0,5.237615079000534,2.059126377105713,147720,tensor(471.3159),tensor(7605.9004),0,/workspace/models/redq/redq_0_stage_9
2026-05-15T15:52:13,train,redq,9,redq_0_stage_9,721,148006,286,1713.0223855376244,1,SUCCESS,1,0,0,19.104692081000394,3.5329091548919678,148006,tensor(468.7225),tensor(8197.0742),0,/workspace/models/redq/redq_0_stage_9
2026-05-15T15:52:33,train,redq,9,redq_0_stage_9,722,148320,314,-4243.695818066597,2,COLL_WALL,0,0,0,18.884315535000496,2.5778634548187256,148320,tensor(460.3427),tensor(8497.7910),0,/workspace/models/redq/redq_0_stage_9
2026-05-15T15:52:50,train,redq,9,redq_0_stage_9,723,148594,274,1816.6691422462463,1,SUCCESS,1,0,0,16.308002514999316,4.023818492889404,148594,tensor(461.6769),tensor(7279.3130),0,/workspace/models/redq/redq_0_stage_9
2026-05-15T15:53:23,train,redq,9,redq_0_stage_9,724,149111,517,-141.55530098080635,1,SUCCESS,1,0,0,31.056159460000345,5.191502094268799,149111,tensor(456.6323),tensor(7524.3682),0,/workspace/models/redq/redq_0_stage_9
2026-05-15T15:53:41,train,redq,9,redq_0_stage_9,725,149362,251,-3390.7097648382187,2,COLL_WALL,0,0,0,17.020805457999813,2.176474094390869,149362,tensor(466.4826),tensor(7907.7490),0,/workspace/models/redq/redq_0_stage_9
2026-05-15T15:54:06,train,redq,9,redq_0_stage_9,726,149738,376,1303.0027576386929,1,SUCCESS,1,0,0,22.99791562700011,5.235016822814941,149738,tensor(461.3310),tensor(7554.0864),0,/workspace/models/redq/redq_0_stage_9
2026-05-15T15:54:13,train,redq,9,redq_0_stage_9,727,149852,114,2144.945250272751,1,SUCCESS,1,0,0,6.831906265000725,1.334794521331787,149852,tensor(462.2477),tensor(7245.8374),0,/workspace/models/redq/redq_0_stage_9
2026-05-15T15:54:26,train,redq,9,redq_0_stage_9,728,150062,210,2100.04064938426,1,SUCCESS,1,0,0,12.407520945000215,2.3891308307647705,150062,tensor(454.6044),tensor(7673.6685),0,/workspace/models/redq/redq_0_stage_9
2026-05-15T15:54:44,train,redq,9,redq_0_stage_9,729,150343,281,-3582.990433216095,2,COLL_WALL,0,0,0,16.777917821998926,2.346234083175659,150343,tensor(464.9279),tensor(8927.3213),0,/workspace/models/redq/redq_0_stage_9
2026-05-15T15:54:47,train,redq,9,redq_0_stage_9,730,150373,30,-2528.3312764167786,2,COLL_WALL,0,0,0,1.8641737769994506,2.8185391426086426,150373,tensor(455.8545),tensor(10056.9150),0,/workspace/models/redq/redq_0_stage_9
2026-05-15T15:54:56,train,redq,9,redq_0_stage_9,731,150494,121,-3844.5819895267487,2,COLL_WALL,0,0,0,7.849899717999506,0.9992458820343018,150494,tensor(455.4800),tensor(7952.2598),0,/workspace/models/redq/redq_0_stage_9
2026-05-15T15:55:02,train,redq,9,redq_0_stage_9,732,150572,78,2058.1838026046753,1,SUCCESS,1,0,0,5.176238059999378,1.0688000917434692,150572,tensor(457.4667),tensor(8927.2461),0,/workspace/models/redq/redq_0_stage_9
2026-05-15T15:55:06,train,redq,9,redq_0_stage_9,733,150612,40,-2605.629519701004,2,COLL_WALL,0,0,0,2.652706438999303,0.276359498500824,150612,tensor(466.1240),tensor(8144.4165),0,/workspace/models/redq/redq_0_stage_9
2026-05-15T15:55:23,train,redq,9,redq_0_stage_9,734,150803,191,1588.2122069597244,1,SUCCESS,1,0,0,16.86966471500091,2.950591802597046,150803,tensor(455.6436),tensor(8134.1675),0,/workspace/models/redq/redq_0_stage_9
2026-05-15T15:55:45,train,redq,9,redq_0_stage_9,735,151060,257,1924.227404013276,1,SUCCESS,1,0,0,19.997507340000084,4.098477840423584,151060,tensor(458.4081),tensor(7469.7173),0,/workspace/models/redq/redq_0_stage_9
2026-05-15T15:55:55,train,redq,9,redq_0_stage_9,736,151216,156,-3321.776664495468,2,COLL_WALL,0,0,0,10.279190621000453,0.9544386267662048,151216,tensor(448.8884),tensor(8327.0596),0,/workspace/models/redq/redq_0_stage_9
2026-05-15T15:56:15,train,redq,9,redq_0_stage_9,737,151479,263,1367.9856895506382,1,SUCCESS,1,0,0,17.517334415999358,4.980700492858887,151479,tensor(460.4661),tensor(7605.2134),0,/workspace/models/redq/redq_0_stage_9
2026-05-15T15:56:28,train,redq,9,redq_0_stage_9,738,151677,198,-3316.1384049654007,2,COLL_WALL,0,0,0,12.982940294999935,1.1682474613189697,151677,tensor(455.9630),tensor(7468.0039),0,/workspace/models/redq/redq_0_stage_9
2026-05-15T15:56:47,train,redq,9,redq_0_stage_9,739,151932,255,-3451.682408094406,2,COLL_WALL,0,0,0,17.087052053999287,4.708345890045166,151932,tensor(458.4996),tensor(8096.4839),0,/workspace/models/redq/redq_0_stage_9
2026-05-15T15:57:00,train,redq,9,redq_0_stage_9,740,152107,175,1866.0545792281628,1,SUCCESS,1,0,0,11.92588971600162,3.160264015197754,152107,tensor(451.5821),tensor(7407.9673),0,/workspace/models/redq/redq_0_stage_9
2026-05-15T15:57:10,train,redq,9,redq_0_stage_9,741,152241,134,-3074.130795121193,2,COLL_WALL,0,0,0,9.14898698899924,1.6981021165847778,152241,tensor(455.5197),tensor(7490.5044),0,/workspace/models/redq/redq_0_stage_9
2026-05-15T15:57:16,train,redq,9,redq_0_stage_9,742,152323,82,-2450.5009547472,2,COLL_WALL,0,0,0,5.510636389000865,2.426222801208496,152323,tensor(459.6473),tensor(8384.2217),0,/workspace/models/redq/redq_0_stage_9
2026-05-15T15:57:19,train,redq,9,redq_0_stage_9,743,152353,30,-2765.2278881073,2,COLL_WALL,0,0,0,1.9860703430003923,0.03400807082653046,152353,tensor(441.8744),tensor(7593.9370),0,/workspace/models/redq/redq_0_stage_9
2026-05-15T15:57:21,train,redq,9,redq_0_stage_9,744,152383,30,-2631.8276767730713,2,COLL_WALL,0,0,0,1.9862706549993163,0.0033775113988667727,152383,tensor(467.4955),tensor(7492.7422),0,/workspace/models/redq/redq_0_stage_9
2026-05-15T15:57:24,train,redq,9,redq_0_stage_9,745,152421,38,-2549.6292536258698,2,COLL_WALL,0,0,0,2.53361746399969,0.24108341336250305,152421,tensor(467.6056),tensor(7517.3423),0,/workspace/models/redq/redq_0_stage_9
2026-05-15T15:58:03,train,redq,9,redq_0_stage_9,746,152973,552,-4290.730152189732,2,COLL_WALL,0,0,0,36.71587788299985,5.560802459716797,152973,tensor(456.4344),tensor(7718.6240),0,/workspace/models/redq/redq_0_stage_9
2026-05-15T15:58:10,train,redq,9,redq_0_stage_9,747,153057,84,1936.2240685224533,1,SUCCESS,1,0,0,5.5478864460001205,3.302295446395874,153057,tensor(460.1603),tensor(8692.9453),0,/workspace/models/redq/redq_0_stage_9
2026-05-15T15:58:31,train,redq,9,redq_0_stage_9,748,153357,300,1685.3836285173893,1,SUCCESS,1,0,0,20.348543117999725,3.7083797454833984,153357,tensor(460.5876),tensor(7675.7290),0,/workspace/models/redq/redq_0_stage_9
2026-05-15T15:59:13,train,redq,9,redq_0_stage_9,749,153900,543,898.6894587278366,1,SUCCESS,1,0,0,39.44545112599917,6.15054988861084,153900,tensor(449.4661),tensor(7900.1880),0,/workspace/models/redq/redq_0_stage_9
2026-05-15T15:59:41,train,redq,9,redq_0_stage_9,750,154290,390,-3510.7658073306084,2,COLL_WALL,0,0,0,26.32285064000098,4.173867225646973,154290,tensor(448.8042),tensor(8515.5596),0,/workspace/models/redq/redq_0_stage_9
2026-05-15T15:59:51,train,redq,9,redq_0_stage_9,751,154434,144,2059.1455922722816,1,SUCCESS,1,0,0,9.53569077300017,2.1772372722625732,154434,tensor(442.3297),tensor(8212.7119),0,/workspace/models/redq/redq_0_stage_9
2026-05-15T16:00:12,train,redq,9,redq_0_stage_9,752,154696,262,-5290.650001525879,2,COLL_WALL,0,0,0,18.733385030000136,2.5515947341918945,154696,tensor(450.8279),tensor(7949.4717),0,/workspace/models/redq/redq_0_stage_9
2026-05-15T16:00:22,train,redq,9,redq_0_stage_9,753,154826,130,-2628.899381160736,2,COLL_WALL,0,0,0,9.541184577001331,2.8612589836120605,154826,tensor(452.7869),tensor(8803.5068),0,/workspace/models/redq/redq_0_stage_9
2026-05-15T16:00:38,train,redq,9,redq_0_stage_9,754,155044,218,1648.4084562957287,1,SUCCESS,1,0,0,15.625757104999138,3.259303569793701,155044,tensor(460.8387),tensor(9024.3242),0,/workspace/models/redq/redq_0_stage_9
2026-05-15T16:00:48,train,redq,9,redq_0_stage_9,755,155164,120,2221.0822688937187,1,SUCCESS,1,0,0,7.931135740998798,1.5862126350402832,155164,tensor(463.0275),tensor(8891.7871),0,/workspace/models/redq/redq_0_stage_9
2026-05-15T16:00:59,train,redq,9,redq_0_stage_9,756,155328,164,-2872.4730652570724,2,COLL_WALL,0,0,0,11.317878391000704,1.9448069334030151,155328,tensor(450.2386),tensor(7895.0010),0,/workspace/models/redq/redq_0_stage_9
2026-05-15T16:01:16,train,redq,9,redq_0_stage_9,757,155546,218,-2586.2441090345383,2,COLL_WALL,0,0,0,14.57539643400014,3.848827838897705,155546,tensor(442.8100),tensor(7990.1636),0,/workspace/models/redq/redq_0_stage_9
2026-05-15T16:01:18,train,redq,9,redq_0_stage_9,758,155582,36,-2238.9109605550766,2,COLL_WALL,0,0,0,2.389652265999757,2.940164566040039,155582,tensor(450.6161),tensor(6625.5967),0,/workspace/models/redq/redq_0_stage_9
2026-05-15T16:01:29,train,redq,9,redq_0_stage_9,759,155727,145,1828.5623541474342,1,SUCCESS,1,0,0,9.713196025999423,1.5913323163986206,155727,tensor(461.0276),tensor(7488.5786),0,/workspace/models/redq/redq_0_stage_9
2026-05-15T16:01:35,train,redq,9,redq_0_stage_9,760,155804,77,-3045.758774995804,2,COLL_WALL,0,0,0,5.146959109999443,0.6388458013534546,155804,tensor(446.8453),tensor(8586.6992),0,/workspace/models/redq/redq_0_stage_9
2026-05-15T16:01:54,train,redq,9,redq_0_stage_9,761,156068,264,1505.688909739256,1,SUCCESS,1,0,0,17.493889608000245,3.9934515953063965,156068,tensor(444.6814),tensor(8259.9248),0,/workspace/models/redq/redq_0_stage_9
2026-05-15T16:02:03,train,redq,9,redq_0_stage_9,762,156190,122,-3217.730749130249,2,COLL_WALL,0,0,0,8.123866244000965,1.0398738384246826,156190,tensor(453.5925),tensor(8892.9365),0,/workspace/models/redq/redq_0_stage_9
2026-05-15T16:02:17,train,redq,9,redq_0_stage_9,763,156387,197,-3288.97969019413,2,COLL_WALL,0,0,0,13.045341705999817,3.8503081798553467,156387,tensor(451.5504),tensor(7882.7354),0,/workspace/models/redq/redq_0_stage_9
2026-05-15T16:02:20,train,redq,9,redq_0_stage_9,764,156417,30,-2530.2053196430206,2,COLL_WALL,0,0,0,2.0046630860015284,1.380058765411377,156417,tensor(455.1889),tensor(8642.6455),0,/workspace/models/redq/redq_0_stage_9
2026-05-15T16:02:22,train,redq,9,redq_0_stage_9,765,156447,30,-2699.825234413147,2,COLL_WALL,0,0,0,2.0060044739984733,0.00790775753557682,156447,tensor(465.0891),tensor(6546.6631),0,/workspace/models/redq/redq_0_stage_9
2026-05-15T16:02:25,train,redq,9,redq_0_stage_9,766,156477,30,-2288.1401269435883,2,COLL_WALL,0,0,0,2.0122147490001225,0.007731038611382246,156477,tensor(463.3853),tensor(8999.6309),0,/workspace/models/redq/redq_0_stage_9
2026-05-15T16:02:28,train,redq,9,redq_0_stage_9,767,156508,31,-2183.6069984436035,2,COLL_WALL,0,0,0,2.2034465540000383,0.007504485081881285,156508,tensor(440.3233),tensor(7806.2988),0,/workspace/models/redq/redq_0_stage_9
2026-05-15T16:02:43,train,redq,9,redq_0_stage_9,768,156737,229,1744.37326040864,1,SUCCESS,1,0,0,15.3757839230002,3.252490997314453,156737,tensor(456.1133),tensor(9009.4854),0,/workspace/models/redq/redq_0_stage_9
2026-05-15T16:03:03,train,redq,9,redq_0_stage_9,769,157009,272,1634.2034185826778,1,SUCCESS,1,0,0,17.954012383999725,2.8834216594696045,157009,tensor(459.1483),tensor(7442.4873),0,/workspace/models/redq/redq_0_stage_9
2026-05-15T16:03:14,train,redq,9,redq_0_stage_9,770,157158,149,-3379.0064730644226,2,COLL_WALL,0,0,0,9.8823364889995,1.080640196800232,157158,tensor(444.0018),tensor(7895.7500),0,/workspace/models/redq/redq_0_stage_9
2026-05-15T16:03:25,train,redq,9,redq_0_stage_9,771,157306,148,1752.0404237508774,1,SUCCESS,1,0,0,9.797115413999563,2.1077845096588135,157306,tensor(451.9368),tensor(8234.4531),0,/workspace/models/redq/redq_0_stage_9
2026-05-15T16:03:31,train,redq,9,redq_0_stage_9,772,157386,80,-2672.109436273575,2,COLL_WALL,0,0,0,5.362290003999078,0.8201013207435608,157386,tensor(461.1000),tensor(7772.8071),0,/workspace/models/redq/redq_0_stage_9
2026-05-15T16:04:09,train,redq,9,redq_0_stage_9,773,157929,543,-5077.877189040184,2,COLL_WALL,0,0,0,35.65844697300054,6.498751640319824,157929,tensor(459.5036),tensor(8574.0078),0,/workspace/models/redq/redq_0_stage_9
2026-05-15T16:04:17,train,redq,9,redq_0_stage_9,774,158050,121,1986.9751833677292,1,SUCCESS,1,0,0,7.902991246999591,2.858217477798462,158050,tensor(448.1583),tensor(7599.0869),0,/workspace/models/redq/redq_0_stage_9
2026-05-15T16:04:37,train,redq,9,redq_0_stage_9,775,158332,282,1741.9631056785583,1,SUCCESS,1,0,0,18.60963565899874,3.0553290843963623,158332,tensor(454.2925),tensor(8279.9668),0,/workspace/models/redq/redq_0_stage_9
2026-05-15T16:04:51,train,redq,9,redq_0_stage_9,776,158512,180,-3536.9197342395782,2,COLL_WALL,0,0,0,12.320848271001523,1.507023572921753,158512,tensor(451.3292),tensor(8954.7812),0,/workspace/models/redq/redq_0_stage_9
2026-05-15T16:04:55,train,redq,9,redq_0_stage_9,777,158570,58,-2889.436308860779,2,COLL_WALL,0,0,0,3.8292664939999668,1.9849542379379272,158570,tensor(449.8185),tensor(7093.1733),0,/workspace/models/redq/redq_0_stage_9
2026-05-15T16:05:01,train,redq,9,redq_0_stage_9,778,158641,71,2090.0661032795906,1,SUCCESS,1,0,0,4.722537232999457,0.8630892038345337,158641,tensor(446.0363),tensor(7124.1611),0,/workspace/models/redq/redq_0_stage_9
2026-05-15T16:05:03,train,redq,9,redq_0_stage_9,779,158671,30,-2646.404329776764,2,COLL_WALL,0,0,0,2.014051254000151,0.10156634449958801,158671,tensor(468.7275),tensor(7694.1265),0,/workspace/models/redq/redq_0_stage_9
2026-05-15T16:05:08,train,redq,9,redq_0_stage_9,780,158721,50,-2434.9483815431595,2,COLL_WALL,0,0,0,3.342726265998863,1.1131114959716797,158721,tensor(467.4283),tensor(7967.7612),0,/workspace/models/redq/redq_0_stage_9
2026-05-15T16:05:12,train,redq,9,redq_0_stage_9,781,158783,62,-3138.721302986145,2,COLL_WALL,0,0,0,4.1706943640001555,0.47408148646354675,158783,tensor(429.4543),tensor(9148.1875),0,/workspace/models/redq/redq_0_stage_9
2026-05-15T16:05:40,train,redq,9,redq_0_stage_9,782,159176,393,-3939.2730441093445,2,COLL_WALL,0,0,0,25.941397541999322,4.253844261169434,159176,tensor(445.4010),tensor(8371.0986),0,/workspace/models/redq/redq_0_stage_9
2026-05-15T16:05:50,train,redq,9,redq_0_stage_9,783,159319,143,-3013.1993973255157,2,COLL_WALL,0,0,0,9.523558487999253,3.4169046878814697,159319,tensor(461.0641),tensor(8291.1963),0,/workspace/models/redq/redq_0_stage_9
2026-05-15T16:06:11,train,redq,9,redq_0_stage_9,784,159610,291,981.0330811738968,1,SUCCESS,1,0,0,19.23623993000001,3.8180766105651855,159610,tensor(452.2957),tensor(8189.4312),0,/workspace/models/redq/redq_0_stage_9
2026-05-15T16:06:19,train,redq,9,redq_0_stage_9,785,159734,124,2192.763400375843,1,SUCCESS,1,0,0,8.206673644999682,1.1591095924377441,159734,tensor(449.9263),tensor(7920.2378),0,/workspace/models/redq/redq_0_stage_9
2026-05-15T16:06:43,train,redq,9,redq_0_stage_9,786,160063,329,1819.1639126837254,1,SUCCESS,1,0,0,22.14843251899947,3.8988425731658936,160063,tensor(450.9541),tensor(8364.7520),0,/workspace/models/redq/redq_0_stage_9
2026-05-15T16:07:12,train,redq,9,redq_0_stage_9,787,160429,366,675.791533023119,1,SUCCESS,1,0,0,27.29935779599873,4.2995123863220215,160429,tensor(453.2243),tensor(8243.9648),0,/workspace/models/redq/redq_0_stage_9
2026-05-15T16:07:31,train,redq,9,redq_0_stage_9,788,160695,266,-3859.2450157403946,2,COLL_WALL,0,0,0,17.627828581000358,2.6199634075164795,160695,tensor(458.9199),tensor(8230.3438),0,/workspace/models/redq/redq_0_stage_9
2026-05-15T16:07:50,train,redq,9,redq_0_stage_9,789,160944,249,1009.9771183729172,1,SUCCESS,1,0,0,18.437347313998544,3.263267755508423,160944,tensor(459.8086),tensor(8019.3315),0,/workspace/models/redq/redq_0_stage_9
2026-05-15T16:08:12,train,redq,9,redq_0_stage_9,790,161210,266,833.6500066518784,1,SUCCESS,1,0,0,19.73835585300003,3.293412923812866,161210,tensor(458.5928),tensor(8828.8887),0,/workspace/models/redq/redq_0_stage_9
2026-05-15T16:08:22,train,redq,9,redq_0_stage_9,791,161345,135,2064.8574093580246,1,SUCCESS,1,0,0,9.047991130999435,1.5177890062332153,161345,tensor(464.3121),tensor(8645.0654),0,/workspace/models/redq/redq_0_stage_9
2026-05-15T16:09:05,train,redq,9,redq_0_stage_9,792,161930,585,-2834.276019692421,4,TIMEOUT,0,0,1,40.2523596989995,5.570279121398926,161930,tensor(453.7415),tensor(8254.5498),0,/workspace/models/redq/redq_0_stage_9
2026-05-15T16:09:07,train,redq,9,redq_0_stage_9,793,161963,33,-2335.4490464925766,2,COLL_WALL,0,0,0,2.2061882420002803,2.5094330310821533,161963,tensor(454.2581),tensor(6792.5649),0,/workspace/models/redq/redq_0_stage_9
2026-05-15T16:09:22,train,redq,9,redq_0_stage_9,794,162161,198,-4119.578283071518,2,COLL_WALL,0,0,0,13.88008771800014,2.461202383041382,162161,tensor(452.7890),tensor(8213.5830),0,/workspace/models/redq/redq_0_stage_9
2026-05-15T16:09:33,train,redq,9,redq_0_stage_9,795,162287,126,-2717.14193379879,2,COLL_WALL,0,0,0,9.348673332000544,2.773637294769287,162287,tensor(453.8596),tensor(8496.3594),0,/workspace/models/redq/redq_0_stage_9
2026-05-15T16:10:07,train,redq,9,redq_0_stage_9,796,162749,462,997.9695428907871,1,SUCCESS,1,0,0,32.476747250999324,5.73236083984375,162749,tensor(461.8305),tensor(8264.3125),0,/workspace/models/redq/redq_0_stage_9
2026-05-15T16:10:15,train,redq,9,redq_0_stage_9,797,162857,108,-3369.5038414001465,2,COLL_WALL,0,0,0,7.668402720000813,0.6839427351951599,162857,tensor(465.6664),tensor(9124.2734),0,/workspace/models/redq/redq_0_stage_9
2026-05-15T16:10:34,train,redq,9,redq_0_stage_9,798,163115,258,-3928.611118078232,2,COLL_WALL,0,0,0,17.651218368999253,5.982778072357178,163115,tensor(462.9350),tensor(7844.8877),0,/workspace/models/redq/redq_0_stage_9
2026-05-15T16:10:43,train,redq,9,redq_0_stage_9,799,163217,102,-2548.2450728416443,2,COLL_WALL,0,0,0,7.765333446999648,3.35917592048645,163217,tensor(462.6105),tensor(7817.4922),0,/workspace/models/redq/redq_0_stage_9
2026-05-15T16:10:55,train,redq,9,redq_0_stage_9,800,163366,149,2011.7770206332207,1,SUCCESS,1,0,0,10.139370210999914,2.386448383331299,163366,tensor(468.8721),tensor(9784.0596),1,/workspace/models/redq/redq_0_stage_9
2026-05-15T16:11:13,train,redq,9,redq_0_stage_9,801,163576,210,1861.236701309681,1,SUCCESS,1,0,0,15.606992488999822,2.1946427822113037,163576,tensor(469.4285),tensor(8808.4717),0,/workspace/models/redq/redq_0_stage_9
2026-05-15T16:11:18,train,redq,9,redq_0_stage_9,802,163642,66,-2828.2542712688446,2,COLL_WALL,0,0,0,4.5568009790004,0.635263204574585,163642,tensor(466.5973),tensor(9757.8877),0,/workspace/models/redq/redq_0_stage_9
2026-05-15T16:11:34,train,redq,9,redq_0_stage_9,803,163874,232,1331.9404789209366,1,SUCCESS,1,0,0,16.012037109998346,6.019776344299316,163874,tensor(466.8078),tensor(8355.6025),0,/workspace/models/redq/redq_0_stage_9
2026-05-15T16:12:10,train,redq,9,redq_0_stage_9,804,164327,453,-4807.8840498924255,2,COLL_WALL,0,0,0,32.66969254600008,4.737362861633301,164327,tensor(463.8517),tensor(8457.9844),0,/workspace/models/redq/redq_0_stage_9
2026-05-15T16:12:19,train,redq,9,redq_0_stage_9,805,164451,124,1890.5822940170765,1,SUCCESS,1,0,0,8.552257007000662,3.111637830734253,164451,tensor(463.9427),tensor(9167.2275),0,/workspace/models/redq/redq_0_stage_9
2026-05-15T16:12:29,train,redq,9,redq_0_stage_9,806,164601,150,-3419.0090601444244,2,COLL_WALL,0,0,0,9.969891468999776,1.376145362854004,164601,tensor(468.1588),tensor(8497.9111),0,/workspace/models/redq/redq_0_stage_9
2026-05-15T16:12:32,train,redq,9,redq_0_stage_9,807,164642,41,-2464.5953444242477,2,COLL_WALL,0,0,0,2.7263545589994465,1.9644967317581177,164642,tensor(456.9582),tensor(8256.7197),0,/workspace/models/redq/redq_0_stage_9
2026-05-15T16:12:48,train,redq,9,redq_0_stage_9,808,164854,212,1096.2282786369324,1,SUCCESS,1,0,0,14.219711980000284,1.4966766834259033,164854,tensor(467.8892),tensor(8131.9380),0,/workspace/models/redq/redq_0_stage_9
2026-05-15T16:13:14,train,redq,9,redq_0_stage_9,809,165208,354,1661.3475020825863,1,SUCCESS,1,0,0,23.600343141999474,4.398852348327637,165208,tensor(465.4343),tensor(8016.9429),0,/workspace/models/redq/redq_0_stage_9
2026-05-15T16:13:23,train,redq,9,redq_0_stage_9,810,165337,129,-3042.1071128845215,2,COLL_WALL,0,0,0,8.530675465999593,0.7951185703277588,165337,tensor(478.5641),tensor(8903.1631),0,/workspace/models/redq/redq_0_stage_9
2026-05-15T16:13:41,train,redq,9,redq_0_stage_9,811,165584,247,-3899.705225586891,2,COLL_WALL,0,0,0,16.42209714100136,4.844330310821533,165584,tensor(459.1314),tensor(8807.5273),0,/workspace/models/redq/redq_0_stage_9
2026-05-15T16:13:58,train,redq,9,redq_0_stage_9,812,165822,238,1071.4752272963524,1,SUCCESS,1,0,0,15.765838138000618,4.104405879974365,165822,tensor(471.3006),tensor(7749.9844),0,/workspace/models/redq/redq_0_stage_9
2026-05-15T16:14:40,train,redq,9,redq_0_stage_9,813,166429,607,-2391.2376309633255,4,TIMEOUT,0,0,1,40.32183650499974,4.856569766998291,166429,tensor(468.7447),tensor(8479.5215),0,/workspace/models/redq/redq_0_stage_9
2026-05-15T16:14:49,train,redq,9,redq_0_stage_9,814,166549,120,2153.2754119336605,1,SUCCESS,1,0,0,7.978518077999979,1.820889949798584,166549,tensor(468.9967),tensor(8109.4512),0,/workspace/models/redq/redq_0_stage_9
2026-05-15T16:14:59,train,redq,9,redq_0_stage_9,815,166695,146,-3016.3395779132843,2,COLL_WALL,0,0,0,9.68517640400023,1.458709478378296,166695,tensor(468.5653),tensor(7919.9077),0,/workspace/models/redq/redq_0_stage_9
2026-05-15T16:15:02,train,redq,9,redq_0_stage_9,816,166734,39,-2319.971438884735,2,COLL_WALL,0,0,0,2.6008798610000667,2.0256540775299072,166734,tensor(469.7430),tensor(8585.7549),0,/workspace/models/redq/redq_0_stage_9
2026-05-15T16:15:05,train,redq,9,redq_0_stage_9,817,166773,39,-2508.7005949020386,2,COLL_WALL,0,0,0,2.5295544140008133,0.4120168089866638,166773,tensor(483.2621),tensor(7657.1987),0,/workspace/models/redq/redq_0_stage_9
2026-05-15T16:15:09,train,redq,9,redq_0_stage_9,818,166818,45,-2642.7611396312714,2,COLL_WALL,0,0,0,3.0462097079998784,0.2961845397949219,166818,tensor(489.4055),tensor(8622.3203),0,/workspace/models/redq/redq_0_stage_9
2026-05-15T16:15:30,train,redq,9,redq_0_stage_9,819,167117,299,1030.0622136294842,1,SUCCESS,1,0,0,19.8472710749993,2.583861827850342,167117,tensor(472.7824),tensor(7885.5645),0,/workspace/models/redq/redq_0_stage_9
2026-05-15T16:15:41,train,redq,9,redq_0_stage_9,820,167259,142,-2707.455872476101,2,COLL_WALL,0,0,0,9.472359810999478,1.4628267288208008,167259,tensor(480.3922),tensor(8505.7812),0,/workspace/models/redq/redq_0_stage_9
2026-05-15T16:15:53,train,redq,9,redq_0_stage_9,821,167418,159,2091.977944403887,1,SUCCESS,1,0,0,10.553496770000493,3.337982416152954,167418,tensor(478.8607),tensor(7847.2422),0,/workspace/models/redq/redq_0_stage_9
2026-05-15T16:16:27,train,redq,9,redq_0_stage_9,822,167899,481,-4687.969429969788,2,COLL_WALL,0,0,0,32.00179131600089,4.711461544036865,167899,tensor(473.4854),tensor(8118.6543),0,/workspace/models/redq/redq_0_stage_9
2026-05-15T16:16:52,train,redq,9,redq_0_stage_9,823,168256,357,1326.8111560046673,1,SUCCESS,1,0,0,23.810554595000212,5.4673237800598145,168256,tensor(476.6850),tensor(8372.7891),0,/workspace/models/redq/redq_0_stage_9
2026-05-15T16:16:59,train,redq,9,redq_0_stage_9,824,168350,94,-2547.3040070533752,2,COLL_WALL,0,0,0,6.3352029970010335,0.6874898672103882,168350,tensor(472.2323),tensor(7748.4878),0,/workspace/models/redq/redq_0_stage_9
2026-05-15T16:17:05,train,redq,9,redq_0_stage_9,825,168436,86,2180.185977399349,1,SUCCESS,1,0,0,5.728147810999872,3.6426219940185547,168436,tensor(461.4944),tensor(8764.4629),0,/workspace/models/redq/redq_0_stage_9
2026-05-15T16:17:21,train,redq,9,redq_0_stage_9,826,168646,210,-3517.9771357774734,2,COLL_WALL,0,0,0,13.981465758999548,1.8773152828216553,168646,tensor(470.9390),tensor(8199.7686),0,/workspace/models/redq/redq_0_stage_9
2026-05-15T16:17:28,train,redq,9,redq_0_stage_9,827,168737,91,-2781.158052921295,2,COLL_WALL,0,0,0,6.08499008400031,1.1705886125564575,168737,tensor(484.2990),tensor(7688.7158),0,/workspace/models/redq/redq_0_stage_9
2026-05-15T16:17:32,train,redq,9,redq_0_stage_9,828,168788,51,-2694.128487110138,2,COLL_WALL,0,0,0,3.603968632998658,0.26063773036003113,168788,tensor(487.0500),tensor(8535.3936),0,/workspace/models/redq/redq_0_stage_9
2026-05-15T16:17:35,train,redq,9,redq_0_stage_9,829,168823,35,-2183.3709177970886,2,COLL_WALL,0,0,0,2.3202441970006475,0.3487245440483093,168823,tensor(481.7965),tensor(9090.2793),0,/workspace/models/redq/redq_0_stage_9
2026-05-15T16:17:41,train,redq,9,redq_0_stage_9,830,168904,81,-2907.3253211975098,2,COLL_WALL,0,0,0,5.403149723000752,0.6572161912918091,168904,tensor(474.3198),tensor(8256.4004),0,/workspace/models/redq/redq_0_stage_9
2026-05-15T16:18:02,train,redq,9,redq_0_stage_9,831,169187,283,-3530.07188308239,2,COLL_WALL,0,0,0,18.8615446849999,2.9757747650146484,169187,tensor(478.8706),tensor(8192.2656),0,/workspace/models/redq/redq_0_stage_9
2026-05-15T16:18:09,train,redq,9,redq_0_stage_9,832,169293,106,-2775.941277861595,2,COLL_WALL,0,0,0,7.081477416999405,3.116661548614502,169293,tensor(462.4583),tensor(7365.2568),0,/workspace/models/redq/redq_0_stage_9
2026-05-15T16:18:17,train,redq,9,redq_0_stage_9,833,169396,103,2075.6073110699654,1,SUCCESS,1,0,0,6.912883887000135,1.8724477291107178,169396,tensor(478.2098),tensor(8664.0771),0,/workspace/models/redq/redq_0_stage_9
2026-05-15T16:18:33,train,redq,9,redq_0_stage_9,834,169619,223,-3372.6836250424385,2,COLL_WALL,0,0,0,14.852789802000189,2.129401683807373,169619,tensor(482.5320),tensor(8883.1973),0,/workspace/models/redq/redq_0_stage_9
2026-05-15T16:18:45,train,redq,9,redq_0_stage_9,835,169784,165,2020.208519756794,1,SUCCESS,1,0,0,11.00470479499927,3.1955888271331787,169784,tensor(484.5903),tensor(7599.9736),0,/workspace/models/redq/redq_0_stage_9
2026-05-15T16:18:58,train,redq,9,redq_0_stage_9,836,169944,160,-3090.3635333776474,2,COLL_WALL,0,0,0,11.787795602000188,1.2364989519119263,169944,tensor(478.2655),tensor(8387.4551),0,/workspace/models/redq/redq_0_stage_9
2026-05-15T16:19:01,train,redq,9,redq_0_stage_9,837,169978,34,-2349.3181446790695,2,COLL_WALL,0,0,0,2.596456113000386,1.7883363962173462,169978,tensor(462.1240),tensor(8481.3027),0,/workspace/models/redq/redq_0_stage_9
2026-05-15T16:19:04,train,redq,9,redq_0_stage_9,838,170008,30,-2643.562304019928,2,COLL_WALL,0,0,0,2.1489830800001073,0.2766841948032379,170008,tensor(503.4974),tensor(7849.1333),0,/workspace/models/redq/redq_0_stage_9
2026-05-15T16:19:07,train,redq,9,redq_0_stage_9,839,170038,30,-2282.9383648633957,2,COLL_WALL,0,0,0,2.1865267700013646,0.5517116785049438,170038,tensor(479.2213),tensor(7654.2129),0,/workspace/models/redq/redq_0_stage_9
2026-05-15T16:19:20,train,redq,9,redq_0_stage_9,840,170197,159,1255.4135691821575,1,SUCCESS,1,0,0,11.887062515999787,0.9714714884757996,170197,tensor(469.3592),tensor(8978.2510),0,/workspace/models/redq/redq_0_stage_9
2026-05-15T16:19:31,train,redq,9,redq_0_stage_9,841,170338,141,1892.4631122350693,1,SUCCESS,1,0,0,9.620630709001489,1.8763619661331177,170338,tensor(465.3812),tensor(8698.5537),0,/workspace/models/redq/redq_0_stage_9
2026-05-15T16:19:42,train,redq,9,redq_0_stage_9,842,170489,151,1968.9817924201488,1,SUCCESS,1,0,0,10.50861650600018,1.6538314819335938,170489,tensor(469.0562),tensor(7926.7700),0,/workspace/models/redq/redq_0_stage_9
2026-05-15T16:19:57,train,redq,9,redq_0_stage_9,843,170686,197,-2730.261664867401,2,COLL_WALL,0,0,0,13.109178356000484,2.3305540084838867,170686,tensor(470.8304),tensor(8359.4385),0,/workspace/models/redq/redq_0_stage_9
2026-05-15T16:19:59,train,redq,9,redq_0_stage_9,844,170716,30,-2567.162692308426,2,COLL_WALL,0,0,0,1.986020295000344,0.7069609761238098,170716,tensor(466.8492),tensor(7078.8052),0,/workspace/models/redq/redq_0_stage_9
2026-05-15T16:20:02,train,redq,9,redq_0_stage_9,845,170746,30,-2684.53766644001,2,COLL_WALL,0,0,0,2.0321395860009943,0.005106116179376841,170746,tensor(486.3804),tensor(7376.9458),0,/workspace/models/redq/redq_0_stage_9
2026-05-15T16:20:04,train,redq,9,redq_0_stage_9,846,170776,30,-2344.6568977832794,2,COLL_WALL,0,0,0,2.0385804750003444,0.3750248849391937,170776,tensor(453.3430),tensor(9612.6572),0,/workspace/models/redq/redq_0_stage_9
2026-05-15T16:20:29,train,redq,9,redq_0_stage_9,847,171122,346,-78.24679607152939,1,SUCCESS,1,0,0,22.994323131000783,3.195249319076538,171122,tensor(461.9372),tensor(9127.9131),0,/workspace/models/redq/redq_0_stage_9
2026-05-15T16:20:36,train,redq,9,redq_0_stage_9,848,171220,98,-2700.5569788217545,2,COLL_WALL,0,0,0,6.634345159000077,1.2209067344665527,171220,tensor(465.9367),tensor(8582.6094),0,/workspace/models/redq/redq_0_stage_9
2026-05-15T16:20:48,train,redq,9,redq_0_stage_9,849,171396,176,1878.2811698019505,1,SUCCESS,1,0,0,11.7689457280012,3.836634635925293,171396,tensor(465.5161),tensor(8674.7373),0,/workspace/models/redq/redq_0_stage_9
2026-05-15T16:21:12,train,redq,9,redq_0_stage_9,850,171716,320,1190.8533868193626,1,SUCCESS,1,0,0,21.35205899399989,3.87762713432312,171716,tensor(462.4458),tensor(7732.1182),0,/workspace/models/redq/redq_0_stage_9
2026-05-15T16:21:16,train,redq,9,redq_0_stage_9,851,171776,60,-2400.6190383434296,2,COLL_WALL,0,0,0,4.067536784999902,0.2481779009103775,171776,tensor(455.7046),tensor(7713.7983),0,/workspace/models/redq/redq_0_stage_9
2026-05-15T16:21:39,train,redq,9,redq_0_stage_9,852,172064,288,-3155.8924547433853,2,COLL_WALL,0,0,0,20.94052002799981,4.156092166900635,172064,tensor(461.4005),tensor(7695.9541),0,/workspace/models/redq/redq_0_stage_9
2026-05-15T16:22:02,train,redq,9,redq_0_stage_9,853,172363,299,836.604826271534,1,SUCCESS,1,0,0,21.691446386999814,4.366945743560791,172363,tensor(462.0262),tensor(8450.8594),0,/workspace/models/redq/redq_0_stage_9
2026-05-15T16:22:13,train,redq,9,redq_0_stage_9,854,172519,156,-3294.6900866031647,2,COLL_WALL,0,0,0,10.572128709000026,1.0774126052856445,172519,tensor(455.9172),tensor(8879.2285),0,/workspace/models/redq/redq_0_stage_9
2026-05-15T16:22:23,train,redq,9,redq_0_stage_9,855,172653,134,-2889.056777358055,2,COLL_WALL,0,0,0,8.936568335999254,2.477449417114258,172653,tensor(452.6753),tensor(8093.6997),0,/workspace/models/redq/redq_0_stage_9
2026-05-15T16:22:45,train,redq,9,redq_0_stage_9,856,172952,299,566.845820248127,1,SUCCESS,1,0,0,20.171088781000435,4.079524040222168,172952,tensor(453.6444),tensor(8038.1831),0,/workspace/models/redq/redq_0_stage_9
2026-05-15T16:23:02,train,redq,9,redq_0_stage_9,857,173178,226,-4904.833120048046,2,COLL_WALL,0,0,0,15.052261130998886,1.6516824960708618,173178,tensor(450.7488),tensor(9317.0615),0,/workspace/models/redq/redq_0_stage_9
2026-05-15T16:23:04,train,redq,9,redq_0_stage_9,858,173210,32,-2373.479689836502,2,COLL_WALL,0,0,0,2.1242842429983284,3.0097782611846924,173210,tensor(443.5791),tensor(7882.8608),0,/workspace/models/redq/redq_0_stage_9
2026-05-15T16:23:09,train,redq,9,redq_0_stage_9,859,173270,60,-2277.399950504303,2,COLL_WALL,0,0,0,4.057257153001046,0.5092641115188599,173270,tensor(457.1046),tensor(9136.7480),0,/workspace/models/redq/redq_0_stage_9
2026-05-15T16:23:23,train,redq,9,redq_0_stage_9,860,173462,192,-4028.6480449438095,2,COLL_WALL,0,0,0,12.827835661999416,1.4140760898590088,173462,tensor(453.2468),tensor(9361.6299),0,/workspace/models/redq/redq_0_stage_9
2026-05-15T16:23:37,train,redq,9,redq_0_stage_9,861,173651,189,1850.279730439186,1,SUCCESS,1,0,0,12.680113471000368,2.443009614944458,173651,tensor(452.7549),tensor(8422.7090),0,/workspace/models/redq/redq_0_stage_9
2026-05-15T16:23:59,train,redq,9,redq_0_stage_9,862,173969,318,672.7328665852547,1,SUCCESS,1,0,0,21.33609700299894,3.0527868270874023,173969,tensor(456.2648),tensor(8102.7949),0,/workspace/models/redq/redq_0_stage_9
2026-05-15T16:24:13,train,redq,9,redq_0_stage_9,863,174158,189,-2931.865940928459,2,COLL_WALL,0,0,0,12.674828101999083,1.8746994733810425,174158,tensor(462.8702),tensor(9392.0176),0,/workspace/models/redq/redq_0_stage_9
2026-05-15T16:24:26,train,redq,9,redq_0_stage_9,864,174342,184,-3290.7357211112976,2,COLL_WALL,0,0,0,12.278234175999387,4.2651753425598145,174342,tensor(459.1909),tensor(7648.4639),0,/workspace/models/redq/redq_0_stage_9
2026-05-15T16:24:37,train,redq,9,redq_0_stage_9,865,174486,144,1847.6486946046352,1,SUCCESS,1,0,0,9.619447247998323,1.6826144456863403,174486,tensor(471.2374),tensor(8539.9775),0,/workspace/models/redq/redq_0_stage_9
2026-05-15T16:24:50,train,redq,9,redq_0_stage_9,866,174658,172,2106.859927624464,1,SUCCESS,1,0,0,11.981576092999603,2.368088960647583,174658,tensor(455.8496),tensor(8968.0557),0,/workspace/models/redq/redq_0_stage_9
2026-05-15T16:25:02,train,redq,9,redq_0_stage_9,867,174811,153,-3958.6329114437103,2,COLL_WALL,0,0,0,11.530949709000197,1.2210336923599243,174811,tensor(456.4120),tensor(8568.6826),0,/workspace/models/redq/redq_0_stage_9
2026-05-15T16:25:04,train,redq,9,redq_0_stage_9,868,174841,30,-2504.4723036289215,2,COLL_WALL,0,0,0,2.1712844930007122,3.2287991046905518,174841,tensor(453.5118),tensor(8473.1992),0,/workspace/models/redq/redq_0_stage_9
2026-05-15T16:25:09,train,redq,9,redq_0_stage_9,869,174876,35,-2394.564774751663,2,COLL_WALL,0,0,0,2.686794399000064,0.1734779328107834,174876,tensor(435.9918),tensor(7772.1431),0,/workspace/models/redq/redq_0_stage_9
2026-05-15T16:25:49,train,redq,9,redq_0_stage_9,870,175413,537,-1789.3769892156124,1,SUCCESS,1,0,0,37.399044009000136,4.213697910308838,175413,tensor(457.4648),tensor(8349.3428),0,/workspace/models/redq/redq_0_stage_9
2026-05-15T16:25:56,train,redq,9,redq_0_stage_9,871,175520,107,-3708.949820995331,2,COLL_WALL,0,0,0,7.197223434000989,0.6852529644966125,175520,tensor(451.0284),tensor(9583.4531),0,/workspace/models/redq/redq_0_stage_9
2026-05-15T16:26:10,train,redq,9,redq_0_stage_9,872,175696,176,-2951.018208682537,2,COLL_WALL,0,0,0,11.986610740999822,5.126144886016846,175696,tensor(466.0384),tensor(8197.0508),0,/workspace/models/redq/redq_0_stage_9
2026-05-15T16:26:24,train,redq,9,redq_0_stage_9,873,175875,179,1157.2304839789867,1,SUCCESS,1,0,0,13.40108581900131,2.8477671146392822,175875,tensor(461.2764),tensor(9636.5439),0,/workspace/models/redq/redq_0_stage_9
2026-05-15T16:26:54,train,redq,9,redq_0_stage_9,874,176291,416,325.85108199715614,1,SUCCESS,1,0,0,28.000613049000094,4.406282901763916,176291,tensor(463.3499),tensor(8687.9287),0,/workspace/models/redq/redq_0_stage_9
2026-05-15T16:27:17,train,redq,9,redq_0_stage_9,875,176609,318,-3825.320943593979,2,COLL_WALL,0,0,0,21.368203936999635,2.734614133834839,176609,tensor(451.6644),tensor(8041.5557),0,/workspace/models/redq/redq_0_stage_9
2026-05-15T16:27:34,train,redq,9,redq_0_stage_9,876,176859,250,45.28220108151436,1,SUCCESS,1,0,0,16.632611426999574,2.7607152462005615,176859,tensor(451.5022),tensor(8862.1836),0,/workspace/models/redq/redq_0_stage_9
2026-05-15T16:27:49,train,redq,9,redq_0_stage_9,877,177056,197,-2893.044943213463,2,COLL_WALL,0,0,0,13.189803911998752,2.436540126800537,177056,tensor(443.0341),tensor(9203.9424),0,/workspace/models/redq/redq_0_stage_9
2026-05-15T16:28:30,train,redq,9,redq_0_stage_9,878,177654,598,-2468.790472894907,4,TIMEOUT,0,0,1,39.751110065999455,6.395865440368652,177654,tensor(446.8199),tensor(8642.5654),0,/workspace/models/redq/redq_0_stage_9
2026-05-15T16:28:36,train,redq,9,redq_0_stage_9,879,177743,89,2157.6592768132687,1,SUCCESS,1,0,0,5.892937955999514,3.4993581771850586,177743,tensor(441.8973),tensor(8700.9062),0,/workspace/models/redq/redq_0_stage_9
2026-05-15T16:29:01,train,redq,9,redq_0_stage_9,880,178070,327,1460.449420452118,1,SUCCESS,1,0,0,21.844789725000737,3.711956739425659,178070,tensor(454.4547),tensor(8673.5107),0,/workspace/models/redq/redq_0_stage_9
2026-05-15T16:29:13,train,redq,9,redq_0_stage_9,881,178239,169,-3573.7101463079453,2,COLL_WALL,0,0,0,12.196019807999619,1.572219729423523,178239,tensor(445.0873),tensor(8562.3828),0,/workspace/models/redq/redq_0_stage_9
2026-05-15T16:29:33,train,redq,9,redq_0_stage_9,882,178479,240,1573.5608549118042,1,SUCCESS,1,0,0,18.30550032999963,4.217947006225586,178479,tensor(442.3263),tensor(8850.3379),0,/workspace/models/redq/redq_0_stage_9
2026-05-15T16:29:49,train,redq,9,redq_0_stage_9,883,178674,195,1990.533151179552,1,SUCCESS,1,0,0,13.645937859999322,2.606677532196045,178674,tensor(445.2264),tensor(7779.4980),0,/workspace/models/redq/redq_0_stage_9
2026-05-15T16:29:58,train,redq,9,redq_0_stage_9,884,178795,121,2196.014062255621,1,SUCCESS,1,0,0,8.359434255000451,1.1300233602523804,178795,tensor(447.5966),tensor(8037.5845),0,/workspace/models/redq/redq_0_stage_9
2026-05-15T16:30:09,train,redq,9,redq_0_stage_9,885,178980,185,-2644.7139557003975,2,COLL_WALL,0,0,0,11.228884599999219,2.0225131511688232,178980,tensor(451.0413),tensor(9575.4297),0,/workspace/models/redq/redq_0_stage_9
2026-05-15T16:30:12,train,redq,9,redq_0_stage_9,886,179010,30,-2146.67982339859,2,COLL_WALL,0,0,0,1.8378658980000182,1.7048957347869873,179010,tensor(450.9019),tensor(8804.0283),0,/workspace/models/redq/redq_0_stage_9
2026-05-15T16:30:31,train,redq,9,redq_0_stage_9,887,179296,286,-3640.0666685700417,2,COLL_WALL,0,0,0,17.350355614000364,1.8561680316925049,179296,tensor(441.3065),tensor(7330.9077),0,/workspace/models/redq/redq_0_stage_9
2026-05-15T16:30:57,train,redq,9,redq_0_stage_9,888,179706,410,1244.6565664112568,1,SUCCESS,1,0,0,24.939913136999166,5.328049659729004,179706,tensor(448.3919),tensor(8241.6611),0,/workspace/models/redq/redq_0_stage_9
2026-05-15T16:31:40,train,redq,9,redq_0_stage_9,889,180379,673,-4523.164113998413,4,TIMEOUT,0,0,1,40.67534329400041,4.890287399291992,180379,tensor(438.1727),tensor(8369.9688),0,/workspace/models/redq/redq_0_stage_9
2026-05-15T16:32:02,train,redq,9,redq_0_stage_9,890,180705,326,1606.5058639645576,1,SUCCESS,1,0,0,19.760780814998725,4.761775970458984,180705,tensor(450.3865),tensor(9347.8203),0,/workspace/models/redq/redq_0_stage_9
2026-05-15T16:32:21,train,redq,9,redq_0_stage_9,891,180978,273,-3539.6921414732933,2,COLL_WALL,0,0,0,18.450564991000647,2.2796287536621094,180978,tensor(433.7733),tensor(8633.1396),0,/workspace/models/redq/redq_0_stage_9
2026-05-15T16:32:40,train,redq,9,redq_0_stage_9,892,181245,267,1731.639211654663,1,SUCCESS,1,0,0,17.903938064999238,4.252798080444336,181245,tensor(440.1338),tensor(8912.3789),0,/workspace/models/redq/redq_0_stage_9
2026-05-15T16:33:03,train,redq,9,redq_0_stage_9,893,181563,318,-3275.56281632185,2,COLL_WALL,0,0,0,21.504117512000448,2.518935441970825,181563,tensor(446.6063),tensor(8344.9648),0,/workspace/models/redq/redq_0_stage_9
2026-05-15T16:33:09,train,redq,9,redq_0_stage_9,894,181630,67,2338.8571335077286,1,SUCCESS,1,0,0,4.538914074000786,1.6804817914962769,181630,tensor(420.4916),tensor(8730.1611),0,/workspace/models/redq/redq_0_stage_9
2026-05-15T16:33:22,train,redq,9,redq_0_stage_9,895,181823,193,2077.3948007822037,1,SUCCESS,1,0,0,13.304822748999868,2.571202039718628,181823,tensor(440.3002),tensor(7840.8530),0,/workspace/models/redq/redq_0_stage_9
2026-05-15T16:33:41,train,redq,9,redq_0_stage_9,896,182065,242,2001.9152265787125,1,SUCCESS,1,0,0,16.537302144999558,2.8932411670684814,182065,tensor(446.9586),tensor(9424.6807),0,/workspace/models/redq/redq_0_stage_9
2026-05-15T16:33:48,train,redq,9,redq_0_stage_9,897,182170,105,-2371.6827347278595,2,COLL_WALL,0,0,0,7.033254601999943,1.4595876932144165,182170,tensor(432.6569),tensor(7199.7505),0,/workspace/models/redq/redq_0_stage_9
2026-05-15T16:34:08,train,redq,9,redq_0_stage_9,898,182435,265,1414.8928193747997,1,SUCCESS,1,0,0,17.972725642001024,3.1064600944519043,182435,tensor(442.6288),tensor(8477.3652),0,/workspace/models/redq/redq_0_stage_9
2026-05-15T16:34:10,train,redq,9,redq_0_stage_9,899,182465,30,-2732.2096996307373,2,COLL_WALL,0,0,0,2.042668752999816,0.1298549324274063,182465,tensor(450.0324),tensor(10612.6035),0,/workspace/models/redq/redq_0_stage_9
2026-05-15T16:34:20,train,redq,9,redq_0_stage_9,900,182559,94,2186.5570594370365,1,SUCCESS,1,0,0,6.285812339001495,1.9193838834762573,182559,tensor(456.4782),tensor(9470.9580),1,/workspace/models/redq/redq_0_stage_9
2026-05-15T16:34:45,train,redq,9,redq_0_stage_9,901,182908,349,-3872.560083627701,2,COLL_WALL,0,0,0,23.786600577999707,2.7437145709991455,182908,tensor(436.4722),tensor(8566.0986),0,/workspace/models/redq/redq_0_stage_9
2026-05-15T16:34:53,train,redq,9,redq_0_stage_9,902,183023,115,-2772.7161670923233,2,COLL_WALL,0,0,0,7.768054678999761,1.2330272197723389,183023,tensor(435.7407),tensor(9306.5596),0,/workspace/models/redq/redq_0_stage_9
2026-05-15T16:34:56,train,redq,9,redq_0_stage_9,903,183053,30,-2481.0735632181168,2,COLL_WALL,0,0,0,2.033987580998655,0.17383383214473724,183053,tensor(428.8505),tensor(9436.9580),0,/workspace/models/redq/redq_0_stage_9
2026-05-15T16:35:01,train,redq,9,redq_0_stage_9,904,183102,49,-2564.552519083023,2,COLL_WALL,0,0,0,3.3520650650007155,0.10819230228662491,183102,tensor(445.6251),tensor(10758.9639),0,/workspace/models/redq/redq_0_stage_9
2026-05-15T16:35:10,train,redq,9,redq_0_stage_9,905,183225,123,-3164.6337628364563,2,COLL_WALL,0,0,0,8.17243405499903,0.840632438659668,183225,tensor(434.4142),tensor(9164.6738),0,/workspace/models/redq/redq_0_stage_9
2026-05-15T16:35:12,train,redq,9,redq_0_stage_9,906,183255,30,-2442.620174765587,2,COLL_WALL,0,0,0,2.018501116999687,0.2750931680202484,183255,tensor(442.5482),tensor(9157.9229),0,/workspace/models/redq/redq_0_stage_9
2026-05-15T16:35:15,train,redq,9,redq_0_stage_9,907,183290,35,-2190.2747163772583,2,COLL_WALL,0,0,0,2.3704514909986756,0.21031877398490906,183290,tensor(438.1791),tensor(7418.0127),0,/workspace/models/redq/redq_0_stage_9
2026-05-15T16:35:31,train,redq,9,redq_0_stage_9,908,183510,220,-3442.1170929670334,2,COLL_WALL,0,0,0,14.785800110999844,1.7469911575317383,183510,tensor(437.0779),tensor(8923.9785),0,/workspace/models/redq/redq_0_stage_9
2026-05-15T16:35:44,train,redq,9,redq_0_stage_9,909,183681,171,1720.725189268589,1,SUCCESS,1,0,0,11.615272985000047,2.067094087600708,183681,tensor(434.3399),tensor(8742.4688),0,/workspace/models/redq/redq_0_stage_9
2026-05-15T16:35:58,train,redq,9,redq_0_stage_9,910,183879,198,-2783.8637008070946,2,COLL_WALL,0,0,0,13.312871062998965,2.3973195552825928,183879,tensor(443.0616),tensor(8445.0234),0,/workspace/models/redq/redq_0_stage_9
2026-05-15T16:36:23,train,redq,9,redq_0_stage_9,911,184226,347,450.81507992744446,1,SUCCESS,1,0,0,23.59981674899973,4.808141231536865,184226,tensor(435.5478),tensor(8676.1611),0,/workspace/models/redq/redq_0_stage_9
2026-05-15T16:36:38,train,redq,9,redq_0_stage_9,912,184411,185,2096.856196463108,1,SUCCESS,1,0,0,12.526766296999995,2.3517680168151855,184411,tensor(437.0500),tensor(8459.9736),0,/workspace/models/redq/redq_0_stage_9
2026-05-15T16:36:45,train,redq,9,redq_0_stage_9,913,184514,103,-2644.937742114067,2,COLL_WALL,0,0,0,7.028219087000252,1.1556240320205688,184514,tensor(447.1900),tensor(9367.8555),0,/workspace/models/redq/redq_0_stage_9
2026-05-15T16:36:57,train,redq,9,redq_0_stage_9,914,184689,175,1673.8192101120949,1,SUCCESS,1,0,0,11.697221492000608,4.756263256072998,184689,tensor(436.7036),tensor(8877.7852),0,/workspace/models/redq/redq_0_stage_9
2026-05-15T16:37:10,train,redq,9,redq_0_stage_9,915,184850,161,2145.8600181937218,1,SUCCESS,1,0,0,10.886909052000192,2.301038980484009,184850,tensor(433.1769),tensor(8350.5605),0,/workspace/models/redq/redq_0_stage_9
2026-05-15T16:37:32,train,redq,9,redq_0_stage_9,916,185175,325,-4880.472279071808,2,COLL_WALL,0,0,0,21.81403318499906,2.330308675765991,185175,tensor(438.1203),tensor(8552.5479),0,/workspace/models/redq/redq_0_stage_9
2026-05-15T16:37:50,train,redq,9,redq_0_stage_9,917,185414,239,1373.708651483059,1,SUCCESS,1,0,0,16.19634304400097,4.25337553024292,185414,tensor(444.0280),tensor(8756.7275),0,/workspace/models/redq/redq_0_stage_9
2026-05-15T16:38:04,train,redq,9,redq_0_stage_9,918,185607,193,1943.4376222789288,1,SUCCESS,1,0,0,12.993486076000409,2.3921780586242676,185607,tensor(426.3971),tensor(9274.2930),0,/workspace/models/redq/redq_0_stage_9
2026-05-15T16:38:33,train,redq,9,redq_0_stage_9,919,186022,415,644.129421710968,1,SUCCESS,1,0,0,28.090866661999826,3.8425986766815186,186022,tensor(432.3120),tensor(8746.6094),0,/workspace/models/redq/redq_0_stage_9
2026-05-15T16:38:38,train,redq,9,redq_0_stage_9,920,186052,30,-2412.979022502899,2,COLL_WALL,0,0,0,2.016006877000109,0.3556835651397705,186052,tensor(459.8964),tensor(8106.9575),0,/workspace/models/redq/redq_0_stage_9
2026-05-15T16:39:01,train,redq,9,redq_0_stage_9,921,186381,329,-3540.1375454068184,2,COLL_WALL,0,0,0,22.331361330001528,4.838243007659912,186381,tensor(430.7144),tensor(9695.1387),0,/workspace/models/redq/redq_0_stage_9
2026-05-15T16:39:13,train,redq,9,redq_0_stage_9,922,186547,166,1882.9649444818497,1,SUCCESS,1,0,0,11.104444643000534,3.2685489654541016,186547,tensor(437.1659),tensor(9755.3232),0,/workspace/models/redq/redq_0_stage_9
2026-05-15T16:39:30,train,redq,9,redq_0_stage_9,923,186796,249,-3271.2261959314346,2,COLL_WALL,0,0,0,16.581202662999203,1.8772436380386353,186796,tensor(427.1028),tensor(8816.7412),0,/workspace/models/redq/redq_0_stage_9
2026-05-15T16:39:36,train,redq,9,redq_0_stage_9,924,186872,76,2235.4558670520782,1,SUCCESS,1,0,0,5.016827827999805,2.8164992332458496,186872,tensor(445.0162),tensor(8054.3477),0,/workspace/models/redq/redq_0_stage_9
2026-05-15T16:39:57,train,redq,9,redq_0_stage_9,925,187167,295,671.3538336455822,1,SUCCESS,1,0,0,19.65332173599927,3.080383777618408,187167,tensor(424.7397),tensor(9200.0098),0,/workspace/models/redq/redq_0_stage_9
2026-05-15T16:40:13,train,redq,9,redq_0_stage_9,926,187368,201,-2665.151328086853,2,COLL_WALL,0,0,0,13.758429772000454,2.409646987915039,187368,tensor(433.0669),tensor(9129.7822),0,/workspace/models/redq/redq_0_stage_9
2026-05-15T16:40:15,train,redq,9,redq_0_stage_9,927,187398,30,-2327.1240787506104,2,COLL_WALL,0,0,0,2.002934713000286,0.757466197013855,187398,tensor(435.3157),tensor(10369.1230),0,/workspace/models/redq/redq_0_stage_9
2026-05-15T16:40:27,train,redq,9,redq_0_stage_9,928,187559,161,1141.6399998664856,1,SUCCESS,1,0,0,10.710397419999936,1.9991264343261719,187559,tensor(421.7243),tensor(8747.8164),0,/workspace/models/redq/redq_0_stage_9
2026-05-15T16:41:04,train,redq,9,redq_0_stage_9,929,188092,533,-5295.950262904167,2,COLL_WALL,0,0,0,36.21061866200034,3.648770809173584,188092,tensor(416.0807),tensor(9408.6719),0,/workspace/models/redq/redq_0_stage_9
2026-05-15T16:41:18,train,redq,9,redq_0_stage_9,930,188264,172,-2831.7101513147354,2,COLL_WALL,0,0,0,11.505523874000573,4.1857218742370605,188264,tensor(428.2875),tensor(9710.7412),0,/workspace/models/redq/redq_0_stage_9
2026-05-15T16:41:42,train,redq,9,redq_0_stage_9,931,188605,341,1239.0277238488197,1,SUCCESS,1,0,0,22.90512667999974,4.077878475189209,188605,tensor(420.0155),tensor(8203.8223),0,/workspace/models/redq/redq_0_stage_9
2026-05-15T16:41:53,train,redq,9,redq_0_stage_9,932,188740,135,-3800.727300643921,2,COLL_WALL,0,0,0,9.1363930180014,1.3798094987869263,188740,tensor(422.6410),tensor(8889.8643),0,/workspace/models/redq/redq_0_stage_9
2026-05-15T16:42:09,train,redq,9,redq_0_stage_9,933,188972,232,-3275.5426005125046,2,COLL_WALL,0,0,0,15.477803706000486,4.8144307136535645,188972,tensor(414.7743),tensor(9088.0166),0,/workspace/models/redq/redq_0_stage_9
2026-05-15T16:42:28,train,redq,9,redq_0_stage_9,934,189243,271,1396.6636625230312,1,SUCCESS,1,0,0,18.138552892000007,3.7584829330444336,189243,tensor(419.5643),tensor(9622.6807),0,/workspace/models/redq/redq_0_stage_9
2026-05-15T16:42:35,train,redq,9,redq_0_stage_9,935,189334,91,-2570.7582261562347,2,COLL_WALL,0,0,0,6.0993382380002,0.7402960658073425,189334,tensor(427.4582),tensor(9479.0674),0,/workspace/models/redq/redq_0_stage_9
2026-05-15T16:42:38,train,redq,9,redq_0_stage_9,936,189365,31,-2343.579112291336,2,COLL_WALL,0,0,0,2.1014174750016537,2.0999038219451904,189365,tensor(420.7680),tensor(9308.2627),0,/workspace/models/redq/redq_0_stage_9
2026-05-15T16:42:40,train,redq,9,redq_0_stage_9,937,189395,30,-2516.378924846649,2,COLL_WALL,0,0,0,2.078506199999538,0.4845864176750183,189395,tensor(418.3813),tensor(8133.1250),0,/workspace/models/redq/redq_0_stage_9
2026-05-15T16:42:47,train,redq,9,redq_0_stage_9,938,189468,73,-2727.7294487953186,2,COLL_WALL,0,0,0,4.911643585001002,0.36993134021759033,189468,tensor(407.5932),tensor(9522.7871),0,/workspace/models/redq/redq_0_stage_9
2026-05-15T16:42:49,train,redq,9,redq_0_stage_9,939,189498,30,-2360.0577895641327,2,COLL_WALL,0,0,0,2.0025697689998196,0.24691638350486755,189498,tensor(423.8715),tensor(6655.6279),0,/workspace/models/redq/redq_0_stage_9
2026-05-15T16:42:53,train,redq,9,redq_0_stage_9,940,189536,38,-3035.030912399292,2,COLL_WALL,0,0,0,2.5582414279997465,0.11668207496404648,189536,tensor(438.8779),tensor(9360.6533),0,/workspace/models/redq/redq_0_stage_9
2026-05-15T16:43:04,train,redq,9,redq_0_stage_9,941,189698,162,1672.889596402645,1,SUCCESS,1,0,0,10.819177745999696,2.0210330486297607,189698,tensor(432.9246),tensor(9375.8359),0,/workspace/models/redq/redq_0_stage_9
2026-05-15T16:43:29,train,redq,9,redq_0_stage_9,942,190036,338,638.627111017704,1,SUCCESS,1,0,0,22.877657716999238,3.4631412029266357,190036,tensor(413.5221),tensor(8939.1699),0,/workspace/models/redq/redq_0_stage_9
2026-05-15T16:43:51,train,redq,9,redq_0_stage_9,943,190347,311,757.0758468210697,1,SUCCESS,1,0,0,20.756746819999535,3.269554376602173,190347,tensor(415.2931),tensor(9162.2227),0,/workspace/models/redq/redq_0_stage_9
2026-05-15T16:44:08,train,redq,9,redq_0_stage_9,944,190592,245,-2931.645292699337,2,COLL_WALL,0,0,0,16.34507540300001,2.925633430480957,190592,tensor(408.8189),tensor(8878.1621),0,/workspace/models/redq/redq_0_stage_9
2026-05-15T16:44:26,train,redq,9,redq_0_stage_9,945,190828,236,-3538.8210347890854,2,COLL_WALL,0,0,0,15.883023361000596,4.366326808929443,190828,tensor(415.3524),tensor(9051.5342),0,/workspace/models/redq/redq_0_stage_9
2026-05-15T16:44:41,train,redq,9,redq_0_stage_9,946,191036,208,-3747.3423187732697,2,COLL_WALL,0,0,0,14.034960254999532,3.7244536876678467,191036,tensor(410.5493),tensor(9243.0664),0,/workspace/models/redq/redq_0_stage_9
2026-05-15T16:44:46,train,redq,9,redq_0_stage_9,947,191112,76,-2896.023411631584,2,COLL_WALL,0,0,0,5.063727128001119,1.9523910284042358,191112,tensor(426.8476),tensor(10792.7891),0,/workspace/models/redq/redq_0_stage_9
2026-05-15T16:44:49,train,redq,9,redq_0_stage_9,948,191147,35,-2428.17400932312,2,COLL_WALL,0,0,0,2.38771731900124,0.6439852118492126,191147,tensor(407.1524),tensor(11560.5977),0,/workspace/models/redq/redq_0_stage_9
2026-05-15T16:44:53,train,redq,9,redq_0_stage_9,949,191177,30,-2332.2659220695496,2,COLL_WALL,0,0,0,2.0393602090007334,0.3405037522315979,191177,tensor(428.2595),tensor(10970.6631),0,/workspace/models/redq/redq_0_stage_9
2026-05-15T16:45:03,train,redq,9,redq_0_stage_9,950,191309,132,-3376.376793026924,2,COLL_WALL,0,0,0,8.99838251500114,1.0217734575271606,191309,tensor(416.4789),tensor(9856.7432),0,/workspace/models/redq/redq_0_stage_9
2026-05-15T16:45:07,train,redq,9,redq_0_stage_9,951,191357,48,-2537.4288053512573,2,COLL_WALL,0,0,0,3.233604055001706,1.1950607299804688,191357,tensor(397.4198),tensor(8927.1924),0,/workspace/models/redq/redq_0_stage_9
2026-05-15T16:45:12,train,redq,9,redq_0_stage_9,952,191428,71,-2642.6669557094574,2,COLL_WALL,0,0,0,4.7742809940009465,0.663666844367981,191428,tensor(406.1147),tensor(8866.3662),0,/workspace/models/redq/redq_0_stage_9
2026-05-15T16:45:14,train,redq,9,redq_0_stage_9,953,191458,30,-2814.4939193725586,2,COLL_WALL,0,0,0,2.002438258001348,0.052392829209566116,191458,tensor(423.7213),tensor(7960.0581),0,/workspace/models/redq/redq_0_stage_9
2026-05-15T16:45:17,train,redq,9,redq_0_stage_9,954,191490,32,-2121.8010293245316,2,COLL_WALL,0,0,0,2.1333716429999185,0.34091347455978394,191490,tensor(361.3172),tensor(8332.9785),0,/workspace/models/redq/redq_0_stage_9
2026-05-15T16:45:31,train,redq,9,redq_0_stage_9,955,191677,187,1191.7102903723717,1,SUCCESS,1,0,0,12.697855506999986,1.8830538988113403,191677,tensor(410.8619),tensor(8911.1816),0,/workspace/models/redq/redq_0_stage_9
2026-05-15T16:45:47,train,redq,9,redq_0_stage_9,956,191901,224,1389.5821245610714,1,SUCCESS,1,0,0,15.159788503000527,2.7314984798431396,191901,tensor(402.2536),tensor(9129.9766),0,/workspace/models/redq/redq_0_stage_9
2026-05-15T16:46:16,train,redq,9,redq_0_stage_9,957,192303,402,767.2034867107868,1,SUCCESS,1,0,0,27.074808534998738,4.370108604431152,192303,tensor(402.8365),tensor(9055.8730),0,/workspace/models/redq/redq_0_stage_9
2026-05-15T16:46:20,train,redq,9,redq_0_stage_9,958,192359,56,-2507.2968077659607,2,COLL_WALL,0,0,0,3.7929971480007225,0.40350839495658875,192359,tensor(395.4157),tensor(7406.3345),0,/workspace/models/redq/redq_0_stage_9
2026-05-15T16:46:36,train,redq,9,redq_0_stage_9,959,192564,205,1606.057032674551,1,SUCCESS,1,0,0,13.99753632500142,4.181903839111328,192564,tensor(397.6836),tensor(8520.4756),0,/workspace/models/redq/redq_0_stage_9
2026-05-15T16:46:44,train,redq,9,redq_0_stage_9,960,192660,96,-2986.3015971183777,2,COLL_WALL,0,0,0,6.47741625999879,1.21886146068573,192660,tensor(409.0783),tensor(9321.1113),0,/workspace/models/redq/redq_0_stage_9
2026-05-15T16:46:51,train,redq,9,redq_0_stage_9,961,192760,100,1975.6313658952713,1,SUCCESS,1,0,0,6.7269863370001985,3.028486967086792,192760,tensor(412.7682),tensor(9436.6523),0,/workspace/models/redq/redq_0_stage_9
2026-05-15T16:47:07,train,redq,9,redq_0_stage_9,962,192979,219,1752.8041153848171,1,SUCCESS,1,0,0,14.830298607999794,2.031059980392456,192979,tensor(401.6966),tensor(9737.4014),0,/workspace/models/redq/redq_0_stage_9
2026-05-15T16:47:38,train,redq,9,redq_0_stage_9,963,193403,424,808.3078429847956,1,SUCCESS,1,0,0,28.851566856001227,5.090662479400635,193403,tensor(401.5667),tensor(9035.7949),0,/workspace/models/redq/redq_0_stage_9
2026-05-15T16:47:50,train,redq,9,redq_0_stage_9,964,193567,164,-2851.0514121055603,2,COLL_WALL,0,0,0,11.11895548999928,1.7699501514434814,193567,tensor(400.7401),tensor(8902.9824),0,/workspace/models/redq/redq_0_stage_9
2026-05-15T16:48:18,train,redq,9,redq_0_stage_9,965,193899,332,-4565.109134942293,2,COLL_WALL,0,0,0,26.70107151800039,5.458799839019775,193899,tensor(410.5231),tensor(9001.1084),0,/workspace/models/redq/redq_0_stage_9
2026-05-15T16:48:25,train,redq,9,redq_0_stage_9,966,193985,86,2155.892389535904,1,SUCCESS,1,0,0,6.307156847999067,2.7919585704803467,193985,tensor(408.6656),tensor(8624.6162),0,/workspace/models/redq/redq_0_stage_9
2026-05-15T16:48:36,train,redq,9,redq_0_stage_9,967,194115,130,-2711.3904700875282,2,COLL_WALL,0,0,0,9.37082454099982,1.5775998830795288,194115,tensor(406.8323),tensor(10621.5156),0,/workspace/models/redq/redq_0_stage_9
2026-05-15T16:48:56,train,redq,9,redq_0_stage_9,968,194390,275,1600.541248857975,1,SUCCESS,1,0,0,19.466785784999956,4.623829364776611,194390,tensor(406.4229),tensor(8890.8213),0,/workspace/models/redq/redq_0_stage_9
2026-05-15T16:49:05,train,redq,9,redq_0_stage_9,969,194501,111,2115.957657814026,1,SUCCESS,1,0,0,7.559765482001239,1.2985228300094604,194501,tensor(399.7787),tensor(9364.3477),0,/workspace/models/redq/redq_0_stage_9
2026-05-15T16:49:30,train,redq,9,redq_0_stage_9,970,194843,342,-3385.582199037075,2,COLL_WALL,0,0,0,23.181425832999594,2.6574645042419434,194843,tensor(394.6141),tensor(10159.9893),0,/workspace/models/redq/redq_0_stage_9
2026-05-15T16:49:43,train,redq,9,redq_0_stage_9,971,195013,170,-3112.7466831207275,2,COLL_WALL,0,0,0,11.738642759000868,2.3900394439697266,195013,tensor(403.5372),tensor(10096.8574),0,/workspace/models/redq/redq_0_stage_9
2026-05-15T16:49:56,train,redq,9,redq_0_stage_9,972,195195,182,-2915.775463819504,2,COLL_WALL,0,0,0,12.220772984999712,3.100645065307617,195195,tensor(390.7214),tensor(9671.5078),0,/workspace/models/redq/redq_0_stage_9
2026-05-15T16:50:07,train,redq,9,redq_0_stage_9,973,195337,142,1995.1037539839745,1,SUCCESS,1,0,0,9.601910957000655,2.285210132598877,195337,tensor(403.3632),tensor(8981.6982),0,/workspace/models/redq/redq_0_stage_9
2026-05-15T16:50:18,train,redq,9,redq_0_stage_9,974,195493,156,2094.940726608038,1,SUCCESS,1,0,0,10.427736824998647,1.7505263090133667,195493,tensor(406.6115),tensor(9825.9893),0,/workspace/models/redq/redq_0_stage_9
2026-05-15T16:50:23,train,redq,9,redq_0_stage_9,975,195554,61,-2354.9538164138794,2,COLL_WALL,0,0,0,4.118854679998549,0.725953221321106,195554,tensor(375.8647),tensor(8658.1709),0,/workspace/models/redq/redq_0_stage_9
2026-05-15T16:50:33,train,redq,9,redq_0_stage_9,976,195702,148,-2997.099842965603,2,COLL_WALL,0,0,0,9.891899336000279,3.6122987270355225,195702,tensor(396.7541),tensor(9857.4971),0,/workspace/models/redq/redq_0_stage_9
2026-05-15T16:50:44,train,redq,9,redq_0_stage_9,977,195831,129,1607.7484736442566,1,SUCCESS,1,0,0,8.73009566499968,2.377328395843506,195831,tensor(401.9153),tensor(8260.7510),0,/workspace/models/redq/redq_0_stage_9
2026-05-15T16:50:47,train,redq,9,redq_0_stage_9,978,195869,38,-2294.9742102622986,2,COLL_WALL,0,0,0,2.521466321999469,0.40899303555488586,195869,tensor(380.7681),tensor(8490.0400),0,/workspace/models/redq/redq_0_stage_9
2026-05-15T16:50:50,train,redq,9,redq_0_stage_9,979,195907,38,-2337.870611667633,2,COLL_WALL,0,0,0,2.638897110999096,1.4665287733078003,195907,tensor(399.4788),tensor(10180.2998),0,/workspace/models/redq/redq_0_stage_9
2026-05-15T16:51:10,train,redq,9,redq_0_stage_9,980,196168,261,736.0506183207035,1,SUCCESS,1,0,0,18.01463791599963,3.0548312664031982,196168,tensor(396.7492),tensor(9251.7363),0,/workspace/models/redq/redq_0_stage_9
2026-05-15T16:51:17,train,redq,9,redq_0_stage_9,981,196249,81,-2490.88820207119,2,COLL_WALL,0,0,0,5.905199900000298,0.7043089270591736,196249,tensor(409.0927),tensor(8915.1094),0,/workspace/models/redq/redq_0_stage_9
2026-05-15T16:51:30,train,redq,9,redq_0_stage_9,982,196420,171,1711.2734965384007,1,SUCCESS,1,0,0,12.636329796998325,5.172204494476318,196420,tensor(396.7778),tensor(9009.1602),0,/workspace/models/redq/redq_0_stage_9
2026-05-15T16:51:41,train,redq,9,redq_0_stage_9,983,196558,138,1401.5000552535057,1,SUCCESS,1,0,0,9.560571062000236,1.702190637588501,196558,tensor(389.2644),tensor(9518.9717),0,/workspace/models/redq/redq_0_stage_9
2026-05-15T16:51:53,train,redq,9,redq_0_stage_9,984,196718,160,1934.0883200764656,1,SUCCESS,1,0,0,11.116927474000477,2.142948865890503,196718,tensor(397.0099),tensor(10276.0762),0,/workspace/models/redq/redq_0_stage_9
2026-05-15T16:52:26,train,redq,9,redq_0_stage_9,985,197187,469,31.27447158098221,1,SUCCESS,1,0,0,31.726155975999063,4.770772457122803,197187,tensor(391.2723),tensor(9621.4883),0,/workspace/models/redq/redq_0_stage_9
2026-05-15T16:52:29,train,redq,9,redq_0_stage_9,986,197221,34,-2624.6980102062225,2,COLL_WALL,0,0,0,2.327275046998693,0.5497445464134216,197221,tensor(384.9426),tensor(8183.3730),0,/workspace/models/redq/redq_0_stage_9
2026-05-15T16:52:58,train,redq,9,redq_0_stage_9,987,197621,400,468.86361330747604,1,SUCCESS,1,0,0,26.867486245999316,6.873908042907715,197621,tensor(384.9451),tensor(8832.3594),0,/workspace/models/redq/redq_0_stage_9
2026-05-15T16:53:29,train,redq,9,redq_0_stage_9,988,198023,402,-4619.58628320694,2,COLL_WALL,0,0,0,29.848315312001432,3.2610738277435303,198023,tensor(396.6837),tensor(9301.6543),0,/workspace/models/redq/redq_0_stage_9
2026-05-15T16:53:52,train,redq,9,redq_0_stage_9,989,198279,256,-3421.8415065407753,2,COLL_WALL,0,0,0,20.868075775999387,4.567852020263672,198279,tensor(386.1596),tensor(8908.3467),0,/workspace/models/redq/redq_0_stage_9
2026-05-15T16:54:14,train,redq,9,redq_0_stage_9,990,198512,233,1452.8921373784542,1,SUCCESS,1,0,0,20.072881695001342,4.589715480804443,198512,tensor(397.2281),tensor(9545.4824),0,/workspace/models/redq/redq_0_stage_9
2026-05-15T16:54:36,train,redq,9,redq_0_stage_9,991,198774,262,-3050.7568638324738,2,COLL_WALL,0,0,0,20.58412839599987,2.7960593700408936,198774,tensor(388.2213),tensor(9116.2754),0,/workspace/models/redq/redq_0_stage_9
2026-05-15T16:54:46,train,redq,9,redq_0_stage_9,992,198883,109,-2725.428819656372,2,COLL_WALL,0,0,0,8.277548420999665,2.0928540229797363,198883,tensor(397.7355),tensor(9187.5146),0,/workspace/models/redq/redq_0_stage_9
2026-05-15T16:55:05,train,redq,9,redq_0_stage_9,993,199136,253,583.920984685421,1,SUCCESS,1,0,0,19.40750522899907,2.3493428230285645,199136,tensor(388.4179),tensor(9500.5410),0,/workspace/models/redq/redq_0_stage_9
2026-05-15T16:55:21,train,redq,9,redq_0_stage_9,994,199339,203,1411.7393282949924,1,SUCCESS,1,0,0,14.164888264000183,2.617251396179199,199339,tensor(393.6617),tensor(8812.8369),0,/workspace/models/redq/redq_0_stage_9
2026-05-15T16:55:37,train,redq,9,redq_0_stage_9,995,199529,190,-3143.47828155756,2,COLL_WALL,0,0,0,14.676828525998644,1.9863085746765137,199529,tensor(395.0502),tensor(8699.8018),0,/workspace/models/redq/redq_0_stage_9
2026-05-15T16:55:49,train,redq,9,redq_0_stage_9,996,199672,143,-3296.833456635475,2,COLL_WALL,0,0,0,11.096133940998698,3.0146865844726562,199672,tensor(396.1557),tensor(9055.2910),0,/workspace/models/redq/redq_0_stage_9
2026-05-15T16:55:55,train,redq,9,redq_0_stage_9,997,199743,71,2300.9464236199856,1,SUCCESS,1,0,0,5.351703599999382,1.332012414932251,199743,tensor(385.4062),tensor(8728.3213),0,/workspace/models/redq/redq_0_stage_9
2026-05-15T16:56:21,train,redq,9,redq_0_stage_9,998,200047,304,687.9128388762474,1,SUCCESS,1,0,0,23.552858537999782,3.435303211212158,200047,tensor(389.4853),tensor(9366.7754),0,/workspace/models/redq/redq_0_stage_9
2026-05-15T16:56:37,train,redq,9,redq_0_stage_9,999,200250,203,2007.8900751173496,1,SUCCESS,1,0,0,15.733430197999041,2.5817782878875732,200250,tensor(385.2540),tensor(9888.4990),0,/workspace/models/redq/redq_0_stage_9
2026-05-15T16:56:43,train,redq,9,redq_0_stage_9,1000,200297,47,-2442.3777356147766,2,COLL_WALL,0,0,0,3.436580650999531,0.48519954085350037,200297,tensor(387.6787),tensor(8569.3174),1,/workspace/models/redq/redq_0_stage_9
2026-05-17T18:04:05,train,redq,9,redq_0_stage_9,1001,200327,30,2436.196454823017,1,SUCCESS,1,0,0,2.693943623999985,0.02405240386724472,200327,tensor(397.2148),tensor(9431.2930),0,/workspace/models/redq/redq_0_stage_9
2026-05-17T18:04:19,train,redq,9,redq_0_stage_9,1002,200567,240,1708.7199977636337,1,SUCCESS,1,0,0,13.338924568000039,2.3640940189361572,200567,tensor(395.3882),tensor(10192.7754),0,/workspace/models/redq/redq_0_stage_9
2026-05-17T18:04:28,train,redq,9,redq_0_stage_9,1003,200707,140,2116.696148633957,1,SUCCESS,1,0,0,7.657357697999998,1.3738417625427246,200707,tensor(397.3799),tensor(8913.2109),0,/workspace/models/redq/redq_0_stage_9
2026-05-17T18:05:08,train,redq,9,redq_0_stage_9,1004,201467,760,-4740.369939923286,4,TIMEOUT,0,0,1,39.31225611800005,5.507059574127197,201467,tensor(393.2641),tensor(8834.6074),0,/workspace/models/redq/redq_0_stage_9
2026-05-17T18:05:13,train,redq,9,redq_0_stage_9,1005,201552,85,2290.669722855091,1,SUCCESS,1,0,0,4.750635484999975,1.2863795757293701,201552,tensor(372.2680),tensor(8721.0430),0,/workspace/models/redq/redq_0_stage_9
2026-05-17T18:05:24,train,redq,9,redq_0_stage_9,1006,201727,175,-3008.38084256649,2,COLL_WALL,0,0,0,8.987495488999912,1.4542871713638306,201727,tensor(379.7008),tensor(7956.3438),0,/workspace/models/redq/redq_0_stage_9
2026-05-17T18:05:29,train,redq,9,redq_0_stage_9,1007,201818,91,-2580.9228345155716,2,COLL_WALL,0,0,0,4.636053297999979,2.1172354221343994,201818,tensor(401.3146),tensor(10392.8213),0,/workspace/models/redq/redq_0_stage_9
2026-05-17T18:05:49,train,redq,9,redq_0_stage_9,1008,202209,391,-5019.849672794342,2,COLL_WALL,0,0,0,20.056820081999945,3.4129135608673096,202209,tensor(384.1418),tensor(8759.9639),0,/workspace/models/redq/redq_0_stage_9
2026-05-17T18:06:07,train,redq,9,redq_0_stage_9,1009,202532,323,742.7276783138514,1,SUCCESS,1,0,0,16.586005570999987,4.253643035888672,202532,tensor(382.1481),tensor(9460.0859),0,/workspace/models/redq/redq_0_stage_9
2026-05-17T18:06:15,train,redq,9,redq_0_stage_9,1010,202666,134,-3034.3036592006683,2,COLL_WALL,0,0,0,6.980983546000061,0.9412552118301392,202666,tensor(379.3038),tensor(9081.9580),0,/workspace/models/redq/redq_0_stage_9
2026-05-17T18:06:35,train,redq,9,redq_0_stage_9,1011,203034,368,1194.9959046244621,1,SUCCESS,1,0,0,18.879041261999987,4.78348445892334,203034,tensor(381.6426),tensor(9314.5254),0,/workspace/models/redq/redq_0_stage_9
2026-05-17T18:06:42,train,redq,9,redq_0_stage_9,1012,203159,125,-3012.504229068756,2,COLL_WALL,0,0,0,6.435207090000063,0.8752920627593994,203159,tensor(383.5021),tensor(9222.8066),0,/workspace/models/redq/redq_0_stage_9
2026-05-17T18:07:04,train,redq,9,redq_0_stage_9,1013,203566,407,-4436.479730665684,2,COLL_WALL,0,0,0,20.874719307999953,4.617697238922119,203566,tensor(381.6781),tensor(9052.3135),0,/workspace/models/redq/redq_0_stage_9
2026-05-17T18:07:09,train,redq,9,redq_0_stage_9,1014,203655,89,-2629.190978050232,2,COLL_WALL,0,0,0,4.832771277000006,2.0998804569244385,203655,tensor(383.2889),tensor(9235.4697),0,/workspace/models/redq/redq_0_stage_9
2026-05-17T18:07:17,train,redq,9,redq_0_stage_9,1015,203796,141,-2708.9798057079315,2,COLL_WALL,0,0,0,7.688058240000032,1.2591536045074463,203796,tensor(379.9138),tensor(8216.3857),0,/workspace/models/redq/redq_0_stage_9
2026-05-17T18:07:20,train,redq,9,redq_0_stage_9,1016,203826,30,-2569.0424530506134,2,COLL_WALL,0,0,0,2.3130784219999896,0.688849687576294,203826,tensor(381.2768),tensor(8996.8398),0,/workspace/models/redq/redq_0_stage_9
2026-05-17T18:07:24,train,redq,9,redq_0_stage_9,1017,203856,30,-2633.3898108005524,2,COLL_WALL,0,0,0,2.2681999559999895,0.0018357343506067991,203856,tensor(401.8046),tensor(7334.3447),0,/workspace/models/redq/redq_0_stage_9
2026-05-17T18:07:26,train,redq,9,redq_0_stage_9,1018,203889,33,-2751.854242324829,2,COLL_WALL,0,0,0,2.260323809000056,0.706243634223938,203889,tensor(403.7607),tensor(7315.2065),0,/workspace/models/redq/redq_0_stage_9
2026-05-17T18:07:30,train,redq,9,redq_0_stage_9,1019,203936,47,-2558.3123235702515,2,COLL_WALL,0,0,0,3.4536111520000077,0.45778489112854004,203936,tensor(385.8289),tensor(8953.5352),0,/workspace/models/redq/redq_0_stage_9
2026-05-17T18:07:48,train,redq,9,redq_0_stage_9,1020,204171,235,996.2814361155033,1,SUCCESS,1,0,0,16.85293810899998,2.521296977996826,204171,tensor(395.3849),tensor(9374.1670),0,/workspace/models/redq/redq_0_stage_9
2026-05-17T18:08:22,train,redq,9,redq_0_stage_9,1021,204630,459,896.5744298100471,1,SUCCESS,1,0,0,32.48400443700007,4.836069107055664,204630,tensor(390.1892),tensor(9483.1240),0,/workspace/models/redq/redq_0_stage_9
2026-05-17T18:08:29,train,redq,9,redq_0_stage_9,1022,204714,84,-2621.076380133629,2,COLL_WALL,0,0,0,6.329646291000017,0.842505931854248,204714,tensor(388.3070),tensor(9819.5723),0,/workspace/models/redq/redq_0_stage_9
2026-05-17T18:08:32,train,redq,9,redq_0_stage_9,1023,204748,34,-2341.5326912403107,2,COLL_WALL,0,0,0,2.391956358000016,2.936577796936035,204748,tensor(377.0973),tensor(7831.4189),0,/workspace/models/redq/redq_0_stage_9
2026-05-17T18:08:36,train,redq,9,redq_0_stage_9,1024,204799,51,-3181.3155732154846,2,COLL_WALL,0,0,0,3.5872777399999904,0.45088425278663635,204799,tensor(379.6048),tensor(10048.6279),0,/workspace/models/redq/redq_0_stage_9
2026-05-17T18:08:50,train,redq,9,redq_0_stage_9,1025,204983,184,-3218.8901736736298,2,COLL_WALL,0,0,0,13.292381176000049,1.8554608821868896,204983,tensor(378.3721),tensor(9693.4775),0,/workspace/models/redq/redq_0_stage_9
2026-05-17T18:09:20,train,redq,9,redq_0_stage_9,1026,205380,397,1013.3454095721245,1,SUCCESS,1,0,0,28.707233552000048,5.0152812004089355,205380,tensor(387.8652),tensor(9491.2441),0,/workspace/models/redq/redq_0_stage_9
2026-05-17T18:09:37,train,redq,9,redq_0_stage_9,1027,205590,210,1885.2792693972588,1,SUCCESS,1,0,0,15.919585434000055,2.520622968673706,205590,tensor(389.0827),tensor(9061.8174),0,/workspace/models/redq/redq_0_stage_9
2026-05-17T18:09:46,train,redq,9,redq_0_stage_9,1028,205708,118,-3187.207610309124,2,COLL_WALL,0,0,0,8.709393204000094,1.478867530822754,205708,tensor(383.9680),tensor(9476.7334),0,/workspace/models/redq/redq_0_stage_9
2026-05-17T18:09:59,train,redq,9,redq_0_stage_9,1029,205858,150,1507.264197230339,1,SUCCESS,1,0,0,10.799606606999987,2.4689383506774902,205858,tensor(385.9903),tensor(8517.3555),0,/workspace/models/redq/redq_0_stage_9
2026-05-17T18:10:16,train,redq,9,redq_0_stage_9,1030,206084,226,69.76878160238266,1,SUCCESS,1,0,0,16.332481549999898,2.8031208515167236,206084,tensor(394.9584),tensor(9254.0215),0,/workspace/models/redq/redq_0_stage_9
2026-05-17T18:10:36,train,redq,9,redq_0_stage_9,1031,206381,297,1153.1394114494324,1,SUCCESS,1,0,0,19.54782620900005,3.0943498611450195,206381,tensor(383.1598),tensor(8688.0967),0,/workspace/models/redq/redq_0_stage_9
2026-05-17T18:11:03,train,redq,9,redq_0_stage_9,1032,206770,389,-3781.6855127215385,2,COLL_WALL,0,0,0,25.026563009999904,2.5944182872772217,206770,tensor(384.6686),tensor(10040.4473),0,/workspace/models/redq/redq_0_stage_9
2026-05-17T18:11:20,train,redq,9,redq_0_stage_9,1033,207066,296,-3412.789312183857,2,COLL_WALL,0,0,0,16.45382637199998,4.894252300262451,207066,tensor(378.3150),tensor(9300.8848),0,/workspace/models/redq/redq_0_stage_9
2026-05-17T18:11:34,train,redq,9,redq_0_stage_9,1034,207285,219,1590.352394580841,1,SUCCESS,1,0,0,12.60667093699999,4.179771900177002,207285,tensor(381.7820),tensor(9709.6338),0,/workspace/models/redq/redq_0_stage_9
2026-05-17T18:11:36,train,redq,9,redq_0_stage_9,1035,207315,30,-2522.081778526306,2,COLL_WALL,0,0,0,1.8753749310000103,0.3137631118297577,207315,tensor(346.7981),tensor(7073.8364),0,/workspace/models/redq/redq_0_stage_9
2026-05-17T18:11:51,train,redq,9,redq_0_stage_9,1036,207577,262,927.6506974995136,1,SUCCESS,1,0,0,14.989846271000033,4.7205939292907715,207577,tensor(376.4329),tensor(9607.8271),0,/workspace/models/redq/redq_0_stage_9
2026-05-17T18:12:02,train,redq,9,redq_0_stage_9,1037,207735,158,1995.4028541445732,1,SUCCESS,1,0,0,9.254947895999976,1.4007476568222046,207735,tensor(377.4764),tensor(11793.9268),0,/workspace/models/redq/redq_0_stage_9
2026-05-17T18:12:05,train,redq,9,redq_0_stage_9,1038,207777,42,-2494.7811945676804,2,COLL_WALL,0,0,0,2.5845612020000317,0.4757605195045471,207777,tensor(362.8410),tensor(8554.4395),0,/workspace/models/redq/redq_0_stage_9
2026-05-17T18:12:28,train,redq,9,redq_0_stage_9,1039,208157,380,1178.95775192976,1,SUCCESS,1,0,0,22.484129393000103,4.4597697257995605,208157,tensor(370.5439),tensor(8531.5908),0,/workspace/models/redq/redq_0_stage_9
2026-05-17T18:12:43,train,redq,9,redq_0_stage_9,1040,208388,231,-2955.193698465824,2,COLL_WALL,0,0,0,13.428215093999938,2.0910017490386963,208388,tensor(371.5649),tensor(9367.9180),0,/workspace/models/redq/redq_0_stage_9
2026-05-17T18:12:55,train,redq,9,redq_0_stage_9,1041,208549,161,1776.0164769887924,1,SUCCESS,1,0,0,11.91356624499997,2.9476211071014404,208549,tensor(374.6180),tensor(8521.0469),0,/workspace/models/redq/redq_0_stage_9
2026-05-17T18:13:02,train,redq,9,redq_0_stage_9,1042,208623,74,-2631.646366238594,2,COLL_WALL,0,0,0,5.45704716399996,0.6339582204818726,208623,tensor(368.2744),tensor(10623.1777),0,/workspace/models/redq/redq_0_stage_9
2026-05-17T18:13:19,train,redq,9,redq_0_stage_9,1043,208851,228,1740.607077151537,1,SUCCESS,1,0,0,16.386713223000015,3.697378635406494,208851,tensor(370.8513),tensor(9995.7441),0,/workspace/models/redq/redq_0_stage_9
2026-05-17T18:13:33,train,redq,9,redq_0_stage_9,1044,209019,168,-2731.7079634666443,2,COLL_WALL,0,0,0,12.027360750999947,1.845559000968933,209019,tensor(365.0278),tensor(9860.6094),0,/workspace/models/redq/redq_0_stage_9
2026-05-17T18:13:50,train,redq,9,redq_0_stage_9,1045,209250,231,1392.6847816705704,1,SUCCESS,1,0,0,16.734585023000022,4.480339050292969,209250,tensor(371.4757),tensor(9635.4102),0,/workspace/models/redq/redq_0_stage_9
2026-05-17T18:14:00,train,redq,9,redq_0_stage_9,1046,209384,134,2072.7996855676174,1,SUCCESS,1,0,0,9.719459054000026,1.6358851194381714,209384,tensor(355.5822),tensor(10470.3604),0,/workspace/models/redq/redq_0_stage_9
2026-05-17T18:14:03,train,redq,9,redq_0_stage_9,1047,209414,30,-2786.406820297241,2,COLL_WALL,0,0,0,2.126028935000022,0.07287636399269104,209414,tensor(357.6819),tensor(7218.6982),0,/workspace/models/redq/redq_0_stage_9
2026-05-17T18:14:17,train,redq,9,redq_0_stage_9,1048,209595,181,1727.7307768464088,1,SUCCESS,1,0,0,13.247706051000023,2.8586394786834717,209595,tensor(363.5164),tensor(9695.6973),0,/workspace/models/redq/redq_0_stage_9
2026-05-17T18:14:38,train,redq,9,redq_0_stage_9,1049,209859,264,-3784.089024066925,2,COLL_WALL,0,0,0,19.450184062999824,2.6492345333099365,209859,tensor(369.4349),tensor(9221.2197),0,/workspace/models/redq/redq_0_stage_9
2026-05-17T18:14:53,train,redq,9,redq_0_stage_9,1050,210056,197,1495.5070084929466,1,SUCCESS,1,0,0,14.124168442000155,2.772892475128174,210056,tensor(368.4048),tensor(9777.5566),0,/workspace/models/redq/redq_0_stage_9
2026-05-17T18:15:22,train,redq,9,redq_0_stage_9,1051,210444,388,-3675.6937752366066,2,COLL_WALL,0,0,0,27.992833850000125,3.718876838684082,210444,tensor(366.4360),tensor(9305.0654),0,/workspace/models/redq/redq_0_stage_9
2026-05-17T18:15:34,train,redq,9,redq_0_stage_9,1052,210602,158,-2901.3277012705803,2,COLL_WALL,0,0,0,11.286925953000036,2.684467315673828,210602,tensor(373.4413),tensor(11242.8818),0,/workspace/models/redq/redq_0_stage_9
2026-05-17T18:15:53,train,redq,9,redq_0_stage_9,1053,210847,245,-3432.6318246126175,2,COLL_WALL,0,0,0,17.72255975400003,3.978142499923706,210847,tensor(367.7593),tensor(9293.0586),0,/workspace/models/redq/redq_0_stage_9
2026-05-17T18:16:10,train,redq,9,redq_0_stage_9,1054,211067,220,1371.3292863667011,1,SUCCESS,1,0,0,15.928209917000004,3.2368624210357666,211067,tensor(366.6827),tensor(9932.1719),0,/workspace/models/redq/redq_0_stage_9
2026-05-17T18:16:39,train,redq,9,redq_0_stage_9,1055,211449,382,1093.9585539400578,1,SUCCESS,1,0,0,27.435605701999975,3.922531843185425,211449,tensor(355.3668),tensor(8319.0186),0,/workspace/models/redq/redq_0_stage_9
2026-05-17T18:17:03,train,redq,9,redq_0_stage_9,1056,211767,318,-4426.086875677109,2,COLL_WALL,0,0,0,23.194158759999937,2.76047945022583,211767,tensor(360.4745),tensor(9833.3809),0,/workspace/models/redq/redq_0_stage_9
2026-05-17T18:17:24,train,redq,9,redq_0_stage_9,1057,212046,279,986.1370648741722,1,SUCCESS,1,0,0,20.30014223100011,3.7484843730926514,212046,tensor(363.5565),tensor(9531.7529),0,/workspace/models/redq/redq_0_stage_9
2026-05-17T18:17:50,train,redq,9,redq_0_stage_9,1058,212388,342,1500.5549580454826,1,SUCCESS,1,0,0,24.530109262999986,4.302032470703125,212388,tensor(356.4337),tensor(9247.7832),0,/workspace/models/redq/redq_0_stage_9
2026-05-17T18:18:05,train,redq,9,redq_0_stage_9,1059,212594,206,-3015.835702121258,2,COLL_WALL,0,0,0,14.942594849999978,2.1054539680480957,212594,tensor(358.6560),tensor(10154.0186),0,/workspace/models/redq/redq_0_stage_9
2026-05-17T18:18:16,train,redq,9,redq_0_stage_9,1060,212718,124,-2656.310031712055,2,COLL_WALL,0,0,0,9.040172534000021,2.636002779006958,212718,tensor(346.5982),tensor(9424.8203),0,/workspace/models/redq/redq_0_stage_9
2026-05-17T18:18:23,train,redq,9,redq_0_stage_9,1061,212800,82,-2818.845410346985,2,COLL_WALL,0,0,0,5.978872890000048,1.4076298475265503,212800,tensor(355.4778),tensor(9147.1475),0,/workspace/models/redq/redq_0_stage_9
2026-05-17T18:18:53,train,redq,9,redq_0_stage_9,1062,213208,408,861.7649948000908,1,SUCCESS,1,0,0,29.612821283999892,4.343124866485596,213208,tensor(350.9133),tensor(9512.5654),0,/workspace/models/redq/redq_0_stage_9
2026-05-17T18:19:23,train,redq,9,redq_0_stage_9,1063,213593,385,-3538.6761996746063,2,COLL_WALL,0,0,0,27.810998921999953,3.980644941329956,213593,tensor(359.8879),tensor(9347.0752),0,/workspace/models/redq/redq_0_stage_9
2026-05-17T18:19:32,train,redq,9,redq_0_stage_9,1064,213712,119,-2984.96867197752,2,COLL_WALL,0,0,0,8.598541952999994,2.8752706050872803,213712,tensor(356.1806),tensor(9118.5312),0,/workspace/models/redq/redq_0_stage_9
2026-05-17T18:19:47,train,redq,9,redq_0_stage_9,1065,213903,191,-3242.8116651773453,2,COLL_WALL,0,0,0,13.83157286300002,2.599493980407715,213903,tensor(355.7891),tensor(8660.4668),0,/workspace/models/redq/redq_0_stage_9
2026-05-17T18:20:04,train,redq,9,redq_0_stage_9,1066,214131,228,1208.9788880348206,1,SUCCESS,1,0,0,16.417881376999958,3.991278886795044,214131,tensor(352.9439),tensor(9753.3809),0,/workspace/models/redq/redq_0_stage_9
2026-05-17T18:20:11,train,redq,9,redq_0_stage_9,1067,214228,97,2176.6177909374237,1,SUCCESS,1,0,0,7.064631826999857,1.1245570182800293,214228,tensor(338.7387),tensor(9856.1514),0,/workspace/models/redq/redq_0_stage_9
2026-05-17T18:20:25,train,redq,9,redq_0_stage_9,1068,214390,162,-3060.90864276886,2,COLL_WALL,0,0,0,11.925773484000047,1.3261207342147827,214390,tensor(349.1596),tensor(9471.0273),0,/workspace/models/redq/redq_0_stage_9
2026-05-17T18:20:35,train,redq,9,redq_0_stage_9,1069,214524,134,1970.4883980751038,1,SUCCESS,1,0,0,9.649225778000073,3.2906177043914795,214524,tensor(356.4751),tensor(9499.2529),0,/workspace/models/redq/redq_0_stage_9
2026-05-17T18:20:40,train,redq,9,redq_0_stage_9,1070,214588,64,-2491.1976923942566,2,COLL_WALL,0,0,0,4.843859909999992,0.6380345225334167,214588,tensor(354.8731),tensor(9535.7119),0,/workspace/models/redq/redq_0_stage_9
2026-05-17T18:21:01,train,redq,9,redq_0_stage_9,1071,214853,265,1521.2140730023384,1,SUCCESS,1,0,0,19.326826167000036,4.269683361053467,214853,tensor(342.4548),tensor(10524.7441),0,/workspace/models/redq/redq_0_stage_9
2026-05-17T18:21:34,train,redq,9,redq_0_stage_9,1072,215293,440,514.8763540685177,1,SUCCESS,1,0,0,31.815212466000048,4.357974052429199,215293,tensor(346.9707),tensor(9097.2666),0,/workspace/models/redq/redq_0_stage_9
2026-05-17T18:22:18,train,redq,9,redq_0_stage_9,1073,215864,571,-2849.397435605526,4,TIMEOUT,0,0,1,41.27027985099994,5.517845630645752,215864,tensor(345.9505),tensor(9487.5527),0,/workspace/models/redq/redq_0_stage_9
2026-05-17T18:22:21,train,redq,9,redq_0_stage_9,1074,215897,33,-2835.5410480499268,2,COLL_WALL,0,0,0,2.4146742370000993,1.5996153354644775,215897,tensor(342.7399),tensor(8620.0088),0,/workspace/models/redq/redq_0_stage_9
2026-05-17T18:22:23,train,redq,9,redq_0_stage_9,1075,215927,30,-2546.729742884636,2,COLL_WALL,0,0,0,2.3796489660001043,0.24006260931491852,215927,tensor(336.6071),tensor(11631.4268),0,/workspace/models/redq/redq_0_stage_9
2026-05-17T18:22:26,train,redq,9,redq_0_stage_9,1076,215957,30,-2331.9928703308105,2,COLL_WALL,0,0,0,2.1484268290000728,0.0035095741041004658,215957,tensor(322.7789),tensor(10982.5576),0,/workspace/models/redq/redq_0_stage_9
2026-05-17T18:22:37,train,redq,9,redq_0_stage_9,1077,216112,155,-3125.048571586609,2,COLL_WALL,0,0,0,10.336092768000071,1.2365944385528564,216112,tensor(344.7522),tensor(9882.9189),0,/workspace/models/redq/redq_0_stage_9
2026-05-17T18:22:44,train,redq,9,redq_0_stage_9,1078,216207,95,2111.670892417431,1,SUCCESS,1,0,0,6.4492517300000145,1.3940742015838623,216207,tensor(333.2429),tensor(10278.2627),0,/workspace/models/redq/redq_0_stage_9
2026-05-17T18:23:02,train,redq,9,redq_0_stage_9,1079,216457,250,-4499.774684607983,2,COLL_WALL,0,0,0,17.028429411999923,2.1955726146698,216457,tensor(343.0891),tensor(9081.0547),0,/workspace/models/redq/redq_0_stage_9
2026-05-17T18:23:16,train,redq,9,redq_0_stage_9,1080,216641,184,1173.0721472799778,1,SUCCESS,1,0,0,13.28753960500012,3.8540151119232178,216641,tensor(333.3747),tensor(9715.8271),0,/workspace/models/redq/redq_0_stage_9
2026-05-17T18:23:28,train,redq,9,redq_0_stage_9,1081,216790,149,1836.4968706667423,1,SUCCESS,1,0,0,10.874426639000148,1.9883947372436523,216790,tensor(335.8892),tensor(9651.7578),0,/workspace/models/redq/redq_0_stage_9
2026-05-17T18:23:44,train,redq,9,redq_0_stage_9,1082,216998,208,-3962.8150490522385,2,COLL_WALL,0,0,0,15.29866425199998,1.8976162672042847,216998,tensor(339.6087),tensor(8667.2002),0,/workspace/models/redq/redq_0_stage_9
2026-05-17T18:24:12,train,redq,9,redq_0_stage_9,1083,217354,356,762.6116774082184,1,SUCCESS,1,0,0,26.037316905000125,5.3021087646484375,217354,tensor(348.3899),tensor(9514.6191),0,/workspace/models/redq/redq_0_stage_9
2026-05-17T18:24:42,train,redq,9,redq_0_stage_9,1084,217750,396,1214.7079243659973,1,SUCCESS,1,0,0,28.98767980399998,4.144495010375977,217750,tensor(347.6554),tensor(9314.7012),0,/workspace/models/redq/redq_0_stage_9
2026-05-17T18:25:05,train,redq,9,redq_0_stage_9,1085,218042,292,-3738.454178571701,2,COLL_WALL,0,0,0,21.18264210999996,2.772590160369873,218042,tensor(341.6069),tensor(10283.5000),0,/workspace/models/redq/redq_0_stage_9
2026-05-17T18:25:22,train,redq,9,redq_0_stage_9,1086,218269,227,1735.8066736757755,1,SUCCESS,1,0,0,16.641719258999956,4.473815441131592,218269,tensor(337.4042),tensor(10073.2432),0,/workspace/models/redq/redq_0_stage_9
2026-05-17T18:25:37,train,redq,9,redq_0_stage_9,1087,218465,196,-3267.16378057003,2,COLL_WALL,0,0,0,14.350495062999926,1.9064663648605347,218465,tensor(345.6149),tensor(10840.7207),0,/workspace/models/redq/redq_0_stage_9
2026-05-17T18:25:49,train,redq,9,redq_0_stage_9,1088,218619,154,1866.3598420619965,1,SUCCESS,1,0,0,11.154694930999995,3.0691184997558594,218619,tensor(348.0038),tensor(10250.0039),0,/workspace/models/redq/redq_0_stage_9
2026-05-17T18:26:28,train,redq,9,redq_0_stage_9,1089,219122,503,169.01175808906555,1,SUCCESS,1,0,0,36.641047508000156,6.158609390258789,219122,tensor(345.6520),tensor(9800.7236),0,/workspace/models/redq/redq_0_stage_9
2026-05-17T18:26:53,train,redq,9,redq_0_stage_9,1090,219447,325,-3595.452323794365,2,COLL_WALL,0,0,0,23.90686645300002,3.549137592315674,219447,tensor(341.6512),tensor(8855.1025),0,/workspace/models/redq/redq_0_stage_9
2026-05-17T18:27:08,train,redq,9,redq_0_stage_9,1091,219636,189,-4022.646987080574,2,COLL_WALL,0,0,0,13.896807072000001,2.6441588401794434,219636,tensor(329.8726),tensor(8671.2949),0,/workspace/models/redq/redq_0_stage_9
2026-05-17T18:27:17,train,redq,9,redq_0_stage_9,1092,219756,120,1872.8113067746162,1,SUCCESS,1,0,0,8.67399507999994,1.3858431577682495,219756,tensor(341.2646),tensor(10015.7471),0,/workspace/models/redq/redq_0_stage_9
2026-05-17T18:27:27,train,redq,9,redq_0_stage_9,1093,219871,115,-2511.9966171979904,2,COLL_WALL,0,0,0,8.510274578000008,1.477356195449829,219871,tensor(331.7480),tensor(8767.3154),0,/workspace/models/redq/redq_0_stage_9
2026-05-17T18:27:46,train,redq,9,redq_0_stage_9,1094,220121,250,891.3124983012676,1,SUCCESS,1,0,0,18.383702628000037,4.123353004455566,220121,tensor(336.4862),tensor(9514.1104),0,/workspace/models/redq/redq_0_stage_9
2026-05-17T18:28:14,train,redq,9,redq_0_stage_9,1095,220490,369,-3799.6506504416466,2,COLL_WALL,0,0,0,26.86936883700014,4.212841510772705,220490,tensor(336.6689),tensor(10059.1611),0,/workspace/models/redq/redq_0_stage_9
2026-05-17T18:28:17,train,redq,9,redq_0_stage_9,1096,220520,30,-2234.7192393541336,2,COLL_WALL,0,0,0,2.2269219889999476,1.7053948640823364,220520,tensor(341.3693),tensor(10078.8652),0,/workspace/models/redq/redq_0_stage_9
2026-05-17T18:28:57,train,redq,9,redq_0_stage_9,1097,221042,522,-91.15432578325272,1,SUCCESS,1,0,0,38.40947956500008,5.302210330963135,221042,tensor(334.6041),tensor(10197.4668),0,/workspace/models/redq/redq_0_stage_9
2026-05-17T18:29:09,train,redq,9,redq_0_stage_9,1098,221188,146,2076.10259193182,1,SUCCESS,1,0,0,10.875537284000075,1.7604055404663086,221188,tensor(345.9095),tensor(9919.8428),0,/workspace/models/redq/redq_0_stage_9
2026-05-17T18:29:23,train,redq,9,redq_0_stage_9,1099,221378,190,1497.8193704485893,1,SUCCESS,1,0,0,13.824245562999977,2.0526814460754395,221378,tensor(339.8662),tensor(8736.5967),0,/workspace/models/redq/redq_0_stage_9
2026-05-17T18:29:34,train,redq,9,redq_0_stage_9,1100,221457,79,-3099.251037120819,2,COLL_WALL,0,0,0,5.853154057999973,1.073453664779663,221457,tensor(308.2078),tensor(10216.8281),1,/workspace/models/redq/redq_0_stage_9
2026-05-17T18:29:39,train,redq,9,redq_0_stage_9,1101,221517,60,-2470.316452741623,2,COLL_WALL,0,0,0,4.626840694000066,1.4965773820877075,221517,tensor(335.1463),tensor(10252.4336),0,/workspace/models/redq/redq_0_stage_9
2026-05-17T18:30:09,train,redq,9,redq_0_stage_9,1102,221907,390,-105.24176734685898,1,SUCCESS,1,0,0,28.372530347999827,4.621367931365967,221907,tensor(335.8180),tensor(9751.9805),0,/workspace/models/redq/redq_0_stage_9
2026-05-17T18:30:31,train,redq,9,redq_0_stage_9,1103,222188,281,1466.8286394774914,1,SUCCESS,1,0,0,20.523070111999914,2.7336349487304688,222188,tensor(334.3373),tensor(10548.7236),0,/workspace/models/redq/redq_0_stage_9
2026-05-17T18:30:40,train,redq,9,redq_0_stage_9,1104,222313,125,-3150.9072716236115,2,COLL_WALL,0,0,0,9.260059598999987,1.2589764595031738,222313,tensor(331.6123),tensor(10658.1240),0,/workspace/models/redq/redq_0_stage_9
2026-05-17T18:31:01,train,redq,9,redq_0_stage_9,1105,222578,265,1674.4177152514458,1,SUCCESS,1,0,0,19.504386362999867,5.2388129234313965,222578,tensor(332.5601),tensor(9022.0879),0,/workspace/models/redq/redq_0_stage_9
2026-05-17T18:31:12,train,redq,9,redq_0_stage_9,1106,222737,159,-3126.7460429668427,2,COLL_WALL,0,0,0,10.214795398999968,0.9175384044647217,222737,tensor(325.6214),tensor(10210.5781),0,/workspace/models/redq/redq_0_stage_9
2026-05-17T18:31:23,train,redq,9,redq_0_stage_9,1107,222934,197,1482.3389590978622,1,SUCCESS,1,0,0,10.43707683499997,4.666455268859863,222934,tensor(311.6604),tensor(9089.2314),0,/workspace/models/redq/redq_0_stage_9
2026-05-17T18:31:38,train,redq,9,redq_0_stage_9,1108,223190,256,-3127.2127517461777,2,COLL_WALL,0,0,0,13.503553088000444,1.9946614503860474,223190,tensor(320.6092),tensor(10632.2256),0,/workspace/models/redq/redq_0_stage_9
2026-05-17T18:31:45,train,redq,9,redq_0_stage_9,1109,223317,127,1972.4030802845955,1,SUCCESS,1,0,0,6.690851899000336,3.4544498920440674,223317,tensor(324.0366),tensor(10492.6387),0,/workspace/models/redq/redq_0_stage_9
2026-05-17T18:31:54,train,redq,9,redq_0_stage_9,1110,223474,157,1985.1672337651253,1,SUCCESS,1,0,0,8.326809134000086,1.481204867362976,223474,tensor(317.6793),tensor(8819.8193),0,/workspace/models/redq/redq_0_stage_9
2026-05-17T18:32:03,train,redq,9,redq_0_stage_9,1111,223624,150,2155.8281473219395,1,SUCCESS,1,0,0,7.892030834000252,1.6192779541015625,223624,tensor(327.7013),tensor(9391.9756),0,/workspace/models/redq/redq_0_stage_9
2026-05-17T18:32:35,train,redq,9,redq_0_stage_9,1112,224186,562,-4541.841907143593,2,COLL_WALL,0,0,0,29.92510184999992,4.9920172691345215,224186,tensor(325.4050),tensor(9510.5957),0,/workspace/models/redq/redq_0_stage_9
2026-05-17T18:32:53,train,redq,9,redq_0_stage_9,1113,224520,334,1584.4756057858467,1,SUCCESS,1,0,0,17.571036935999928,4.851803302764893,224520,tensor(324.6419),tensor(10267.8604),0,/workspace/models/redq/redq_0_stage_9
2026-05-17T18:32:58,train,redq,9,redq_0_stage_9,1114,224615,95,-2678.3157317638397,2,COLL_WALL,0,0,0,4.982327461000295,0.5088677406311035,224615,tensor(325.9440),tensor(9294.6133),0,/workspace/models/redq/redq_0_stage_9
2026-05-17T18:33:12,train,redq,9,redq_0_stage_9,1115,224844,229,-3653.201670885086,2,COLL_WALL,0,0,0,12.147611339999912,4.974107265472412,224844,tensor(317.3126),tensor(10416.2715),0,/workspace/models/redq/redq_0_stage_9
2026-05-17T18:33:21,train,redq,9,redq_0_stage_9,1116,225005,161,-2904.8580911159515,2,COLL_WALL,0,0,0,8.490127524999934,2.4230830669403076,225005,tensor(326.9999),tensor(9627.3916),0,/workspace/models/redq/redq_0_stage_9
2026-05-17T18:33:31,train,redq,9,redq_0_stage_9,1117,225194,189,1770.8169363737106,1,SUCCESS,1,0,0,9.945349915000406,2.5769994258880615,225194,tensor(317.8014),tensor(9358.7959),0,/workspace/models/redq/redq_0_stage_9
2026-05-17T18:33:40,train,redq,9,redq_0_stage_9,1118,225336,142,-3646.6368869543076,2,COLL_WALL,0,0,0,7.468230263999885,0.978191077709198,225336,tensor(315.9016),tensor(9565.8955),0,/workspace/models/redq/redq_0_stage_9
2026-05-17T18:34:02,train,redq,9,redq_0_stage_9,1119,225741,405,434.82767391204834,1,SUCCESS,1,0,0,21.808829494000292,3.3176896572113037,225741,tensor(321.6537),tensor(10752.3779),0,/workspace/models/redq/redq_0_stage_9
2026-05-17T18:34:22,train,redq,9,redq_0_stage_9,1120,226080,339,1307.4329543709755,1,SUCCESS,1,0,0,17.965525124999658,3.1063179969787598,226080,tensor(324.1407),tensor(9792.4023),0,/workspace/models/redq/redq_0_stage_9
2026-05-17T18:34:30,train,redq,9,redq_0_stage_9,1121,226223,143,2160.181194216013,1,SUCCESS,1,0,0,7.533834649000255,1.4610129594802856,226223,tensor(327.0212),tensor(9423.7188),0,/workspace/models/redq/redq_0_stage_9
2026-05-17T18:34:50,train,redq,9,redq_0_stage_9,1122,226573,350,-7365.9118086099625,2,COLL_WALL,0,0,0,18.479202747999807,1.7097090482711792,226573,tensor(321.6325),tensor(8953.6904),0,/workspace/models/redq/redq_0_stage_9
2026-05-17T18:34:52,train,redq,9,redq_0_stage_9,1123,226603,30,-2801.657600402832,2,COLL_WALL,0,0,0,1.5814848169998186,2.7850022315979004,226603,tensor(317.1639),tensor(9803.7520),0,/workspace/models/redq/redq_0_stage_9
2026-05-17T18:34:54,train,redq,9,redq_0_stage_9,1124,226636,33,-2892.871778488159,2,COLL_WALL,0,0,0,1.7313789350000661,0.18095381557941437,226636,tensor(303.7591),tensor(12686.7148),0,/workspace/models/redq/redq_0_stage_9
2026-05-17T18:34:56,train,redq,9,redq_0_stage_9,1125,226666,30,-2519.710059404373,2,COLL_WALL,0,0,0,1.5966514910001024,0.1760685294866562,226666,tensor(331.1981),tensor(8154.4917),0,/workspace/models/redq/redq_0_stage_9
2026-05-17T18:35:20,train,redq,9,redq_0_stage_9,1126,227064,398,528.3469422757626,1,SUCCESS,1,0,0,22.845629205000023,3.736030101776123,227064,tensor(324.9628),tensor(9784.9658),0,/workspace/models/redq/redq_0_stage_9
2026-05-17T18:35:33,train,redq,9,redq_0_stage_9,1127,227279,215,-4140.4516171216965,2,COLL_WALL,0,0,0,12.25849448100007,1.8883936405181885,227279,tensor(325.4243),tensor(9086.5527),0,/workspace/models/redq/redq_0_stage_9
2026-05-17T18:35:47,train,redq,9,redq_0_stage_9,1128,227506,227,-3394.0952719449997,2,COLL_WALL,0,0,0,11.998478696999882,3.301048994064331,227506,tensor(318.6114),tensor(8979.5352),0,/workspace/models/redq/redq_0_stage_9
2026-05-17T18:35:54,train,redq,9,redq_0_stage_9,1129,227629,123,-2714.654178261757,2,COLL_WALL,0,0,0,6.4877019340001425,2.069317579269409,227629,tensor(326.4448),tensor(9181.4033),0,/workspace/models/redq/redq_0_stage_9
2026-05-17T18:36:01,train,redq,9,redq_0_stage_9,1130,227747,118,2064.1828405857086,1,SUCCESS,1,0,0,6.228769103000104,1.5923572778701782,227747,tensor(331.3264),tensor(10836.9082),0,/workspace/models/redq/redq_0_stage_9
2026-05-17T18:36:12,train,redq,9,redq_0_stage_9,1131,227934,187,-3437.821714401245,2,COLL_WALL,0,0,0,9.88532616700013,1.1038762331008911,227934,tensor(310.4709),tensor(9300.3848),0,/workspace/models/redq/redq_0_stage_9
2026-05-17T18:36:35,train,redq,9,redq_0_stage_9,1132,228356,422,540.4076111614704,1,SUCCESS,1,0,0,22.32508957500022,4.817261695861816,228356,tensor(313.8113),tensor(9659.4521),0,/workspace/models/redq/redq_0_stage_9
2026-05-17T18:36:44,train,redq,9,redq_0_stage_9,1133,228498,142,-2735.8466614484787,2,COLL_WALL,0,0,0,7.571327496000322,1.1176202297210693,228498,tensor(318.6320),tensor(10622.8623),0,/workspace/models/redq/redq_0_stage_9
2026-05-17T18:37:07,train,redq,9,redq_0_stage_9,1134,228935,437,997.5872916281223,1,SUCCESS,1,0,0,23.173732382999788,5.934781551361084,228935,tensor(315.3140),tensor(9806.4004),0,/workspace/models/redq/redq_0_stage_9
2026-05-17T18:37:18,train,redq,9,redq_0_stage_9,1135,229112,177,-3958.9774298667908,2,COLL_WALL,0,0,0,9.447330400999817,1.2169921398162842,229112,tensor(305.1122),tensor(8384.7100),0,/workspace/models/redq/redq_0_stage_9
2026-05-17T18:37:22,train,redq,9,redq_0_stage_9,1136,229176,64,-2885.370977640152,2,COLL_WALL,0,0,0,3.405880062000051,2.358057975769043,229176,tensor(306.0073),tensor(8537.1094),0,/workspace/models/redq/redq_0_stage_9
2026-05-17T18:37:29,train,redq,9,redq_0_stage_9,1137,229299,123,-2570.9921155571938,2,COLL_WALL,0,0,0,6.436332564000168,1.0773742198944092,229299,tensor(312.3713),tensor(10443.3457),0,/workspace/models/redq/redq_0_stage_9
2026-05-17T18:37:34,train,redq,9,redq_0_stage_9,1138,229389,90,2201.7127040326595,1,SUCCESS,1,0,0,4.78243135799994,1.0485279560089111,229389,tensor(312.5691),tensor(9986.9541),0,/workspace/models/redq/redq_0_stage_9
2026-05-17T18:37:55,train,redq,9,redq_0_stage_9,1139,229744,355,1368.1366917788982,1,SUCCESS,1,0,0,18.950829843000065,3.3748257160186768,229744,tensor(315.9640),tensor(9721.1426),0,/workspace/models/redq/redq_0_stage_9
2026-05-17T18:38:05,train,redq,9,redq_0_stage_9,1140,229912,168,1707.299279421568,1,SUCCESS,1,0,0,9.070091175000016,1.6315810680389404,229912,tensor(304.7477),tensor(9281.6250),0,/workspace/models/redq/redq_0_stage_9
2026-05-17T18:38:20,train,redq,9,redq_0_stage_9,1141,230178,266,1584.7022958397865,1,SUCCESS,1,0,0,14.212596507999933,2.495920419692993,230178,tensor(316.4369),tensor(11029.1953),0,/workspace/models/redq/redq_0_stage_9
2026-05-17T18:38:49,train,redq,9,redq_0_stage_9,1142,230691,513,-4270.817350924015,2,COLL_WALL,0,0,0,27.22616191899988,3.3344316482543945,230691,tensor(310.2586),tensor(10479.2822),0,/workspace/models/redq/redq_0_stage_9
2026-05-17T18:39:06,train,redq,9,redq_0_stage_9,1143,231012,321,-4077.7569687366486,2,COLL_WALL,0,0,0,16.940229759999966,4.1790547370910645,231012,tensor(306.8246),tensor(10208.0439),0,/workspace/models/redq/redq_0_stage_9
2026-05-17T18:39:17,train,redq,9,redq_0_stage_9,1144,231188,176,1908.933051764965,1,SUCCESS,1,0,0,9.402511679000327,2.634305953979492,231188,tensor(320.4146),tensor(8686.4600),0,/workspace/models/redq/redq_0_stage_9
2026-05-17T18:39:30,train,redq,9,redq_0_stage_9,1145,231418,230,1834.8631456494331,1,SUCCESS,1,0,0,12.111510950999673,2.313690185546875,231418,tensor(316.8144),tensor(9062.4072),0,/workspace/models/redq/redq_0_stage_9
2026-05-17T18:39:51,train,redq,9,redq_0_stage_9,1146,231788,370,-3565.5848211050034,2,COLL_WALL,0,0,0,19.596201803999975,3.162607192993164,231788,tensor(312.0495),tensor(9463.3564),0,/workspace/models/redq/redq_0_stage_9
2026-05-17T18:39:54,train,redq,9,redq_0_stage_9,1147,231843,55,-2521.4106979370117,2,COLL_WALL,0,0,0,2.9365669160001744,1.7201379537582397,231843,tensor(313.9624),tensor(9674.4785),0,/workspace/models/redq/redq_0_stage_9
2026-05-17T18:39:57,train,redq,9,redq_0_stage_9,1148,231876,33,-2599.1229392290115,2,COLL_WALL,0,0,0,1.7440610380003818,0.2629006803035736,231876,tensor(307.7785),tensor(12347.2783),0,/workspace/models/redq/redq_0_stage_9
2026-05-17T18:39:59,train,redq,9,redq_0_stage_9,1149,231906,30,-2216.7875158786774,2,COLL_WALL,0,0,0,1.5958302770000046,0.1761750429868698,231906,tensor(323.7458),tensor(11047.1299),0,/workspace/models/redq/redq_0_stage_9
2026-05-17T18:40:01,train,redq,9,redq_0_stage_9,1150,231936,30,-2553.882136821747,2,COLL_WALL,0,0,0,1.6156972819999282,0.0033878276590257883,231936,tensor(342.7475),tensor(8539.2051),0,/workspace/models/redq/redq_0_stage_9
2026-05-17T18:40:19,train,redq,9,redq_0_stage_9,1151,232241,305,1278.5310959219933,1,SUCCESS,1,0,0,16.21000289199992,2.685025691986084,232241,tensor(311.1029),tensor(9643.0176),0,/workspace/models/redq/redq_0_stage_9
2026-05-17T18:40:29,train,redq,9,redq_0_stage_9,1152,232435,194,1039.0330813527107,1,SUCCESS,1,0,0,10.290837556000042,2.0939183235168457,232435,tensor(306.0548),tensor(9843.4375),0,/workspace/models/redq/redq_0_stage_9
2026-05-17T18:40:48,train,redq,9,redq_0_stage_9,1153,232763,328,-3708.329425215721,2,COLL_WALL,0,0,0,17.34431637200032,1.9009521007537842,232763,tensor(309.4683),tensor(9659.9121),0,/workspace/models/redq/redq_0_stage_9
2026-05-17T18:41:14,train,redq,9,redq_0_stage_9,1154,233240,477,-279.78133776783943,1,SUCCESS,1,0,0,25.264829435000138,4.986555099487305,233240,tensor(303.5008),tensor(10430.3418),0,/workspace/models/redq/redq_0_stage_9
2026-05-17T18:41:57,train,redq,9,redq_0_stage_9,1155,234004,764,-2759.6966985464096,4,TIMEOUT,0,0,1,40.53659814299999,5.484705448150635,234004,tensor(306.2336),tensor(9556.3623),0,/workspace/models/redq/redq_0_stage_9
2026-05-17T18:42:17,train,redq,9,redq_0_stage_9,1156,234378,374,1151.221178472042,1,SUCCESS,1,0,0,19.858714773999964,4.354219913482666,234378,tensor(310.0470),tensor(10903.3750),0,/workspace/models/redq/redq_0_stage_9
2026-05-17T18:42:41,train,redq,9,redq_0_stage_9,1157,234794,416,1337.0046898126602,1,SUCCESS,1,0,0,22.098328595999646,3.975893020629883,234794,tensor(306.7552),tensor(10289.7139),0,/workspace/models/redq/redq_0_stage_9
2026-05-17T18:42:54,train,redq,9,redq_0_stage_9,1158,235022,228,-3242.6283643245697,2,COLL_WALL,0,0,0,12.169323198000257,1.3604031801223755,235022,tensor(309.4670),tensor(9865.3184),0,/workspace/models/redq/redq_0_stage_9
2026-05-17T18:43:08,train,redq,9,redq_0_stage_9,1159,235273,251,-3390.545845389366,2,COLL_WALL,0,0,0,13.239558017000036,3.2673888206481934,235273,tensor(305.9203),tensor(8602.9268),0,/workspace/models/redq/redq_0_stage_9
2026-05-17T18:43:25,train,redq,9,redq_0_stage_9,1160,235573,300,701.8929367661476,1,SUCCESS,1,0,0,15.977869844999987,3.523014783859253,235573,tensor(304.8056),tensor(9863.3477),0,/workspace/models/redq/redq_0_stage_9
2026-05-17T18:43:35,train,redq,9,redq_0_stage_9,1161,235750,177,1429.7645309567451,1,SUCCESS,1,0,0,9.384320121999735,1.793755054473877,235750,tensor(300.8704),tensor(10161.7246),0,/workspace/models/redq/redq_0_stage_9
2026-05-17T18:43:44,train,redq,9,redq_0_stage_9,1162,235891,141,-3087.651859998703,2,COLL_WALL,0,0,0,7.509461982000175,1.065558671951294,235891,tensor(315.1269),tensor(11550.9346),0,/workspace/models/redq/redq_0_stage_9
2026-05-17T18:43:50,train,redq,9,redq_0_stage_9,1163,235984,93,1960.4808655381203,1,SUCCESS,1,0,0,4.8421428319998085,2.740436553955078,235984,tensor(299.1862),tensor(9845.5273),0,/workspace/models/redq/redq_0_stage_9
2026-05-17T18:44:03,train,redq,9,redq_0_stage_9,1164,236211,227,1376.126281261444,1,SUCCESS,1,0,0,12.041276264999851,2.308842658996582,236211,tensor(304.4848),tensor(8427.1475),0,/workspace/models/redq/redq_0_stage_9
2026-05-17T18:44:15,train,redq,9,redq_0_stage_9,1165,236441,230,1758.6485695242882,1,SUCCESS,1,0,0,12.112652746999629,2.2618441581726074,236441,tensor(312.7945),tensor(9880.7852),0,/workspace/models/redq/redq_0_stage_9
2026-05-17T18:44:26,train,redq,9,redq_0_stage_9,1166,236615,174,1980.5695828199387,1,SUCCESS,1,0,0,9.322275082000033,1.4853163957595825,236615,tensor(308.8437),tensor(9222.9863),0,/workspace/models/redq/redq_0_stage_9
2026-05-17T18:44:35,train,redq,9,redq_0_stage_9,1167,236777,162,1635.9682473242283,1,SUCCESS,1,0,0,8.672340105999865,1.7285075187683105,236777,tensor(301.4709),tensor(8829.2100),0,/workspace/models/redq/redq_0_stage_9
2026-05-17T18:45:08,train,redq,9,redq_0_stage_9,1168,237366,589,336.31716814637184,1,SUCCESS,1,0,0,31.31143334799981,3.9456958770751953,237366,tensor(296.8711),tensor(10091.6025),0,/workspace/models/redq/redq_0_stage_9
2026-05-17T18:45:28,train,redq,9,redq_0_stage_9,1169,237715,349,21.19076633453369,1,SUCCESS,1,0,0,18.721355873999983,3.1286654472351074,237715,tensor(291.4973),tensor(9599.4043),0,/workspace/models/redq/redq_0_stage_9
2026-05-17T18:45:41,train,redq,9,redq_0_stage_9,1170,237936,221,1838.2382778823376,1,SUCCESS,1,0,0,11.747723624000173,2.1098172664642334,237936,tensor(292.0554),tensor(10044.7021),0,/workspace/models/redq/redq_0_stage_9
2026-05-17T18:45:44,train,redq,9,redq_0_stage_9,1171,237990,54,-2558.9634306430817,2,COLL_WALL,0,0,0,2.8820811670002513,0.518591046333313,237990,tensor(295.9297),tensor(10754.8750),0,/workspace/models/redq/redq_0_stage_9
2026-05-17T18:45:46,train,redq,9,redq_0_stage_9,1172,238027,37,-2568.8942720890045,2,COLL_WALL,0,0,0,1.9400806720000219,3.040571928024292,238027,tensor(268.2460),tensor(6215.3364),0,/workspace/models/redq/redq_0_stage_9
2026-05-17T18:45:49,train,redq,9,redq_0_stage_9,1173,238060,33,-2138.6530570983887,2,COLL_WALL,0,0,0,1.7369248390000394,0.45773836970329285,238060,tensor(275.2212),tensor(9181.2793),0,/workspace/models/redq/redq_0_stage_9
2026-05-17T18:46:06,train,redq,9,redq_0_stage_9,1174,238366,306,817.8399349749088,1,SUCCESS,1,0,0,16.237636267000198,2.7653653621673584,238366,tensor(292.0059),tensor(9916.8994),0,/workspace/models/redq/redq_0_stage_9
2026-05-17T18:46:30,train,redq,9,redq_0_stage_9,1175,238787,421,366.29265800118446,1,SUCCESS,1,0,0,22.390410355999848,3.477128267288208,238787,tensor(283.1419),tensor(9863.5752),0,/workspace/models/redq/redq_0_stage_9
2026-05-17T18:47:04,train,redq,9,redq_0_stage_9,1176,239399,612,-115.39027328789234,1,SUCCESS,1,0,0,32.45391279799969,4.9177374839782715,239399,tensor(283.0216),tensor(9505.3857),0,/workspace/models/redq/redq_0_stage_9
2026-05-17T18:47:22,train,redq,9,redq_0_stage_9,1177,239727,328,-127.77273997664452,1,SUCCESS,1,0,0,17.418866463000086,2.8882806301116943,239727,tensor(275.6836),tensor(8820.3174),0,/workspace/models/redq/redq_0_stage_9
2026-05-17T18:47:30,train,redq,9,redq_0_stage_9,1178,239845,118,2164.0055614709854,1,SUCCESS,1,0,0,6.27196432799974,1.0195695161819458,239845,tensor(289.4626),tensor(9971.6748),0,/workspace/models/redq/redq_0_stage_9
2026-05-17T18:47:51,train,redq,9,redq_0_stage_9,1179,240243,398,-269.64503315091133,1,SUCCESS,1,0,0,21.119898184999784,3.4242074489593506,240243,tensor(282.4864),tensor(10050.1719),0,/workspace/models/redq/redq_0_stage_9
2026-05-17T18:48:17,train,redq,9,redq_0_stage_9,1180,240687,444,-5638.816193461418,2,COLL_WALL,0,0,0,23.65778063400012,2.3590288162231445,240687,tensor(275.6970),tensor(9777.5654),0,/workspace/models/redq/redq_0_stage_9
2026-05-17T18:48:28,train,redq,9,redq_0_stage_9,1181,240900,213,-3060.4280565977097,2,COLL_WALL,0,0,0,11.302099822999935,3.6918482780456543,240900,tensor(272.2625),tensor(10229.4990),0,/workspace/models/redq/redq_0_stage_9
2026-05-17T18:48:50,train,redq,9,redq_0_stage_9,1182,241277,377,-2.3686396777629852,1,SUCCESS,1,0,0,19.9735837610001,4.209634304046631,241277,tensor(270.5248),tensor(9734.7705),0,/workspace/models/redq/redq_0_stage_9
2026-05-17T18:49:20,train,redq,9,redq_0_stage_9,1183,241826,549,-5230.020367264748,2,COLL_WALL,0,0,0,29.16072231499993,4.742308616638184,241826,tensor(267.3053),tensor(9292.7402),0,/workspace/models/redq/redq_0_stage_9
2026-05-17T18:49:35,train,redq,9,redq_0_stage_9,1184,242063,237,1415.2431340813637,1,SUCCESS,1,0,0,12.648516461999861,3.841130256652832,242063,tensor(269.8891),tensor(10380.2383),0,/workspace/models/redq/redq_0_stage_9
2026-05-17T18:50:16,train,redq,9,redq_0_stage_9,1185,242817,754,-4248.928433537483,4,TIMEOUT,0,0,1,40.021778622000056,4.706902503967285,242817,tensor(269.1165),tensor(9608.8672),0,/workspace/models/redq/redq_0_stage_9
2026-05-17T18:50:26,train,redq,9,redq_0_stage_9,1186,242986,169,-3505.041757285595,2,COLL_WALL,0,0,0,8.953753176000191,2.984401226043701,242986,tensor(254.6548),tensor(9664.9551),0,/workspace/models/redq/redq_0_stage_9
2026-05-17T18:50:35,train,redq,9,redq_0_stage_9,1187,243135,149,-3833.6840134859085,2,COLL_WALL,0,0,0,7.941970615000173,1.670578122138977,243135,tensor(269.2534),tensor(9810.9785),0,/workspace/models/redq/redq_0_stage_9
2026-05-17T18:51:14,train,redq,9,redq_0_stage_9,1188,243843,708,-2183.590924978256,1,SUCCESS,1,0,0,37.672612111000035,6.241947174072266,243843,tensor(264.0200),tensor(9864.8740),0,/workspace/models/redq/redq_0_stage_9
2026-05-17T18:51:40,train,redq,9,redq_0_stage_9,1189,244300,457,1059.8523901104927,1,SUCCESS,1,0,0,24.39609384000005,4.020699977874756,244300,tensor(259.0043),tensor(9519.1699),0,/workspace/models/redq/redq_0_stage_9
2026-05-17T18:51:56,train,redq,9,redq_0_stage_9,1190,244589,289,325.13304102420807,1,SUCCESS,1,0,0,15.40745458099991,2.5702497959136963,244589,tensor(259.7481),tensor(9464.0947),0,/workspace/models/redq/redq_0_stage_9
2026-05-17T18:52:01,train,redq,9,redq_0_stage_9,1191,244671,82,-2687.0981773138046,2,COLL_WALL,0,0,0,4.440724200000204,0.25924593210220337,244671,tensor(261.2177),tensor(9442.5195),0,/workspace/models/redq/redq_0_stage_9
2026-05-17T18:52:10,train,redq,9,redq_0_stage_9,1192,244819,148,-3491.648624897003,2,COLL_WALL,0,0,0,7.858186422000017,3.535059690475464,244819,tensor(259.9974),tensor(10202.0156),0,/workspace/models/redq/redq_0_stage_9
2026-05-17T18:52:13,train,redq,9,redq_0_stage_9,1193,244867,48,-2346.1875851154327,2,COLL_WALL,0,0,0,2.605259853000007,1.032841682434082,244867,tensor(263.7580),tensor(7710.4390),0,/workspace/models/redq/redq_0_stage_9
2026-05-17T18:52:19,train,redq,9,redq_0_stage_9,1194,244969,102,-2461.963343799114,2,COLL_WALL,0,0,0,5.4254466060001505,1.00713312625885,244969,tensor(262.2024),tensor(8532.6064),0,/workspace/models/redq/redq_0_stage_9
2026-05-17T18:52:39,train,redq,9,redq_0_stage_9,1195,245312,343,-2636.870944440365,1,SUCCESS,1,0,0,18.282094382000196,2.9959423542022705,245312,tensor(254.3715),tensor(9092.9912),0,/workspace/models/redq/redq_0_stage_9
2026-05-17T18:52:52,train,redq,9,redq_0_stage_9,1196,245543,231,-4259.688494920731,2,COLL_WALL,0,0,0,12.320816066000134,1.685978889465332,245543,tensor(264.2287),tensor(8873.3584),0,/workspace/models/redq/redq_0_stage_9
2026-05-17T18:53:08,train,redq,9,redq_0_stage_9,1197,245829,286,945.8077895641327,1,SUCCESS,1,0,0,15.465568993000034,3.2718544006347656,245829,tensor(263.1714),tensor(9304.0645),0,/workspace/models/redq/redq_0_stage_9
2026-05-17T18:53:22,train,redq,9,redq_0_stage_9,1198,246068,239,1843.1121684610844,1,SUCCESS,1,0,0,12.840521413999795,2.544236421585083,246068,tensor(265.2041),tensor(10808.0059),0,/workspace/models/redq/redq_0_stage_9
2026-05-17T18:53:55,train,redq,9,redq_0_stage_9,1199,246640,572,-4016.753637224436,2,COLL_WALL,0,0,0,30.936334368999724,5.213322162628174,246640,tensor(256.1408),tensor(10405.1123),0,/workspace/models/redq/redq_0_stage_9
2026-05-17T18:54:11,train,redq,9,redq_0_stage_9,1200,246891,251,1142.294055044651,1,SUCCESS,1,0,0,13.372853072999987,3.7237510681152344,246891,tensor(258.4568),tensor(10246.7705),1,/workspace/models/redq/redq_0_stage_9
2026-05-17T18:54:29,train,redq,9,redq_0_stage_9,1201,247216,325,-4627.127721726894,2,COLL_WALL,0,0,0,17.49087250699995,2.243389368057251,247216,tensor(260.4384),tensor(8756.4170),0,/workspace/models/redq/redq_0_stage_9
2026-05-17T18:55:00,train,redq,9,redq_0_stage_9,1202,247764,548,438.51547560095787,1,SUCCESS,1,0,0,29.595147179999913,5.246668338775635,247764,tensor(263.0844),tensor(9889.9443),0,/workspace/models/redq/redq_0_stage_9
2026-05-17T18:55:16,train,redq,9,redq_0_stage_9,1203,248017,253,1145.7949387729168,1,SUCCESS,1,0,0,13.641854435999903,1.9609087705612183,248017,tensor(263.1454),tensor(8262.9658),0,/workspace/models/redq/redq_0_stage_9
2026-05-17T18:55:53,train,redq,9,redq_0_stage_9,1204,248680,663,288.3211008310318,1,SUCCESS,1,0,0,35.72159611899997,5.735233306884766,248680,tensor(262.9485),tensor(9828.5566),0,/workspace/models/redq/redq_0_stage_9
2026-05-17T18:56:29,train,redq,9,redq_0_stage_9,1205,249312,632,-4875.428610265255,2,COLL_WALL,0,0,0,34.33584993300019,4.994359493255615,249312,tensor(263.1587),tensor(9722.1406),0,/workspace/models/redq/redq_0_stage_9
2026-05-17T18:56:47,train,redq,9,redq_0_stage_9,1206,249624,312,-3718.6846929192543,2,COLL_WALL,0,0,0,16.811776466000083,4.1160383224487305,249624,tensor(259.7040),tensor(8812.0225),0,/workspace/models/redq/redq_0_stage_9
2026-05-17T18:56:57,train,redq,9,redq_0_stage_9,1207,249813,189,-3362.403822660446,2,COLL_WALL,0,0,0,10.13515112299956,1.9359731674194336,249813,tensor(252.4280),tensor(9938.5020),0,/workspace/models/redq/redq_0_stage_9
2026-05-17T18:57:26,train,redq,9,redq_0_stage_9,1208,250325,512,-683.3247536718845,1,SUCCESS,1,0,0,27.576990473999558,4.877557277679443,250325,tensor(261.7514),tensor(10293.1162),0,/workspace/models/redq/redq_0_stage_9
2026-05-17T18:58:08,train,redq,9,redq_0_stage_9,1209,251068,743,-51.44836291670799,1,SUCCESS,1,0,0,39.8991620300003,5.821739196777344,251068,tensor(255.7080),tensor(9110.6934),0,/workspace/models/redq/redq_0_stage_9
2026-05-17T18:58:14,train,redq,9,redq_0_stage_9,1210,251166,98,-2765.4656541347504,2,COLL_WALL,0,0,0,5.289930217999881,0.5324334502220154,251166,tensor(258.8766),tensor(11511.6465),0,/workspace/models/redq/redq_0_stage_9
2026-05-17T18:58:34,train,redq,9,redq_0_stage_9,1211,251520,354,435.9499542117119,1,SUCCESS,1,0,0,18.945905200000198,4.73157262802124,251520,tensor(259.0310),tensor(9726.1514),0,/workspace/models/redq/redq_0_stage_9
2026-05-17T18:58:47,train,redq,9,redq_0_stage_9,1212,251744,224,883.6523743569851,1,SUCCESS,1,0,0,11.956292773999849,2.059009313583374,251744,tensor(254.6218),tensor(9240.9688),0,/workspace/models/redq/redq_0_stage_9
2026-05-17T18:59:01,train,redq,9,redq_0_stage_9,1213,251980,236,1817.7081210017204,1,SUCCESS,1,0,0,12.623802462000185,2.112597942352295,251980,tensor(246.7215),tensor(9887.6162),0,/workspace/models/redq/redq_0_stage_9
2026-05-17T18:59:23,train,redq,9,redq_0_stage_9,1214,252362,382,-4550.049254417419,2,COLL_WALL,0,0,0,20.475825448999785,2.29219126701355,252362,tensor(252.4644),tensor(9836.2295),0,/workspace/models/redq/redq_0_stage_9
2026-05-17T18:59:26,train,redq,9,redq_0_stage_9,1215,252413,51,-2657.9145052433014,2,COLL_WALL,0,0,0,2.756579922999663,2.5238234996795654,252413,tensor(241.0057),tensor(9929.1387),0,/workspace/models/redq/redq_0_stage_9
2026-05-17T18:59:29,train,redq,9,redq_0_stage_9,1216,252460,47,-2324.576196670532,2,COLL_WALL,0,0,0,2.5448142649997862,0.4013620913028717,252460,tensor(238.3642),tensor(9743.4570),0,/workspace/models/redq/redq_0_stage_9
2026-05-17T18:59:36,train,redq,9,redq_0_stage_9,1217,252568,108,-2764.3424384593964,2,COLL_WALL,0,0,0,5.819870327999979,0.8244459629058838,252568,tensor(245.7625),tensor(10487.4551),0,/workspace/models/redq/redq_0_stage_9
2026-05-17T18:59:38,train,redq,9,redq_0_stage_9,1218,252598,30,-2815.364133834839,2,COLL_WALL,0,0,0,1.6218192280002768,0.03111392818391323,252598,tensor(241.4974),tensor(11685.7539),0,/workspace/models/redq/redq_0_stage_9
2026-05-17T18:59:40,train,redq,9,redq_0_stage_9,1219,252630,32,-2159.209847807884,2,COLL_WALL,0,0,0,1.71830891899981,0.26200491189956665,252630,tensor(236.3285),tensor(12070.5088),0,/workspace/models/redq/redq_0_stage_9
2026-05-17T18:59:42,train,redq,9,redq_0_stage_9,1220,252661,31,-2272.557774543762,2,COLL_WALL,0,0,0,1.7029712900002778,0.250151664018631,252661,tensor(250.8555),tensor(10980.4062),0,/workspace/models/redq/redq_0_stage_9
2026-05-17T18:59:53,train,redq,9,redq_0_stage_9,1221,252824,163,1457.483393251896,1,SUCCESS,1,0,0,8.828272112999912,1.3254512548446655,252824,tensor(255.3145),tensor(10367.1992),0,/workspace/models/redq/redq_0_stage_9
2026-05-17T19:00:08,train,redq,9,redq_0_stage_9,1222,253103,279,893.9907463490963,1,SUCCESS,1,0,0,15.022051847000057,2.279106855392456,253103,tensor(253.9798),tensor(9810.9268),0,/workspace/models/redq/redq_0_stage_9
2026-05-17T19:00:38,train,redq,9,redq_0_stage_9,1223,253631,528,-4232.679800331593,2,COLL_WALL,0,0,0,28.482783014999768,4.2066497802734375,253631,tensor(253.5906),tensor(9552.9062),0,/workspace/models/redq/redq_0_stage_9
2026-05-17T19:01:00,train,redq,9,redq_0_stage_9,1224,254002,371,860.1573185920715,1,SUCCESS,1,0,0,19.97994636600015,4.547288417816162,254002,tensor(253.3333),tensor(9688.7920),0,/workspace/models/redq/redq_0_stage_9
2026-05-17T19:01:19,train,redq,9,redq_0_stage_9,1225,254349,347,1239.7222436964512,1,SUCCESS,1,0,0,18.859233311000025,3.0684292316436768,254349,tensor(256.4553),tensor(9031.5908),0,/workspace/models/redq/redq_0_stage_9
2026-05-17T19:01:53,train,redq,9,redq_0_stage_9,1226,254949,600,-951.1167326271534,1,SUCCESS,1,0,0,32.30995489599991,4.784024715423584,254949,tensor(250.3386),tensor(10211.3213),0,/workspace/models/redq/redq_0_stage_9
2026-05-17T19:02:11,train,redq,9,redq_0_stage_9,1227,255254,305,658.0839063823223,1,SUCCESS,1,0,0,16.40763467099987,2.7811126708984375,255254,tensor(243.4998),tensor(9874.8848),0,/workspace/models/redq/redq_0_stage_9
2026-05-17T19:02:33,train,redq,9,redq_0_stage_9,1228,255624,370,-4174.558907091618,2,COLL_WALL,0,0,0,20.452401461000136,2.6240885257720947,255624,tensor(256.0473),tensor(9873.5703),0,/workspace/models/redq/redq_0_stage_9
2026-05-17T19:03:03,train,redq,9,redq_0_stage_9,1229,256164,540,-1010.4512256383896,1,SUCCESS,1,0,0,29.12920595500009,4.870416164398193,256164,tensor(253.1985),tensor(10157.1895),0,/workspace/models/redq/redq_0_stage_9
2026-05-17T19:03:24,train,redq,9,redq_0_stage_9,1230,256542,378,1207.0801408588886,1,SUCCESS,1,0,0,20.37779347700007,3.3261332511901855,256542,tensor(250.3667),tensor(9552.4355),0,/workspace/models/redq/redq_0_stage_9
2026-05-17T19:03:42,train,redq,9,redq_0_stage_9,1231,256844,302,-4780.533257842064,2,COLL_WALL,0,0,0,16.33467907899967,1.9680255651474,256844,tensor(245.7897),tensor(9232.2412),0,/workspace/models/redq/redq_0_stage_9
2026-05-17T19:04:10,train,redq,9,redq_0_stage_9,1232,257332,488,247.1588036119938,1,SUCCESS,1,0,0,26.2008347269998,6.213224411010742,257332,tensor(251.9415),tensor(8995.1621),0,/workspace/models/redq/redq_0_stage_9
2026-05-17T19:04:21,train,redq,9,redq_0_stage_9,1233,257531,199,1093.2219909131527,1,SUCCESS,1,0,0,10.787530952999987,1.7936344146728516,257531,tensor(244.5842),tensor(10059.5215),0,/workspace/models/redq/redq_0_stage_9
2026-05-17T19:04:36,train,redq,9,redq_0_stage_9,1234,257776,245,929.8822370767593,1,SUCCESS,1,0,0,13.153550342000017,1.8059310913085938,257776,tensor(255.8934),tensor(10552.2998),0,/workspace/models/redq/redq_0_stage_9
2026-05-17T19:04:56,train,redq,9,redq_0_stage_9,1235,258143,367,-4343.3862689733505,2,COLL_WALL,0,0,0,19.730418721000206,2.1785664558410645,258143,tensor(241.4914),tensor(9107.9258),0,/workspace/models/redq/redq_0_stage_9
2026-05-17T19:05:15,train,redq,9,redq_0_stage_9,1236,258463,320,764.5661710202694,1,SUCCESS,1,0,0,17.211009570999977,4.657682418823242,258463,tensor(247.2378),tensor(10958.0996),0,/workspace/models/redq/redq_0_stage_9
2026-05-17T19:05:36,train,redq,9,redq_0_stage_9,1237,258826,363,-4573.541981756687,2,COLL_WALL,0,0,0,19.47117832999993,2.608788251876831,258826,tensor(248.6209),tensor(10424.4307),0,/workspace/models/redq/redq_0_stage_9
2026-05-17T19:05:43,train,redq,9,redq_0_stage_9,1238,258952,126,-2978.883090734482,2,COLL_WALL,0,0,0,6.8145051940000485,1.4372087717056274,258952,tensor(250.1498),tensor(9820.8916),0,/workspace/models/redq/redq_0_stage_9
2026-05-17T19:06:04,train,redq,9,redq_0_stage_9,1239,259305,353,-5941.297788858414,2,COLL_WALL,0,0,0,19.082123951000085,2.5974977016448975,259305,tensor(254.5127),tensor(9567.9316),0,/workspace/models/redq/redq_0_stage_9
2026-05-17T19:06:28,train,redq,9,redq_0_stage_9,1240,259736,431,-58.91532927751541,1,SUCCESS,1,0,0,23.230479506999927,4.071450710296631,259736,tensor(251.8918),tensor(8849.3779),0,/workspace/models/redq/redq_0_stage_9
2026-05-17T19:07:09,train,redq,9,redq_0_stage_9,1241,260445,709,-4829.507609605789,2,COLL_WALL,0,0,0,38.351959094999984,5.047539710998535,260445,tensor(245.7592),tensor(8833.2803),0,/workspace/models/redq/redq_0_stage_9
2026-05-17T19:07:11,train,redq,9,redq_0_stage_9,1242,260475,30,-2403.4540042877197,2,COLL_WALL,0,0,0,1.603499359000125,2.2032439708709717,260475,tensor(238.0353),tensor(9808.9805),0,/workspace/models/redq/redq_0_stage_9
2026-05-17T19:07:13,train,redq,9,redq_0_stage_9,1243,260509,34,-2401.761514186859,2,COLL_WALL,0,0,0,1.8607263089998014,0.3300151526927948,260509,tensor(239.2442),tensor(12185.1934),0,/workspace/models/redq/redq_0_stage_9
2026-05-17T19:07:15,train,redq,9,redq_0_stage_9,1244,260539,30,-2176.7562713623047,2,COLL_WALL,0,0,0,1.6547286810000514,0.3863808810710907,260539,tensor(227.6479),tensor(9932.3008),0,/workspace/models/redq/redq_0_stage_9
2026-05-17T19:07:26,train,redq,9,redq_0_stage_9,1245,260733,194,1389.280564546585,1,SUCCESS,1,0,0,10.37494299699938,1.6202518939971924,260733,tensor(239.7043),tensor(9511.1016),0,/workspace/models/redq/redq_0_stage_9
2026-05-17T19:07:44,train,redq,9,redq_0_stage_9,1246,261045,312,-3721.3433939814568,2,COLL_WALL,0,0,0,16.810267390999797,2.196018934249878,261045,tensor(247.1396),tensor(9952.5156),0,/workspace/models/redq/redq_0_stage_9
2026-05-17T19:07:55,train,redq,9,redq_0_stage_9,1247,261224,179,-3524.82218170166,2,COLL_WALL,0,0,0,9.693028288999813,2.063922882080078,261224,tensor(235.9840),tensor(9765.5430),0,/workspace/models/redq/redq_0_stage_9
2026-05-17T19:08:16,train,redq,9,redq_0_stage_9,1248,261578,354,1124.3949905633926,1,SUCCESS,1,0,0,19.443903866000255,3.6940839290618896,261578,tensor(242.4666),tensor(9551.6797),0,/workspace/models/redq/redq_0_stage_9
2026-05-17T19:08:25,train,redq,9,redq_0_stage_9,1249,261737,159,-2993.8739138245583,2,COLL_WALL,0,0,0,8.572613982999428,0.9657558798789978,261737,tensor(236.5636),tensor(9047.1123),0,/workspace/models/redq/redq_0_stage_9
2026-05-17T19:08:59,train,redq,9,redq_0_stage_9,1250,262325,588,308.7858107984066,1,SUCCESS,1,0,0,31.99078579399975,7.07675313949585,262325,tensor(238.4943),tensor(9030.4521),0,/workspace/models/redq/redq_0_stage_9
2026-05-17T19:09:25,train,redq,9,redq_0_stage_9,1251,262789,464,547.5322029590607,1,SUCCESS,1,0,0,25.10348269499991,4.110348701477051,262789,tensor(244.7905),tensor(9465.3652),0,/workspace/models/redq/redq_0_stage_9
2026-05-17T19:09:35,train,redq,9,redq_0_stage_9,1252,262959,170,1855.2828074097633,1,SUCCESS,1,0,0,9.154231543000606,1.6517971754074097,262959,tensor(239.7129),tensor(9732.0957),0,/workspace/models/redq/redq_0_stage_9
2026-05-17T19:09:46,train,redq,9,redq_0_stage_9,1253,263142,183,-2827.6935113072395,2,COLL_WALL,0,0,0,9.895889962000183,1.2436946630477905,263142,tensor(234.6784),tensor(9630.3447),0,/workspace/models/redq/redq_0_stage_9
2026-05-17T19:09:59,train,redq,9,redq_0_stage_9,1254,263376,234,-3467.2238799333572,2,COLL_WALL,0,0,0,12.630580435999946,3.2266993522644043,263376,tensor(248.9075),tensor(8341.0449),0,/workspace/models/redq/redq_0_stage_9
2026-05-17T19:10:24,train,redq,9,redq_0_stage_9,1255,263811,435,401.49714785814285,1,SUCCESS,1,0,0,23.528694795000774,4.310327053070068,263811,tensor(236.6713),tensor(9429.9697),0,/workspace/models/redq/redq_0_stage_9
2026-05-17T19:10:50,train,redq,9,redq_0_stage_9,1256,264250,439,1197.5187425613403,1,SUCCESS,1,0,0,23.69830530299987,4.219234943389893,264250,tensor(229.6346),tensor(10664.8359),0,/workspace/models/redq/redq_0_stage_9
2026-05-17T19:11:26,train,redq,9,redq_0_stage_9,1257,264900,650,-4798.880901217461,2,COLL_WALL,0,0,0,35.00144031400032,5.07073450088501,264900,tensor(242.4989),tensor(9238.1963),0,/workspace/models/redq/redq_0_stage_9
2026-05-17T19:11:39,train,redq,9,redq_0_stage_9,1258,265129,229,-3361.8786147236824,2,COLL_WALL,0,0,0,12.392809611999837,3.1667487621307373,265129,tensor(235.6898),tensor(8888.1045),0,/workspace/models/redq/redq_0_stage_9
2026-05-17T19:12:06,train,redq,9,redq_0_stage_9,1259,265607,478,75.42029392719269,1,SUCCESS,1,0,0,25.921848481999405,4.799760818481445,265607,tensor(223.2979),tensor(9468.0410),0,/workspace/models/redq/redq_0_stage_9
2026-05-17T19:12:13,train,redq,9,redq_0_stage_9,1260,265718,111,-3900.2419946193695,2,COLL_WALL,0,0,0,5.987676151999949,1.1046006679534912,265718,tensor(228.3890),tensor(9695.8213),0,/workspace/models/redq/redq_0_stage_9
2026-05-17T19:12:28,train,redq,9,redq_0_stage_9,1261,265957,239,1682.4207911491394,1,SUCCESS,1,0,0,12.959235517000707,4.990810871124268,265957,tensor(223.3743),tensor(8667.5352),0,/workspace/models/redq/redq_0_stage_9
2026-05-17T19:12:30,train,redq,9,redq_0_stage_9,1262,265987,30,-2796.806074142456,2,COLL_WALL,0,0,0,1.649665191999702,0.17743127048015594,265987,tensor(225.4186),tensor(7732.5254),0,/workspace/models/redq/redq_0_stage_9
2026-05-17T19:12:40,train,redq,9,redq_0_stage_9,1263,266170,183,1581.9537508487701,1,SUCCESS,1,0,0,9.90271477799979,4.003349304199219,266170,tensor(230.1676),tensor(9760.5039),0,/workspace/models/redq/redq_0_stage_9
2026-05-17T19:13:04,train,redq,9,redq_0_stage_9,1264,266575,405,-25.20893171429634,1,SUCCESS,1,0,0,21.933577462000358,2.9298386573791504,266575,tensor(229.5292),tensor(9930.2520),0,/workspace/models/redq/redq_0_stage_9
2026-05-17T19:13:13,train,redq,9,redq_0_stage_9,1265,266739,164,-2642.3336566090584,2,COLL_WALL,0,0,0,8.8172011810002,1.6813286542892456,266739,tensor(230.9656),tensor(8481.3662),0,/workspace/models/redq/redq_0_stage_9
2026-05-17T19:13:35,train,redq,9,redq_0_stage_9,1266,267119,380,263.72467559576035,1,SUCCESS,1,0,0,20.57290778999959,4.039486885070801,267119,tensor(227.8089),tensor(9253.6445),0,/workspace/models/redq/redq_0_stage_9
2026-05-17T19:13:58,train,redq,9,redq_0_stage_9,1267,267514,395,1160.8423563838005,1,SUCCESS,1,0,0,21.34668051100016,3.5216422080993652,267514,tensor(228.2447),tensor(9274.7559),0,/workspace/models/redq/redq_0_stage_9
2026-05-17T19:14:27,train,redq,9,redq_0_stage_9,1268,268021,507,-5649.1346861720085,2,COLL_WALL,0,0,0,27.715932199000235,3.903719663619995,268021,tensor(224.9419),tensor(10180.0654),0,/workspace/models/redq/redq_0_stage_9
2026-05-17T19:14:29,train,redq,9,redq_0_stage_9,1269,268051,30,-2818.915506362915,2,COLL_WALL,0,0,0,1.64442463100022,1.0833368301391602,268051,tensor(228.6283),tensor(11846.9531),0,/workspace/models/redq/redq_0_stage_9
2026-05-17T19:14:32,train,redq,9,redq_0_stage_9,1270,268089,38,-2413.569608569145,2,COLL_WALL,0,0,0,2.0747036879993175,0.20029011368751526,268089,tensor(205.0703),tensor(7894.6382),0,/workspace/models/redq/redq_0_stage_9
2026-05-17T19:14:35,train,redq,9,redq_0_stage_9,1271,268119,30,-2240.476076602936,2,COLL_WALL,0,0,0,1.6775833820001935,0.20113137364387512,268119,tensor(212.4897),tensor(8836.1836),0,/workspace/models/redq/redq_0_stage_9
2026-05-17T19:15:02,train,redq,9,redq_0_stage_9,1272,268603,484,-4913.237539589405,2,COLL_WALL,0,0,0,26.40987717200005,3.856086492538452,268603,tensor(222.8695),tensor(9926.5898),0,/workspace/models/redq/redq_0_stage_9
2026-05-17T19:15:17,train,redq,9,redq_0_stage_9,1273,268865,262,956.5472519695759,1,SUCCESS,1,0,0,14.231663581000248,4.0330376625061035,268865,tensor(216.9381),tensor(8667.6338),0,/workspace/models/redq/redq_0_stage_9
2026-05-17T19:15:36,train,redq,9,redq_0_stage_9,1274,269190,325,189.0866875052452,1,SUCCESS,1,0,0,17.638036792000094,3.0661840438842773,269190,tensor(226.2177),tensor(10197.7334),0,/workspace/models/redq/redq_0_stage_9
2026-05-17T19:15:57,train,redq,9,redq_0_stage_9,1275,269542,352,-4228.216995835304,2,COLL_WALL,0,0,0,19.059012648000135,2.0437419414520264,269542,tensor(219.6869),tensor(9678.2959),0,/workspace/models/redq/redq_0_stage_9
2026-05-17T19:16:11,train,redq,9,redq_0_stage_9,1276,269800,258,1381.6519195437431,1,SUCCESS,1,0,0,13.900226994999684,4.240432262420654,269800,tensor(224.5639),tensor(9412.7578),0,/workspace/models/redq/redq_0_stage_9
2026-05-17T19:16:28,train,redq,9,redq_0_stage_9,1277,270073,273,-3711.8318942189217,2,COLL_WALL,0,0,0,14.911498161000054,1.481163740158081,270073,tensor(210.2550),tensor(10577.0664),0,/workspace/models/redq/redq_0_stage_9
2026-05-17T19:16:40,train,redq,9,redq_0_stage_9,1278,270292,219,1424.7224130034447,1,SUCCESS,1,0,0,11.896648746999745,3.279876470565796,270292,tensor(222.2547),tensor(9888.0449),0,/workspace/models/redq/redq_0_stage_9
2026-05-17T19:16:57,train,redq,9,redq_0_stage_9,1279,270572,280,-4240.215805232525,2,COLL_WALL,0,0,0,15.40238403999956,1.8837695121765137,270572,tensor(222.0510),tensor(9221.4062),0,/workspace/models/redq/redq_0_stage_9
2026-05-17T19:17:00,train,redq,9,redq_0_stage_9,1280,270602,30,-2786.521484375,2,COLL_WALL,0,0,0,1.632460775999789,1.270581841468811,270602,tensor(215.0883),tensor(9959.0605),0,/workspace/models/redq/redq_0_stage_9
2026-05-17T19:17:03,train,redq,9,redq_0_stage_9,1281,270647,45,-2795.5998771190643,2,COLL_WALL,0,0,0,2.5289048690001437,0.19456177949905396,270647,tensor(233.9360),tensor(8419.7861),0,/workspace/models/redq/redq_0_stage_9
2026-05-17T19:17:05,train,redq,9,redq_0_stage_9,1282,270677,30,-2140.650719165802,2,COLL_WALL,0,0,0,1.6338771880000422,0.18824182450771332,270677,tensor(233.3221),tensor(9500.2295),0,/workspace/models/redq/redq_0_stage_9
2026-05-17T19:17:37,train,redq,9,redq_0_stage_9,1283,271238,561,-8540.803002595901,2,COLL_WALL,0,0,0,30.414253723,2.415221929550171,271238,tensor(218.4098),tensor(9546.2578),0,/workspace/models/redq/redq_0_stage_9
2026-05-17T19:17:48,train,redq,9,redq_0_stage_9,1284,271445,207,1788.9047998189926,1,SUCCESS,1,0,0,11.23314129299979,2.8203792572021484,271445,tensor(220.7759),tensor(9107.8389),0,/workspace/models/redq/redq_0_stage_9
2026-05-17T19:18:01,train,redq,9,redq_0_stage_9,1285,271641,196,1776.9752610623837,1,SUCCESS,1,0,0,10.670407027000692,2.012754201889038,271641,tensor(222.4756),tensor(10413.8066),0,/workspace/models/redq/redq_0_stage_9
2026-05-17T19:18:04,train,redq,9,redq_0_stage_9,1286,271695,54,-2521.1040754318237,2,COLL_WALL,0,0,0,3.00182621499971,0.24395428597927094,271695,tensor(201.9937),tensor(8997.8945),0,/workspace/models/redq/redq_0_stage_9
2026-05-17T19:18:22,train,redq,9,redq_0_stage_9,1287,272008,313,308.35107159614563,1,SUCCESS,1,0,0,16.896844646000318,4.462629795074463,272008,tensor(216.7811),tensor(9912.3223),0,/workspace/models/redq/redq_0_stage_9
2026-05-17T19:18:38,train,redq,9,redq_0_stage_9,1288,272277,269,-4017.415014266968,2,COLL_WALL,0,0,0,14.620148654000332,2.271944761276245,272277,tensor(223.3916),tensor(10801.2275),0,/workspace/models/redq/redq_0_stage_9
2026-05-17T19:18:45,train,redq,9,redq_0_stage_9,1289,272407,130,-2992.13341742754,2,COLL_WALL,0,0,0,7.067601400000058,3.7386889457702637,272407,tensor(224.6825),tensor(9793.5020),0,/workspace/models/redq/redq_0_stage_9
2026-05-17T19:19:09,train,redq,9,redq_0_stage_9,1290,272804,397,1127.3216226100922,1,SUCCESS,1,0,0,21.57802323499982,3.7054648399353027,272804,tensor(219.7680),tensor(9786.6260),0,/workspace/models/redq/redq_0_stage_9
2026-05-17T19:19:21,train,redq,9,redq_0_stage_9,1291,273008,204,-3947.215747356415,2,COLL_WALL,0,0,0,11.152015986000151,1.15555739402771,273008,tensor(219.8921),tensor(10783.1074),0,/workspace/models/redq/redq_0_stage_9
2026-05-17T19:19:28,train,redq,9,redq_0_stage_9,1292,273138,130,-3159.1794893741608,2,COLL_WALL,0,0,0,7.0779753590004475,4.334661960601807,273138,tensor(219.6560),tensor(9421.0732),0,/workspace/models/redq/redq_0_stage_9
2026-05-17T19:19:32,train,redq,9,redq_0_stage_9,1293,273188,50,-2501.501284122467,2,COLL_WALL,0,0,0,2.766869222999958,0.24531716108322144,273188,tensor(208.2248),tensor(8786.0488),0,/workspace/models/redq/redq_0_stage_9
2026-05-17T19:19:37,train,redq,9,redq_0_stage_9,1294,273257,69,-2308.782205224037,2,COLL_WALL,0,0,0,3.7912005980006143,0.6684867143630981,273257,tensor(206.2041),tensor(9208.9453),0,/workspace/models/redq/redq_0_stage_9
2026-05-17T19:19:39,train,redq,9,redq_0_stage_9,1295,273296,39,-2405.064940929413,2,COLL_WALL,0,0,0,2.1538366570002836,0.6300057172775269,273296,tensor(206.1164),tensor(9592.6514),0,/workspace/models/redq/redq_0_stage_9
2026-05-17T19:19:55,train,redq,9,redq_0_stage_9,1296,273579,283,-3944.439963579178,2,COLL_WALL,0,0,0,15.450449902999935,2.4162368774414062,273579,tensor(218.9113),tensor(9725.0625),0,/workspace/models/redq/redq_0_stage_9
2026-05-17T19:20:03,train,redq,9,redq_0_stage_9,1297,273701,122,2001.2769153118134,1,SUCCESS,1,0,0,6.632024600000477,2.535670042037964,273701,tensor(218.5648),tensor(8383.8242),0,/workspace/models/redq/redq_0_stage_9
2026-05-17T19:20:19,train,redq,9,redq_0_stage_9,1298,273981,280,1528.0716179311275,1,SUCCESS,1,0,0,15.283030747000339,2.499032735824585,273981,tensor(213.6274),tensor(10500.0879),0,/workspace/models/redq/redq_0_stage_9
2026-05-17T19:20:27,train,redq,9,redq_0_stage_9,1299,274111,130,-2797.127411842346,2,COLL_WALL,0,0,0,7.0850578879999375,1.0748085975646973,274111,tensor(217.8567),tensor(9056.9531),0,/workspace/models/redq/redq_0_stage_9
2026-05-17T19:20:45,train,redq,9,redq_0_stage_9,1300,274372,261,-4422.546291232109,2,COLL_WALL,0,0,0,14.26029739400019,3.0069611072540283,274372,tensor(214.9641),tensor(10636.8945),1,/workspace/models/redq/redq_0_stage_9
2026-05-17T19:21:14,train,redq,9,redq_0_stage_9,1301,274867,495,507.78787955641747,1,SUCCESS,1,0,0,27.47279141099989,4.3331193923950195,274867,tensor(214.1031),tensor(9751.3184),0,/workspace/models/redq/redq_0_stage_9
2026-05-17T19:21:18,train,redq,9,redq_0_stage_9,1302,274920,53,-2471.11523771286,2,COLL_WALL,0,0,0,2.970251131000623,0.4448038339614868,274920,tensor(215.4083),tensor(8980.4619),0,/workspace/models/redq/redq_0_stage_9
2026-05-17T19:21:40,train,redq,9,redq_0_stage_9,1303,275247,327,404.67253226041794,1,SUCCESS,1,0,0,20.94072558500011,6.468355655670166,275247,tensor(217.9291),tensor(9838.9619),0,/workspace/models/redq/redq_0_stage_9
2026-05-17T19:22:21,train,redq,9,redq_0_stage_9,1304,275806,559,433.1535692811012,1,SUCCESS,1,0,0,39.48001840500001,5.5284857749938965,275806,tensor(217.6284),tensor(10364.2920),0,/workspace/models/redq/redq_0_stage_9
2026-05-17T19:22:29,train,redq,9,redq_0_stage_9,1305,275908,102,2224.4952033162117,1,SUCCESS,1,0,0,7.756755100000191,1.6464570760726929,275908,tensor(216.5882),tensor(10097.7939),0,/workspace/models/redq/redq_0_stage_9
2026-05-17T19:22:44,train,redq,9,redq_0_stage_9,1306,276088,180,2060.575887531042,1,SUCCESS,1,0,0,13.606945257999541,2.340087652206421,276088,tensor(205.6770),tensor(11193.1768),0,/workspace/models/redq/redq_0_stage_9
2026-05-17T19:22:59,train,redq,9,redq_0_stage_9,1307,276280,192,-3026.875854253769,2,COLL_WALL,0,0,0,14.448833679999552,2.0322513580322266,276280,tensor(200.6495),tensor(9750.4004),0,/workspace/models/redq/redq_0_stage_9
2026-05-17T19:23:19,train,redq,9,redq_0_stage_9,1308,276517,237,1535.2241346538067,1,SUCCESS,1,0,0,18.012431457000275,3.5998692512512207,276517,tensor(204.8726),tensor(10702.8789),0,/workspace/models/redq/redq_0_stage_9
2026-05-17T19:23:56,train,redq,9,redq_0_stage_9,1309,276985,468,-70.16798666119576,1,SUCCESS,1,0,0,35.66226651699981,5.043848037719727,276985,tensor(203.2344),tensor(10251.3105),0,/workspace/models/redq/redq_0_stage_9
2026-05-17T19:24:30,train,redq,9,redq_0_stage_9,1310,277402,417,-4315.888336777687,2,COLL_WALL,0,0,0,31.365563723999912,5.343120098114014,277402,tensor(201.8382),tensor(9483.6279),0,/workspace/models/redq/redq_0_stage_9
2026-05-17T19:24:36,train,redq,9,redq_0_stage_9,1311,277484,82,-3375.755816936493,2,COLL_WALL,0,0,0,6.287304134999431,1.8370590209960938,277484,tensor(208.3114),tensor(10441.7188),0,/workspace/models/redq/redq_0_stage_9
2026-05-17T19:25:04,train,redq,9,redq_0_stage_9,1312,277826,342,-4030.417039692402,2,COLL_WALL,0,0,0,25.844025093999335,3.6299378871917725,277826,tensor(203.5985),tensor(10194.0664),0,/workspace/models/redq/redq_0_stage_9
2026-05-17T19:25:16,train,redq,9,redq_0_stage_9,1313,277972,146,1866.0487466454506,1,SUCCESS,1,0,0,10.933540036999148,2.9282338619232178,277972,tensor(196.7583),tensor(8604.8672),0,/workspace/models/redq/redq_0_stage_9
2026-05-17T19:25:19,train,redq,9,redq_0_stage_9,1314,278002,30,-2418.3263125419617,2,COLL_WALL,0,0,0,2.178683039000134,0.2873353660106659,278002,tensor(215.0781),tensor(9500.9951),0,/workspace/models/redq/redq_0_stage_9
2026-05-17T19:25:35,train,redq,9,redq_0_stage_9,1315,278208,206,1061.9434234201908,1,SUCCESS,1,0,0,15.659903929999928,3.971287965774536,278208,tensor(207.5075),tensor(8556.1699),0,/workspace/models/redq/redq_0_stage_9
2026-05-17T19:25:53,train,redq,9,redq_0_stage_9,1316,278420,212,-3547.3637635707855,2,COLL_WALL,0,0,0,15.92457405300047,1.579601764678955,278420,tensor(197.2787),tensor(8615.8887),0,/workspace/models/redq/redq_0_stage_9
2026-05-17T19:26:04,train,redq,9,redq_0_stage_9,1317,278564,144,-2584.463378369808,2,COLL_WALL,0,0,0,10.991065867000543,3.672206163406372,278564,tensor(200.3796),tensor(9090.4414),0,/workspace/models/redq/redq_0_stage_9
2026-05-17T19:26:23,train,redq,9,redq_0_stage_9,1318,278793,229,1599.159035652876,1,SUCCESS,1,0,0,17.206448209999508,4.267387866973877,278793,tensor(200.9173),tensor(9360.8047),0,/workspace/models/redq/redq_0_stage_9
2026-05-17T19:26:47,train,redq,9,redq_0_stage_9,1319,279098,305,1503.957073867321,1,SUCCESS,1,0,0,22.89399013000002,3.7198381423950195,279098,tensor(197.7495),tensor(9161.7236),0,/workspace/models/redq/redq_0_stage_9
2026-05-17T19:26:57,train,redq,9,redq_0_stage_9,1320,279209,111,2098.5048308074474,1,SUCCESS,1,0,0,8.382435151000209,1.4642244577407837,279209,tensor(203.0388),tensor(11055.4678),0,/workspace/models/redq/redq_0_stage_9
2026-05-17T19:27:07,train,redq,9,redq_0_stage_9,1321,279333,124,-2657.757436990738,2,COLL_WALL,0,0,0,9.335682687999906,1.3084826469421387,279333,tensor(189.2893),tensor(12446.2070),0,/workspace/models/redq/redq_0_stage_9
2026-05-17T19:27:21,train,redq,9,redq_0_stage_9,1322,279516,183,1717.003210425377,1,SUCCESS,1,0,0,13.109278488999735,2.431588888168335,279516,tensor(199.6960),tensor(8923.2422),0,/workspace/models/redq/redq_0_stage_9
2026-05-17T19:28:03,train,redq,9,redq_0_stage_9,1323,280050,534,-2963.2091024518013,4,TIMEOUT,0,0,1,40.54223781200017,4.6885199546813965,280050,tensor(195.4528),tensor(10331.9971),0,/workspace/models/redq/redq_0_stage_9
2026-05-17T19:28:28,train,redq,9,redq_0_stage_9,1324,280356,306,-4707.9141681194305,2,COLL_WALL,0,0,0,23.185129707999295,3.589359998703003,280356,tensor(192.8987),tensor(9545.8369),0,/workspace/models/redq/redq_0_stage_9
2026-05-17T19:28:44,train,redq,9,redq_0_stage_9,1325,280563,207,1227.8757039308548,1,SUCCESS,1,0,0,15.522006084999703,2.5611112117767334,280563,tensor(184.4046),tensor(12334.4023),0,/workspace/models/redq/redq_0_stage_9
2026-05-17T19:29:00,train,redq,9,redq_0_stage_9,1326,280756,193,1857.454472154379,1,SUCCESS,1,0,0,14.508405188000324,2.651648759841919,280756,tensor(193.3104),tensor(10295.0771),0,/workspace/models/redq/redq_0_stage_9
2026-05-17T19:29:05,train,redq,9,redq_0_stage_9,1327,280810,54,-2450.2984669208527,2,COLL_WALL,0,0,0,4.054782476999208,0.37455856800079346,280810,tensor(188.0112),tensor(10933.4180),0,/workspace/models/redq/redq_0_stage_9
2026-05-17T19:29:14,train,redq,9,redq_0_stage_9,1328,280933,123,-2968.3669849038124,2,COLL_WALL,0,0,0,9.100682100000085,2.822542667388916,280933,tensor(196.8535),tensor(10432.5674),0,/workspace/models/redq/redq_0_stage_9
2026-05-17T19:29:24,train,redq,9,redq_0_stage_9,1329,281047,114,-3134.315893769264,2,COLL_WALL,0,0,0,8.643741468999906,1.463096022605896,281047,tensor(186.0420),tensor(11304.5264),0,/workspace/models/redq/redq_0_stage_9
2026-05-17T19:29:49,train,redq,9,redq_0_stage_9,1330,281356,309,-4785.749509930611,2,COLL_WALL,0,0,0,23.35458395600017,4.034256458282471,281356,tensor(191.8002),tensor(9551.6484),0,/workspace/models/redq/redq_0_stage_9
2026-05-17T19:30:15,train,redq,9,redq_0_stage_9,1331,281684,328,1335.6541360616684,1,SUCCESS,1,0,0,24.601594697999644,5.0152201652526855,281684,tensor(197.4782),tensor(10270.3379),0,/workspace/models/redq/redq_0_stage_9
2026-05-17T19:30:27,train,redq,9,redq_0_stage_9,1332,281820,136,-2800.611495733261,2,COLL_WALL,0,0,0,10.242877597999723,1.3757489919662476,281820,tensor(181.8640),tensor(9947.2578),0,/workspace/models/redq/redq_0_stage_9
2026-05-17T19:30:41,train,redq,9,redq_0_stage_9,1333,282003,183,-3339.1451070308685,2,COLL_WALL,0,0,0,13.6975877699997,3.7410013675689697,282003,tensor(193.4247),tensor(9574.5537),0,/workspace/models/redq/redq_0_stage_9
2026-05-17T19:30:47,train,redq,9,redq_0_stage_9,1334,282082,79,-3097.290546655655,2,COLL_WALL,0,0,0,5.919583836000129,0.9038780927658081,282082,tensor(184.2520),tensor(11088.3008),0,/workspace/models/redq/redq_0_stage_9
2026-05-17T19:31:00,train,redq,9,redq_0_stage_9,1335,282227,145,-3530.591461658478,2,COLL_WALL,0,0,0,10.96284765099972,1.376413106918335,282227,tensor(192.7681),tensor(10924.8867),0,/workspace/models/redq/redq_0_stage_9
2026-05-17T19:31:18,train,redq,9,redq_0_stage_9,1336,282458,231,-2988.5995515584946,2,COLL_WALL,0,0,0,17.327862393000032,3.4092748165130615,282458,tensor(190.6122),tensor(8972.1729),0,/workspace/models/redq/redq_0_stage_9
2026-05-17T19:31:34,train,redq,9,redq_0_stage_9,1337,282655,197,-3329.7035465836525,2,COLL_WALL,0,0,0,14.839020858000367,4.05129337310791,282655,tensor(184.3987),tensor(10745.7969),0,/workspace/models/redq/redq_0_stage_9
2026-05-17T19:31:48,train,redq,9,redq_0_stage_9,1338,282838,183,-3314.4211361408234,2,COLL_WALL,0,0,0,13.617870620000758,3.0434305667877197,282838,tensor(193.4333),tensor(9969.8672),0,/workspace/models/redq/redq_0_stage_9
2026-05-17T19:32:08,train,redq,9,redq_0_stage_9,1339,283072,234,700.83897960186,1,SUCCESS,1,0,0,17.73755938800059,3.1102492809295654,283072,tensor(187.8244),tensor(10088.4785),0,/workspace/models/redq/redq_0_stage_9
2026-05-17T19:32:28,train,redq,9,redq_0_stage_9,1340,283316,244,-3576.6238164901733,2,COLL_WALL,0,0,0,18.470563840000068,1.8408259153366089,283316,tensor(184.7791),tensor(8994.9531),0,/workspace/models/redq/redq_0_stage_9
2026-05-17T19:32:50,train,redq,9,redq_0_stage_9,1341,283595,279,1498.3278051912785,1,SUCCESS,1,0,0,21.206851237999217,4.488180160522461,283595,tensor(176.5251),tensor(10667.0781),0,/workspace/models/redq/redq_0_stage_9
2026-05-17T19:33:03,train,redq,9,redq_0_stage_9,1342,283748,153,2034.4557083249092,1,SUCCESS,1,0,0,11.888691552999262,2.068025588989258,283748,tensor(181.6818),tensor(12070.0986),0,/workspace/models/redq/redq_0_stage_9
2026-05-17T19:33:41,train,redq,9,redq_0_stage_9,1343,284226,478,722.2442673146725,1,SUCCESS,1,0,0,35.9622514470002,5.0540771484375,284226,tensor(186.8196),tensor(9990.4521),0,/workspace/models/redq/redq_0_stage_9
2026-05-17T19:34:03,train,redq,9,redq_0_stage_9,1344,284495,269,-3204.204596042633,2,COLL_WALL,0,0,0,20.12808783299988,3.283008575439453,284495,tensor(173.4544),tensor(9986.8262),0,/workspace/models/redq/redq_0_stage_9
2026-05-17T19:34:18,train,redq,9,redq_0_stage_9,1345,284687,192,1656.678717046976,1,SUCCESS,1,0,0,14.53477807499985,3.35731840133667,284687,tensor(176.7865),tensor(9638.8672),0,/workspace/models/redq/redq_0_stage_9
2026-05-17T19:34:31,train,redq,9,redq_0_stage_9,1346,284846,159,-2782.8116459846497,2,COLL_WALL,0,0,0,11.980843396000637,1.592078685760498,284846,tensor(187.2930),tensor(9425.9717),0,/workspace/models/redq/redq_0_stage_9
2026-05-17T19:34:35,train,redq,9,redq_0_stage_9,1347,284885,39,-2417.5724288225174,2,COLL_WALL,0,0,0,2.972689520000131,2.88162899017334,284885,tensor(192.8542),tensor(15335.2256),0,/workspace/models/redq/redq_0_stage_9
2026-05-17T19:34:38,train,redq,9,redq_0_stage_9,1348,284920,35,-2623.1221475601196,2,COLL_WALL,0,0,0,2.645919374999721,0.4576805830001831,284920,tensor(180.8407),tensor(8152.6367),0,/workspace/models/redq/redq_0_stage_9
2026-05-17T19:34:41,train,redq,9,redq_0_stage_9,1349,284950,30,-2160.5405192375183,2,COLL_WALL,0,0,0,2.217566830000578,0.2893974781036377,284950,tensor(180.4208),tensor(10214.2236),0,/workspace/models/redq/redq_0_stage_9
2026-05-17T19:34:45,train,redq,9,redq_0_stage_9,1350,284991,41,-2827.350170850754,2,COLL_WALL,0,0,0,3.1903399180000633,0.2354366034269333,284991,tensor(200.4896),tensor(10596.7031),0,/workspace/models/redq/redq_0_stage_9
2026-05-17T19:34:48,train,redq,9,redq_0_stage_9,1351,285021,30,-2403.4178082942963,2,COLL_WALL,0,0,0,2.2082272469997406,0.22539997100830078,285021,tensor(174.4567),tensor(11253.2178),0,/workspace/models/redq/redq_0_stage_9
2026-05-17T19:34:51,train,redq,9,redq_0_stage_9,1352,285060,39,-2450.3811044692993,2,COLL_WALL,0,0,0,2.762077608999789,0.27507978677749634,285060,tensor(162.2409),tensor(9193.0918),0,/workspace/models/redq/redq_0_stage_9
2026-05-17T19:35:13,train,redq,9,redq_0_stage_9,1353,285443,383,895.7835441231728,1,SUCCESS,1,0,0,21.070120504999977,2.9677329063415527,285443,tensor(182.0055),tensor(9360.1846),0,/workspace/models/redq/redq_0_stage_9
2026-05-17T19:35:22,train,redq,9,redq_0_stage_9,1354,285585,142,-2710.87755382061,2,COLL_WALL,0,0,0,7.756118325999523,1.6120725870132446,285585,tensor(186.9765),tensor(9520.6992),0,/workspace/models/redq/redq_0_stage_9
2026-05-17T19:35:44,train,redq,9,redq_0_stage_9,1355,285961,376,1104.0251951217651,1,SUCCESS,1,0,0,20.4929268019996,5.102019786834717,285961,tensor(178.8364),tensor(10598.0635),0,/workspace/models/redq/redq_0_stage_9
2026-05-17T19:36:03,train,redq,9,redq_0_stage_9,1356,286288,327,1533.464081197977,1,SUCCESS,1,0,0,17.772538606000126,3.3403444290161133,286288,tensor(167.8634),tensor(11405.3096),0,/workspace/models/redq/redq_0_stage_9
2026-05-17T19:36:15,train,redq,9,redq_0_stage_9,1357,286502,214,-3857.2926040887833,2,COLL_WALL,0,0,0,11.681782732000102,1.197655439376831,286502,tensor(169.5456),tensor(9873.3867),0,/workspace/models/redq/redq_0_stage_9
2026-05-17T19:36:28,train,redq,9,redq_0_stage_9,1358,286720,218,-3094.8232837319374,2,COLL_WALL,0,0,0,12.00051690500004,3.479989528656006,286720,tensor(174.1995),tensor(10155.6641),0,/workspace/models/redq/redq_0_stage_9
2026-05-17T19:36:37,train,redq,9,redq_0_stage_9,1359,286864,144,2038.8512126803398,1,SUCCESS,1,0,0,7.890244149999489,2.7852556705474854,286864,tensor(157.9755),tensor(10148.6729),0,/workspace/models/redq/redq_0_stage_9
2026-05-17T19:36:52,train,redq,9,redq_0_stage_9,1360,287126,262,989.0452767014503,1,SUCCESS,1,0,0,14.247439774000668,2.419532299041748,287126,tensor(162.0781),tensor(10046.6533),0,/workspace/models/redq/redq_0_stage_9
2026-05-17T19:37:16,train,redq,9,redq_0_stage_9,1361,287535,409,-3409.4164313673973,2,COLL_WALL,0,0,0,22.298867686999984,3.4619553089141846,287535,tensor(167.6875),tensor(10734.7920),0,/workspace/models/redq/redq_0_stage_9
2026-05-17T19:37:38,train,redq,9,redq_0_stage_9,1362,287905,370,604.9091963768005,1,SUCCESS,1,0,0,20.10387198799981,4.9285359382629395,287905,tensor(167.4813),tensor(9811.1436),0,/workspace/models/redq/redq_0_stage_9
2026-05-17T19:38:10,train,redq,9,redq_0_stage_9,1363,288472,567,-4604.859658002853,2,COLL_WALL,0,0,0,30.756875007999952,3.7179055213928223,288472,tensor(160.8228),tensor(9881.7949),0,/workspace/models/redq/redq_0_stage_9
2026-05-17T19:38:26,train,redq,9,redq_0_stage_9,1364,288756,284,-4807.885854482651,2,COLL_WALL,0,0,0,15.488447657000506,3.6225063800811768,288756,tensor(157.0725),tensor(10604.5576),0,/workspace/models/redq/redq_0_stage_9
2026-05-17T19:38:47,train,redq,9,redq_0_stage_9,1365,289101,345,-3891.7496499419212,2,COLL_WALL,0,0,0,18.861109394999403,4.165798664093018,289101,tensor(163.4361),tensor(10622.6621),0,/workspace/models/redq/redq_0_stage_9
2026-05-17T19:39:00,train,redq,9,redq_0_stage_9,1366,289331,230,1552.49277728796,1,SUCCESS,1,0,0,12.603860445999999,3.675677537918091,289331,tensor(161.4233),tensor(10577.7002),0,/workspace/models/redq/redq_0_stage_9
2026-05-17T19:39:13,train,redq,9,redq_0_stage_9,1367,289547,216,1817.2994405329227,1,SUCCESS,1,0,0,11.709668137000335,1.9518883228302002,289547,tensor(165.8757),tensor(10650.4736),0,/workspace/models/redq/redq_0_stage_9
2026-05-17T19:39:46,train,redq,9,redq_0_stage_9,1368,290111,564,617.051783323288,1,SUCCESS,1,0,0,30.995042415999706,4.959738731384277,290111,tensor(157.7953),tensor(9632.3672),0,/workspace/models/redq/redq_0_stage_9
2026-05-17T19:40:19,train,redq,9,redq_0_stage_9,1369,290697,586,-53.53735172748566,1,SUCCESS,1,0,0,32.11229925200041,5.286489486694336,290697,tensor(164.4631),tensor(9750.9131),0,/workspace/models/redq/redq_0_stage_9
2026-05-17T19:40:44,train,redq,9,redq_0_stage_9,1370,291117,420,-6144.391697108746,2,COLL_WALL,0,0,0,22.886797490999925,3.736572742462158,291117,tensor(156.5720),tensor(9947.7207),0,/workspace/models/redq/redq_0_stage_9
2026-05-17T19:41:04,train,redq,9,redq_0_stage_9,1371,291468,351,1342.8092341721058,1,SUCCESS,1,0,0,19.00648459199965,5.001521110534668,291468,tensor(152.3673),tensor(10744.8867),0,/workspace/models/redq/redq_0_stage_9
2026-05-17T19:41:31,train,redq,9,redq_0_stage_9,1372,291939,471,-4751.014545202255,2,COLL_WALL,0,0,0,25.765634327999578,3.0244529247283936,291939,tensor(157.7787),tensor(10595.3174),0,/workspace/models/redq/redq_0_stage_9
2026-05-17T19:41:42,train,redq,9,redq_0_stage_9,1373,292123,184,1749.0573789179325,1,SUCCESS,1,0,0,10.117209101999833,3.674727439880371,292123,tensor(147.5546),tensor(10033.8223),0,/workspace/models/redq/redq_0_stage_9
2026-05-17T19:41:54,train,redq,9,redq_0_stage_9,1374,292325,202,1856.8918094933033,1,SUCCESS,1,0,0,11.122773775000496,2.3256940841674805,292325,tensor(148.1154),tensor(9190.5957),0,/workspace/models/redq/redq_0_stage_9
2026-05-17T19:42:08,train,redq,9,redq_0_stage_9,1375,292565,240,1690.2034876048565,1,SUCCESS,1,0,0,13.10641393700007,2.039592981338501,292565,tensor(147.6766),tensor(10352.0439),0,/workspace/models/redq/redq_0_stage_9
2026-05-17T19:42:23,train,redq,9,redq_0_stage_9,1376,292797,232,1381.6022590100765,1,SUCCESS,1,0,0,13.073353858999326,2.4877986907958984,292797,tensor(146.0038),tensor(11779.2080),0,/workspace/models/redq/redq_0_stage_9
2026-05-17T19:42:33,train,redq,9,redq_0_stage_9,1377,292983,186,-3314.94903755188,2,COLL_WALL,0,0,0,10.279568826000286,1.317072868347168,292983,tensor(158.5498),tensor(9416.1602),0,/workspace/models/redq/redq_0_stage_9
2026-05-17T19:42:36,train,redq,9,redq_0_stage_9,1378,293013,30,-2250.062855243683,2,COLL_WALL,0,0,0,1.6354449059999752,0.9081319570541382,293013,tensor(148.2032),tensor(9454.9902),0,/workspace/models/redq/redq_0_stage_9
2026-05-17T19:43:00,train,redq,9,redq_0_stage_9,1379,293439,426,-40.66755047440529,1,SUCCESS,1,0,0,23.172778238999854,3.4947686195373535,293439,tensor(152.6125),tensor(9561.4531),0,/workspace/models/redq/redq_0_stage_9
2026-05-17T19:43:15,train,redq,9,redq_0_stage_9,1380,293696,257,-3333.0718652009964,2,COLL_WALL,0,0,0,14.061613988000317,1.4856958389282227,293696,tensor(153.5129),tensor(10606.7588),0,/workspace/models/redq/redq_0_stage_9
2026-05-17T19:43:38,train,redq,9,redq_0_stage_9,1381,294070,374,-4583.988129496574,2,COLL_WALL,0,0,0,20.560147316999974,5.180153846740723,294070,tensor(144.9643),tensor(10023.1074),0,/workspace/models/redq/redq_0_stage_9
2026-05-17T19:43:55,train,redq,9,redq_0_stage_9,1382,294351,281,1551.6253266334534,1,SUCCESS,1,0,0,15.44957220499964,5.093757152557373,294351,tensor(139.6022),tensor(10656.0352),0,/workspace/models/redq/redq_0_stage_9
2026-05-17T19:44:16,train,redq,9,redq_0_stage_9,1383,294737,386,-4149.191917538643,2,COLL_WALL,0,0,0,21.033932782000193,3.38501238822937,294737,tensor(142.3038),tensor(10134.1250),0,/workspace/models/redq/redq_0_stage_9
2026-05-17T19:44:36,train,redq,9,redq_0_stage_9,1384,295060,323,-435.4011867046356,1,SUCCESS,1,0,0,17.77864627500003,4.405773639678955,295060,tensor(142.8697),tensor(10121.9092),0,/workspace/models/redq/redq_0_stage_9
2026-05-17T19:45:01,train,redq,9,redq_0_stage_9,1385,295496,436,846.0261134505272,1,SUCCESS,1,0,0,23.92901990199971,3.4989874362945557,295496,tensor(147.1290),tensor(10223.6143),0,/workspace/models/redq/redq_0_stage_9
2026-05-17T19:45:09,train,redq,9,redq_0_stage_9,1386,295630,134,2056.7617660462856,1,SUCCESS,1,0,0,7.366603419000057,1.4851441383361816,295630,tensor(145.7613),tensor(11795.9746),0,/workspace/models/redq/redq_0_stage_9
2026-05-17T19:45:18,train,redq,9,redq_0_stage_9,1387,295779,149,-2917.045566678047,2,COLL_WALL,0,0,0,8.15298586300014,1.1969692707061768,295779,tensor(153.8172),tensor(9376.6084),0,/workspace/models/redq/redq_0_stage_9
2026-05-17T19:45:24,train,redq,9,redq_0_stage_9,1388,295876,97,1889.111255645752,1,SUCCESS,1,0,0,5.307267399999546,3.0157077312469482,295876,tensor(138.8328),tensor(10466.7373),0,/workspace/models/redq/redq_0_stage_9
2026-05-17T19:45:47,train,redq,9,redq_0_stage_9,1389,296284,408,568.3410974740982,1,SUCCESS,1,0,0,22.317888665999817,3.029961585998535,296284,tensor(142.4474),tensor(10519.8125),0,/workspace/models/redq/redq_0_stage_9
2026-05-17T19:46:05,train,redq,9,redq_0_stage_9,1390,296566,282,1705.6026828587055,1,SUCCESS,1,0,0,15.430427670999961,2.7937285900115967,296566,tensor(141.7721),tensor(10805.1514),0,/workspace/models/redq/redq_0_stage_9
2026-05-17T19:46:13,train,redq,9,redq_0_stage_9,1391,296702,136,-2989.2168151140213,2,COLL_WALL,0,0,0,7.505945830000201,1.033074140548706,296702,tensor(144.3506),tensor(9467.6504),0,/workspace/models/redq/redq_0_stage_9
2026-05-17T19:46:30,train,redq,9,redq_0_stage_9,1392,296995,293,-4052.140730857849,2,COLL_WALL,0,0,0,16.0899952890004,3.4907784461975098,296995,tensor(146.0501),tensor(10770.0381),0,/workspace/models/redq/redq_0_stage_9
2026-05-17T19:46:44,train,redq,9,redq_0_stage_9,1393,297237,242,-4053.219147324562,2,COLL_WALL,0,0,0,13.20371906299988,3.4035942554473877,297237,tensor(145.5813),tensor(9329.9150),0,/workspace/models/redq/redq_0_stage_9
2026-05-17T19:47:20,train,redq,9,redq_0_stage_9,1394,297859,622,-1418.6294313073158,1,SUCCESS,1,0,0,34.230131497,5.010978698730469,297859,tensor(142.0876),tensor(9788.0146),0,/workspace/models/redq/redq_0_stage_9
2026-05-17T19:48:03,train,redq,9,redq_0_stage_9,1395,298489,630,-2879.1995075941086,4,TIMEOUT,0,0,1,40.668596101999356,6.34155797958374,298489,tensor(142.6519),tensor(10120.5820),0,/workspace/models/redq/redq_0_stage_9
2026-05-17T19:48:13,train,redq,9,redq_0_stage_9,1396,298614,125,1800.1322379112244,1,SUCCESS,1,0,0,9.51888119799969,1.9264379739761353,298614,tensor(143.4322),tensor(11793.8066),0,/workspace/models/redq/redq_0_stage_9
2026-05-17T19:48:16,train,redq,9,redq_0_stage_9,1397,298644,30,-2532.2211389541626,2,COLL_WALL,0,0,0,2.2526760330001707,0.40693631768226624,298644,tensor(144.0950),tensor(8040.2881),0,/workspace/models/redq/redq_0_stage_9
2026-05-17T19:48:21,train,redq,9,redq_0_stage_9,1398,298697,53,-2539.7947251796722,2,COLL_WALL,0,0,0,4.12576441300007,1.574863314628601,298697,tensor(148.6229),tensor(10636.3672),0,/workspace/models/redq/redq_0_stage_9
2026-05-17T19:48:25,train,redq,9,redq_0_stage_9,1399,298739,42,-2521.2830259799957,2,COLL_WALL,0,0,0,3.2471564590005073,0.3152882754802704,298739,tensor(152.9832),tensor(9450.5557),0,/workspace/models/redq/redq_0_stage_9
2026-05-17T19:48:45,train,redq,9,redq_0_stage_9,1400,298935,196,1362.2005785107613,1,SUCCESS,1,0,0,15.363281465999535,2.3682730197906494,298935,tensor(150.4371),tensor(10061.5342),1,/workspace/models/redq/redq_0_stage_9
2026-05-17T19:49:02,train,redq,9,redq_0_stage_9,1401,299141,206,-4188.205347657204,2,COLL_WALL,0,0,0,15.621547314000054,1.7520476579666138,299141,tensor(145.4188),tensor(10312.2041),0,/workspace/models/redq/redq_0_stage_9
2026-05-17T19:49:34,train,redq,9,redq_0_stage_9,1402,299547,406,-175.91588616371155,1,SUCCESS,1,0,0,30.654809836999448,5.98740816116333,299547,tensor(143.2133),tensor(9345.7344),0,/workspace/models/redq/redq_0_stage_9
2026-05-17T19:50:08,train,redq,9,redq_0_stage_9,1403,299959,412,400.19109342992306,1,SUCCESS,1,0,0,31.627566478000517,4.534723281860352,299959,tensor(145.8163),tensor(9819.7324),0,/workspace/models/redq/redq_0_stage_9
2026-05-17T19:50:17,train,redq,9,redq_0_stage_9,1404,300078,119,-2701.984919667244,2,COLL_WALL,0,0,0,8.99176905999957,1.5792847871780396,300078,tensor(150.4746),tensor(9691.8662),0,/workspace/models/redq/redq_0_stage_9
2026-05-17T19:50:38,train,redq,9,redq_0_stage_9,1405,300334,256,1411.8384474515915,1,SUCCESS,1,0,0,19.156494019000093,4.393986701965332,300334,tensor(147.3618),tensor(10379.5947),0,/workspace/models/redq/redq_0_stage_9
2026-05-17T19:50:50,train,redq,9,redq_0_stage_9,1406,300488,154,-2811.6517956256866,2,COLL_WALL,0,0,0,11.499612118999721,1.4206371307373047,300488,tensor(146.6268),tensor(11071.6768),0,/workspace/models/redq/redq_0_stage_9
2026-05-17T19:50:57,train,redq,9,redq_0_stage_9,1407,300577,89,-2677.7073259353638,2,COLL_WALL,0,0,0,6.711238745999253,3.6542370319366455,300577,tensor(139.7847),tensor(8448.1885),0,/workspace/models/redq/redq_0_stage_9
2026-05-17T19:51:11,train,redq,9,redq_0_stage_9,1408,300742,165,-3223.6588599681854,2,COLL_WALL,0,0,0,12.493820731000596,1.4337762594223022,300742,tensor(145.5309),tensor(11047.9912),0,/workspace/models/redq/redq_0_stage_9
2026-05-17T19:51:18,train,redq,9,redq_0_stage_9,1409,300828,86,1868.5886105298996,1,SUCCESS,1,0,0,6.667249056000401,0.8783360123634338,300828,tensor(147.8531),tensor(8709.3711),0,/workspace/models/redq/redq_0_stage_9
2026-05-17T19:51:46,train,redq,9,redq_0_stage_9,1410,301162,334,786.79946154356,1,SUCCESS,1,0,0,25.49415785600013,4.106968402862549,301162,tensor(144.4833),tensor(10615.5752),0,/workspace/models/redq/redq_0_stage_9
2026-05-17T19:52:12,train,redq,9,redq_0_stage_9,1411,301483,321,1412.875433743,1,SUCCESS,1,0,0,24.045561629000076,3.8925673961639404,301483,tensor(142.0937),tensor(10024.8369),0,/workspace/models/redq/redq_0_stage_9
2026-05-17T19:52:27,train,redq,9,redq_0_stage_9,1412,301680,197,-2953.9321773052216,2,COLL_WALL,0,0,0,15.082260301000133,2.2959558963775635,301680,tensor(140.0821),tensor(11555.1602),0,/workspace/models/redq/redq_0_stage_9
2026-05-17T19:52:30,train,redq,9,redq_0_stage_9,1413,301712,32,-2198.116832971573,2,COLL_WALL,0,0,0,2.419469788999777,0.9562329053878784,301712,tensor(146.6286),tensor(10835.5117),0,/workspace/models/redq/redq_0_stage_9
2026-05-17T19:52:40,train,redq,9,redq_0_stage_9,1414,301821,109,2029.14060485363,1,SUCCESS,1,0,0,8.3707742710003,1.0907655954360962,301821,tensor(131.2304),tensor(10600.9648),0,/workspace/models/redq/redq_0_stage_9
2026-05-17T19:53:01,train,redq,9,redq_0_stage_9,1415,302087,266,1625.9227488338947,1,SUCCESS,1,0,0,20.094566474000203,3.192111015319824,302087,tensor(141.2251),tensor(10713.0508),0,/workspace/models/redq/redq_0_stage_9
2026-05-17T19:53:14,train,redq,9,redq_0_stage_9,1416,302242,155,-2791.859257400036,2,COLL_WALL,0,0,0,11.754984366999452,1.6498143672943115,302242,tensor(147.2864),tensor(10083.6182),0,/workspace/models/redq/redq_0_stage_9
2026-05-17T19:53:25,train,redq,9,redq_0_stage_9,1417,302375,133,1785.9596435427666,1,SUCCESS,1,0,0,10.044137359999695,3.1295902729034424,302375,tensor(132.4552),tensor(11283.6797),0,/workspace/models/redq/redq_0_stage_9
2026-05-17T19:53:56,train,redq,9,redq_0_stage_9,1418,302760,385,1093.345938384533,1,SUCCESS,1,0,0,29.347453794999637,4.213710308074951,302760,tensor(136.8853),tensor(10323.1787),0,/workspace/models/redq/redq_0_stage_9
2026-05-17T19:54:27,train,redq,9,redq_0_stage_9,1419,303149,389,1046.044179201126,1,SUCCESS,1,0,0,29.70566639200024,4.834856033325195,303149,tensor(136.8756),tensor(9625.2275),0,/workspace/models/redq/redq_0_stage_9
2026-05-17T19:54:40,train,redq,9,redq_0_stage_9,1420,303303,154,1579.547894179821,1,SUCCESS,1,0,0,11.782919600000241,1.7288748025894165,303303,tensor(133.6754),tensor(9313.6436),0,/workspace/models/redq/redq_0_stage_9
2026-05-17T19:55:03,train,redq,9,redq_0_stage_9,1421,303585,282,-3538.9837815761566,2,COLL_WALL,0,0,0,21.336657154000022,3.106712579727173,303585,tensor(126.6950),tensor(9239.9082),0,/workspace/models/redq/redq_0_stage_9
2026-05-17T19:55:31,train,redq,9,redq_0_stage_9,1422,303931,346,-4124.684949159622,2,COLL_WALL,0,0,0,26.190277530999992,4.2237420082092285,303931,tensor(135.5538),tensor(9546.3184),0,/workspace/models/redq/redq_0_stage_9
2026-05-17T19:55:43,train,redq,9,redq_0_stage_9,1423,304085,154,1427.9051735401154,1,SUCCESS,1,0,0,11.669134146000033,2.263314723968506,304085,tensor(134.3268),tensor(9925.2432),0,/workspace/models/redq/redq_0_stage_9
2026-05-17T19:55:49,train,redq,9,redq_0_stage_9,1424,304142,57,-3263.090975999832,2,COLL_WALL,0,0,0,4.49395887099945,0.5042260885238647,304142,tensor(121.1774),tensor(11321.3984),0,/workspace/models/redq/redq_0_stage_9
2026-05-17T19:56:17,train,redq,9,redq_0_stage_9,1425,304489,347,-5230.574286937714,2,COLL_WALL,0,0,0,26.225246768000034,4.741176605224609,304489,tensor(132.7698),tensor(9191.7998),0,/workspace/models/redq/redq_0_stage_9
2026-05-17T19:56:27,train,redq,9,redq_0_stage_9,1426,304614,125,-3001.876977920532,2,COLL_WALL,0,0,0,9.47261334399991,1.5841907262802124,304614,tensor(131.7043),tensor(10300.1387),0,/workspace/models/redq/redq_0_stage_9
2026-05-17T19:56:49,train,redq,9,redq_0_stage_9,1427,304880,266,1097.9111627340317,1,SUCCESS,1,0,0,20.45946929999991,3.643026351928711,304880,tensor(131.3678),tensor(10685.6436),0,/workspace/models/redq/redq_0_stage_9
2026-05-17T19:57:14,train,redq,9,redq_0_stage_9,1428,305198,318,-3573.784429192543,2,COLL_WALL,0,0,0,24.67147983399991,3.246070623397827,305198,tensor(129.1797),tensor(10019.0986),0,/workspace/models/redq/redq_0_stage_9
2026-05-17T19:57:25,train,redq,9,redq_0_stage_9,1429,305318,120,1649.4222185611725,1,SUCCESS,1,0,0,9.105432803999975,3.070878744125366,305318,tensor(134.5824),tensor(9668.5088),0,/workspace/models/redq/redq_0_stage_9
2026-05-17T19:57:29,train,redq,9,redq_0_stage_9,1430,305353,35,-2547.632055044174,2,COLL_WALL,0,0,0,2.58145268699991,0.6247427463531494,305353,tensor(124.1999),tensor(12087.2812),0,/workspace/models/redq/redq_0_stage_9
2026-05-17T19:57:46,train,redq,9,redq_0_stage_9,1431,305576,223,1261.980422526598,1,SUCCESS,1,0,0,16.400634523999543,3.8533527851104736,305576,tensor(126.1338),tensor(11320.8057),0,/workspace/models/redq/redq_0_stage_9
2026-05-17T19:57:56,train,redq,9,redq_0_stage_9,1432,305688,112,-2584.547080516815,2,COLL_WALL,0,0,0,8.578913082999861,1.541274070739746,305688,tensor(121.8059),tensor(11595.6777),0,/workspace/models/redq/redq_0_stage_9
2026-05-17T19:58:16,train,redq,9,redq_0_stage_9,1433,305952,264,1087.6619611382484,1,SUCCESS,1,0,0,20.065803133999907,5.2858052253723145,305952,tensor(131.7894),tensor(10626.0537),0,/workspace/models/redq/redq_0_stage_9
2026-05-17T19:58:21,train,redq,9,redq_0_stage_9,1434,305995,43,-2330.0534663796425,2,COLL_WALL,0,0,0,3.388208981000389,0.4447149634361267,305995,tensor(141.2517),tensor(8957.9189),0,/workspace/models/redq/redq_0_stage_9
2026-05-17T19:58:25,train,redq,9,redq_0_stage_9,1435,306040,45,-2534.7223180532455,2,COLL_WALL,0,0,0,3.4601802209999732,2.8020851612091064,306040,tensor(141.8871),tensor(11973.7305),0,/workspace/models/redq/redq_0_stage_9
2026-05-17T19:58:58,train,redq,9,redq_0_stage_9,1436,306440,400,-19.220407158136368,1,SUCCESS,1,0,0,31.382166485999733,4.004269123077393,306440,tensor(129.1699),tensor(9709.2979),0,/workspace/models/redq/redq_0_stage_9
2026-05-17T19:59:24,train,redq,9,redq_0_stage_9,1437,306741,301,1379.0736951231956,1,SUCCESS,1,0,0,23.589974475000417,4.150465488433838,306741,tensor(121.6491),tensor(10724.9658),0,/workspace/models/redq/redq_0_stage_9
2026-05-17T19:59:40,train,redq,9,redq_0_stage_9,1438,306944,203,-3008.707796573639,2,COLL_WALL,0,0,0,15.696074931000112,2.0252606868743896,306944,tensor(121.2857),tensor(10193.0752),0,/workspace/models/redq/redq_0_stage_9
2026-05-17T19:59:43,train,redq,9,redq_0_stage_9,1439,306974,30,-2568.312517762184,2,COLL_WALL,0,0,0,2.346213273000103,1.477851152420044,306974,tensor(163.5026),tensor(8518.9424),0,/workspace/models/redq/redq_0_stage_9
2026-05-17T19:59:46,train,redq,9,redq_0_stage_9,1440,307004,30,-2341.6633158922195,2,COLL_WALL,0,0,0,2.4294082019996495,0.002051666146144271,307004,tensor(96.5337),tensor(11323.9639),0,/workspace/models/redq/redq_0_stage_9
2026-05-17T20:00:03,train,redq,9,redq_0_stage_9,1441,307197,193,1405.2965092658997,1,SUCCESS,1,0,0,15.197768902999996,2.2711079120635986,307197,tensor(127.5216),tensor(9796.3584),0,/workspace/models/redq/redq_0_stage_9
2026-05-17T20:00:19,train,redq,9,redq_0_stage_9,1442,307404,207,572.7703303098679,1,SUCCESS,1,0,0,15.87309674900007,2.305105209350586,307404,tensor(119.1512),tensor(9413.4375),0,/workspace/models/redq/redq_0_stage_9
2026-05-17T20:00:48,train,redq,9,redq_0_stage_9,1443,307761,357,-3593.864865720272,2,COLL_WALL,0,0,0,27.1021573779999,4.237026214599609,307761,tensor(118.4999),tensor(9740.6025),0,/workspace/models/redq/redq_0_stage_9
2026-05-17T20:00:54,train,redq,9,redq_0_stage_9,1444,307829,68,-2690.142995119095,2,COLL_WALL,0,0,0,5.170403308999994,2.967385768890381,307829,tensor(129.9444),tensor(9764.8047),0,/workspace/models/redq/redq_0_stage_9
2026-05-17T20:01:16,train,redq,9,redq_0_stage_9,1445,308103,274,988.8779191672802,1,SUCCESS,1,0,0,21.016995336000036,3.6201229095458984,308103,tensor(126.4241),tensor(9970.7139),0,/workspace/models/redq/redq_0_stage_9
2026-05-17T20:01:32,train,redq,9,redq_0_stage_9,1446,308295,192,1837.4698627889156,1,SUCCESS,1,0,0,14.329529491000358,2.5977184772491455,308295,tensor(122.9285),tensor(9343.4453),0,/workspace/models/redq/redq_0_stage_9
2026-05-17T20:02:03,train,redq,9,redq_0_stage_9,1447,308674,379,1380.295263826847,1,SUCCESS,1,0,0,29.037299483000425,4.245075702667236,308674,tensor(114.7891),tensor(10555.5664),0,/workspace/models/redq/redq_0_stage_9
2026-05-17T20:02:43,train,redq,9,redq_0_stage_9,1448,309176,502,107.93339106440544,1,SUCCESS,1,0,0,38.05538124800023,5.928998947143555,309176,tensor(112.7551),tensor(10539.0439),0,/workspace/models/redq/redq_0_stage_9
2026-05-17T20:02:47,train,redq,9,redq_0_stage_9,1449,309227,51,-2338.266823410988,2,COLL_WALL,0,0,0,3.8475230869998995,0.750446617603302,309227,tensor(109.0643),tensor(10213.3623),0,/workspace/models/redq/redq_0_stage_9
2026-05-17T20:02:59,train,redq,9,redq_0_stage_9,1450,309360,133,-2983.4065560102463,2,COLL_WALL,0,0,0,10.366728078000051,3.7174198627471924,309360,tensor(110.7210),tensor(9772.2656),0,/workspace/models/redq/redq_0_stage_9
2026-05-17T20:03:16,train,redq,9,redq_0_stage_9,1451,309565,205,1503.7518345415592,1,SUCCESS,1,0,0,15.695315192000635,3.1438653469085693,309565,tensor(119.0534),tensor(10364.7764),0,/workspace/models/redq/redq_0_stage_9
2026-05-17T20:03:19,train,redq,9,redq_0_stage_9,1452,309601,36,-2321.77215051651,2,COLL_WALL,0,0,0,2.8082479360000434,0.4135895371437073,309601,tensor(96.9287),tensor(10847.4521),0,/workspace/models/redq/redq_0_stage_9
2026-05-17T20:03:28,train,redq,9,redq_0_stage_9,1453,309708,107,-2672.022258758545,2,COLL_WALL,0,0,0,8.224954197000443,3.0927438735961914,309708,tensor(109.7020),tensor(11423.3516),0,/workspace/models/redq/redq_0_stage_9
2026-05-17T20:03:54,train,redq,9,redq_0_stage_9,1454,310025,317,-4334.783647298813,2,COLL_WALL,0,0,0,24.216255308000655,3.8438620567321777,310025,tensor(117.3656),tensor(10042.1582),0,/workspace/models/redq/redq_0_stage_9
2026-05-17T20:04:04,train,redq,9,redq_0_stage_9,1455,310133,108,2004.4337342977524,1,SUCCESS,1,0,0,8.189461209000001,4.201854228973389,310133,tensor(115.7353),tensor(10246.7021),0,/workspace/models/redq/redq_0_stage_9
2026-05-17T20:04:40,train,redq,9,redq_0_stage_9,1456,310586,453,750.9553659856319,1,SUCCESS,1,0,0,34.4153905130006,4.55686616897583,310586,tensor(117.5068),tensor(11496.4482),0,/workspace/models/redq/redq_0_stage_9
2026-05-17T20:04:46,train,redq,9,redq_0_stage_9,1457,310660,74,-2687.5696873664856,2,COLL_WALL,0,0,0,5.668874965000214,0.7732651829719543,310660,tensor(116.3709),tensor(10396.3652),0,/workspace/models/redq/redq_0_stage_9
2026-05-17T20:04:53,train,redq,9,redq_0_stage_9,1458,310750,90,-2524.190201163292,2,COLL_WALL,0,0,0,6.768305471000531,3.1944808959960938,310750,tensor(124.2790),tensor(12539.3818),0,/workspace/models/redq/redq_0_stage_9
2026-05-17T20:05:11,train,redq,9,redq_0_stage_9,1459,310958,208,-3377.798809528351,2,COLL_WALL,0,0,0,15.77885749699999,1.7654139995574951,310958,tensor(126.1822),tensor(10695.7402),0,/workspace/models/redq/redq_0_stage_9
2026-05-17T20:05:28,train,redq,9,redq_0_stage_9,1460,311176,218,1473.0380992293358,1,SUCCESS,1,0,0,16.544214049999937,2.5168066024780273,311176,tensor(120.2888),tensor(9864.3975),0,/workspace/models/redq/redq_0_stage_9
2026-05-17T20:06:12,train,redq,9,redq_0_stage_9,1461,311708,532,-3399.2629392445087,4,TIMEOUT,0,0,1,41.06407502999991,5.964152812957764,311708,tensor(123.4622),tensor(10634.9873),0,/workspace/models/redq/redq_0_stage_9
2026-05-17T20:06:41,train,redq,9,redq_0_stage_9,1462,312063,355,-320.79004496335983,1,SUCCESS,1,0,0,26.96973513699959,5.3989129066467285,312063,tensor(122.4715),tensor(10375.1455),0,/workspace/models/redq/redq_0_stage_9
2026-05-17T20:06:51,train,redq,9,redq_0_stage_9,1463,312191,128,1644.7630930542946,1,SUCCESS,1,0,0,9.72511563199987,1.5460457801818848,312191,tensor(114.5524),tensor(11153.7461),0,/workspace/models/redq/redq_0_stage_9
2026-05-17T20:06:59,train,redq,9,redq_0_stage_9,1464,312287,96,2141.2324967086315,1,SUCCESS,1,0,0,7.258418595999501,1.4177030324935913,312287,tensor(107.8041),tensor(12607.4854),0,/workspace/models/redq/redq_0_stage_9
2026-05-17T20:07:11,train,redq,9,redq_0_stage_9,1465,312422,135,-2678.250222682953,2,COLL_WALL,0,0,0,10.454200014999515,1.2134931087493896,312422,tensor(121.8570),tensor(10085.7080),0,/workspace/models/redq/redq_0_stage_9
2026-05-17T20:07:29,train,redq,9,redq_0_stage_9,1466,312656,234,994.4129106104374,1,SUCCESS,1,0,0,17.85919419899983,3.700090169906616,312656,tensor(121.2504),tensor(9378.6611),0,/workspace/models/redq/redq_0_stage_9
2026-05-17T20:07:55,train,redq,9,redq_0_stage_9,1467,312971,315,-3227.529268145561,2,COLL_WALL,0,0,0,24.02271770399966,3.62190842628479,312971,tensor(112.7907),tensor(10994.3662),0,/workspace/models/redq/redq_0_stage_9
2026-05-17T20:08:05,train,redq,9,redq_0_stage_9,1468,313089,118,2052.7954179644585,1,SUCCESS,1,0,0,9.028908610999679,4.13964319229126,313089,tensor(101.8403),tensor(9640.6465),0,/workspace/models/redq/redq_0_stage_9
2026-05-17T20:08:28,train,redq,9,redq_0_stage_9,1469,313368,279,-4560.513079166412,2,COLL_WALL,0,0,0,21.435761670999455,2.585476875305176,313368,tensor(112.9818),tensor(9780.9189),0,/workspace/models/redq/redq_0_stage_9
2026-05-17T20:08:38,train,redq,9,redq_0_stage_9,1470,313485,117,-2601.39855158329,2,COLL_WALL,0,0,0,8.882763155999783,2.5916707515716553,313485,tensor(115.1770),tensor(9856.3018),0,/workspace/models/redq/redq_0_stage_9
2026-05-17T20:08:51,train,redq,9,redq_0_stage_9,1471,313628,143,1796.8126020729542,1,SUCCESS,1,0,0,11.256766196000171,3.0366852283477783,313628,tensor(121.6832),tensor(9319.7969),0,/workspace/models/redq/redq_0_stage_9
2026-05-17T20:09:01,train,redq,9,redq_0_stage_9,1472,313751,123,-2738.7828022241592,2,COLL_WALL,0,0,0,9.696555710000212,1.362567663192749,313751,tensor(119.5488),tensor(10774.6777),0,/workspace/models/redq/redq_0_stage_9
2026-05-17T20:09:11,train,redq,9,redq_0_stage_9,1473,313891,140,1947.8493456840515,1,SUCCESS,1,0,0,9.499741470999652,2.9357199668884277,313891,tensor(120.7394),tensor(8966.2646),0,/workspace/models/redq/redq_0_stage_9
2026-05-17T20:09:50,train,redq,9,redq_0_stage_9,1474,314445,554,-1206.3689607977867,1,SUCCESS,1,0,0,36.23824704599974,5.529446125030518,314445,tensor(115.8083),tensor(10204.9707),0,/workspace/models/redq/redq_0_stage_9
2026-05-17T20:10:32,train,redq,9,redq_0_stage_9,1475,315033,588,-2564.416445016861,4,TIMEOUT,0,0,1,40.164197830000376,4.9263787269592285,315033,tensor(113.0008),tensor(10484.4932),0,/workspace/models/redq/redq_0_stage_9
2026-05-17T20:10:45,train,redq,9,redq_0_stage_9,1476,315228,195,1340.38907456398,1,SUCCESS,1,0,0,13.127107551000336,2.9328291416168213,315228,tensor(108.2354),tensor(9496.5645),0,/workspace/models/redq/redq_0_stage_9
2026-05-17T20:11:10,train,redq,9,redq_0_stage_9,1477,315615,387,-3806.411251783371,2,COLL_WALL,0,0,0,23.105675222000173,2.8018524646759033,315615,tensor(116.8161),tensor(10853.2471),0,/workspace/models/redq/redq_0_stage_9
2026-05-17T20:11:32,train,redq,9,redq_0_stage_9,1478,315935,320,-4332.744588077068,2,COLL_WALL,0,0,0,19.742932436000046,4.189874649047852,315935,tensor(111.0691),tensor(10542.1270),0,/workspace/models/redq/redq_0_stage_9
2026-05-17T20:11:56,train,redq,9,redq_0_stage_9,1479,316310,375,247.03635877370834,1,SUCCESS,1,0,0,22.38722321899968,5.48966646194458,316310,tensor(108.0727),tensor(10813.8574),0,/workspace/models/redq/redq_0_stage_9
2026-05-17T20:12:23,train,redq,9,redq_0_stage_9,1480,316696,386,-5412.773493647575,2,COLL_WALL,0,0,0,24.87950020000062,3.3013973236083984,316696,tensor(112.9560),tensor(11172.7529),0,/workspace/models/redq/redq_0_stage_9
2026-05-17T20:12:26,train,redq,9,redq_0_stage_9,1481,316726,30,-2218.070130109787,2,COLL_WALL,0,0,0,2.1906671870001446,0.5107198357582092,316726,tensor(108.9013),tensor(11300.0762),0,/workspace/models/redq/redq_0_stage_9
2026-05-17T20:12:41,train,redq,9,redq_0_stage_9,1482,316967,241,1502.40774589777,1,SUCCESS,1,0,0,14.47309970400056,2.2896358966827393,316967,tensor(117.0857),tensor(8913.0449),0,/workspace/models/redq/redq_0_stage_9
2026-05-17T20:13:09,train,redq,9,redq_0_stage_9,1483,317380,413,288.56272184848785,1,SUCCESS,1,0,0,26.66497541300032,3.8752853870391846,317380,tensor(110.5112),tensor(10385.1465),0,/workspace/models/redq/redq_0_stage_9
2026-05-17T20:13:20,train,redq,9,redq_0_stage_9,1484,317558,178,2006.38279530406,1,SUCCESS,1,0,0,10.513411296000413,2.2892634868621826,317558,tensor(111.5709),tensor(11208.0635),0,/workspace/models/redq/redq_0_stage_9
2026-05-17T20:13:28,train,redq,9,redq_0_stage_9,1485,317653,95,2228.634439945221,1,SUCCESS,1,0,0,6.456301727999744,1.0338994264602661,317653,tensor(97.3983),tensor(8984.0781),0,/workspace/models/redq/redq_0_stage_9
2026-05-17T20:13:42,train,redq,9,redq_0_stage_9,1486,317895,242,-3356.206478238106,2,COLL_WALL,0,0,0,13.510189663999881,2.1020936965942383,317895,tensor(105.4991),tensor(10022.3213),0,/workspace/models/redq/redq_0_stage_9
2026-05-17T20:14:01,train,redq,9,redq_0_stage_9,1487,318211,316,-4388.150571942329,2,COLL_WALL,0,0,0,17.64659417799976,4.226750373840332,318211,tensor(114.0103),tensor(9875.9150),0,/workspace/models/redq/redq_0_stage_9
2026-05-17T20:14:22,train,redq,9,redq_0_stage_9,1488,318546,335,808.0966318249702,1,SUCCESS,1,0,0,20.451910434999263,4.389127254486084,318546,tensor(111.4464),tensor(10198.4766),0,/workspace/models/redq/redq_0_stage_9
2026-05-17T20:14:35,train,redq,9,redq_0_stage_9,1489,318714,168,1941.6457586884499,1,SUCCESS,1,0,0,11.113369428000624,2.11968994140625,318714,tensor(107.7416),tensor(10924.0801),0,/workspace/models/redq/redq_0_stage_9
2026-05-17T20:14:49,train,redq,9,redq_0_stage_9,1490,318908,194,1970.2960044443607,1,SUCCESS,1,0,0,12.950716053999713,2.361194372177124,318908,tensor(111.5508),tensor(9973.7998),0,/workspace/models/redq/redq_0_stage_9
2026-05-17T20:15:20,train,redq,9,redq_0_stage_9,1491,319411,503,806.9532357156277,1,SUCCESS,1,0,0,29.19034793800074,4.819601535797119,319411,tensor(115.2923),tensor(9634.6934),0,/workspace/models/redq/redq_0_stage_9
2026-05-17T20:15:23,train,redq,9,redq_0_stage_9,1492,319442,31,-2397.4787151813507,2,COLL_WALL,0,0,0,2.668218308000178,0.12622623145580292,319442,tensor(123.5314),tensor(10045.1211),0,/workspace/models/redq/redq_0_stage_9
2026-05-17T20:15:34,train,redq,9,redq_0_stage_9,1493,319567,125,1835.239307641983,1,SUCCESS,1,0,0,9.584358910999981,2.752894878387451,319567,tensor(110.3118),tensor(8990.4355),0,/workspace/models/redq/redq_0_stage_9
2026-05-17T20:15:50,train,redq,9,redq_0_stage_9,1494,319802,235,1535.4144468903542,1,SUCCESS,1,0,0,14.99559879499975,2.2748465538024902,319802,tensor(109.1175),tensor(9263.8438),0,/workspace/models/redq/redq_0_stage_9
2026-05-17T20:16:04,train,redq,9,redq_0_stage_9,1495,319960,158,1982.7354746460915,1,SUCCESS,1,0,0,12.194300610000028,1.8968392610549927,319960,tensor(102.9429),tensor(9477.2021),0,/workspace/models/redq/redq_0_stage_9
2026-05-17T20:16:38,train,redq,9,redq_0_stage_9,1496,320383,423,1014.0246444344521,1,SUCCESS,1,0,0,32.516362127999855,5.584900856018066,320383,tensor(113.9480),tensor(9921.2822),0,/workspace/models/redq/redq_0_stage_9
2026-05-17T20:17:02,train,redq,9,redq_0_stage_9,1497,320676,293,-4059.2915078401566,2,COLL_WALL,0,0,0,22.623181695000312,3.0167338848114014,320676,tensor(106.5342),tensor(9713.1348),0,/workspace/models/redq/redq_0_stage_9
2026-05-17T20:17:20,train,redq,9,redq_0_stage_9,1498,320907,231,858.5314132869244,1,SUCCESS,1,0,0,17.58814888699999,3.8510375022888184,320907,tensor(108.6942),tensor(9583.5605),0,/workspace/models/redq/redq_0_stage_9
2026-05-17T20:17:57,train,redq,9,redq_0_stage_9,1499,321363,456,-5512.078788399696,2,COLL_WALL,0,0,0,35.38890802199967,4.383565902709961,321363,tensor(115.7272),tensor(10673.7539),0,/workspace/models/redq/redq_0_stage_9
2026-05-17T20:18:29,train,redq,9,redq_0_stage_9,1500,321693,330,1150.3413365483284,1,SUCCESS,1,0,0,25.77502367499983,4.677288055419922,321693,tensor(108.5981),tensor(10062.8867),1,/workspace/models/redq/redq_0_stage_9
